2026-06-06 07:01:38,371 | INFO | __main__ | Initialisation de la base de données
2026-06-06 07:01:38,739 | INFO | __main__ | Démarrage du pipeline de construction des données
2026-06-06 07:01:38,740 | INFO | __main__ | === 1. Création du fichier de merge des données initiales nettoyées ===
2026-06-06 07:01:42,635 | INFO | scripts.create_output | Le fichier data\processed\merged_data.csv a ete cree avec succes.
2026-06-06 07:01:42,648 | INFO | __main__ | === 2. Récupération des données géographiques grâce aux numéros Sirene ===
2026-06-06 07:01:42,798 | INFO | scripts.sirene_enricher | 379 SIRETs uniques a enrichir.
2026-06-06 07:01:42,799 | INFO | scripts.sirene_enricher | 379 SIRETs restants.
2026-06-06 07:14:44,726 | INFO | scripts.sirene_enricher | Termine. Resultat : data\processed\organismes_enriched.csv
2026-06-06 07:14:44,729 | INFO | __main__ | === 3. Enrichissement des formations avec les données géographiques ===
2026-06-06 07:14:44,886 | INFO | scripts.formations_enricher | formations_enriched : 5,167 lignes (region: 100.0%, modalite: 99.9%)
2026-06-06 07:14:44,886 | INFO | __main__ | === 4. Import des formations enrichies dans la base ===
2026-06-06 07:14:45,069 | INFO | scripts.import_formations_enriched | Import de la formation : Manager de projets informatiques (SIRET: 81540720000022)
2026-06-06 07:14:45,071 | INFO | scripts.import_formations_enriched |   - Ajout du flux mensuel : (2026, 2)
2026-06-06 07:14:45,079 | INFO | scripts.import_formations_enriched |   - Ajout du code ROME : M1803
2026-06-06 07:14:45,081 | INFO | scripts.import_formations_enriched |   - Ajout du code ROME : M1806
2026-06-06 07:14:45,082 | INFO | scripts.import_formations_enriched |   - Ajout du flux mensuel : (2024, 11)
2026-06-06 07:14:45,083 | INFO | scripts.import_formations_enriched |   - Ajout du flux mensuel : (2025, 3)
2026-06-06 07:14:45,083 | INFO | scripts.import_formations_enriched |   - Ajout du flux mensuel : (2025, 2)
2026-06-06 07:14:45,084 | INFO | scripts.import_formations_enriched |   - Ajout du flux mensuel : (2025, 4)
2026-06-06 07:14:45,085 | INFO | scripts.import_formations_enriched |   - Ajout du flux mensuel : (2025, 5)
2026-06-06 07:14:45,086 | INFO | scripts.import_formations_enriched |   - Ajout du flux mensuel : (2025, 10)
2026-06-06 07:14:45,087 | INFO | scripts.import_formations_enriched |   - Ajout du flux mensuel : (2026, 1)
2026-06-06 07:14:45,088 | INFO | scripts.import_formations_enriched |   - Ajout du flux mensuel : (2026, 3)
2026-06-06 07:14:45,088 | INFO | scripts.import_formations_enriched |   - Ajout du flux mensuel : (2024, 12)
2026-06-06 07:14:45,089 | INFO | scripts.import_formations_enriched |   - Ajout du flux mensuel : (2024, 10)
2026-06-06 07:14:45,089 | INFO | scripts.import_formations_enriched |   - Ajout du flux mensuel : (2024, 6)
2026-06-06 07:14:45,090 | INFO | scripts.import_formations_enriched |   - Ajout du flux mensuel : (2025, 9)
2026-06-06 07:14:45,091 | INFO | scripts.import_formations_enriched |   - Ajout du flux mensuel : (2026, 4)
2026-06-06 07:14:45,092 | INFO | scripts.import_formations_enriched |   - Ajout du flux mensuel : (2025, 1)
2026-06-06 07:14:45,092 | INFO | scripts.import_formations_enriched |   - Ajout du flux mensuel : (2025, 7)
2026-06-06 07:14:45,093 | INFO | scripts.import_formations_enriched |   - Ajout du flux mensuel : (2025, 6)
2026-06-06 07:14:45,127 | INFO | scripts.import_formations_enriched | Import de la formation : TP Développeur web et web mobile (SIRET: 18640005700078)
2026-06-06 07:14:45,128 | INFO | scripts.import_formations_enriched |   - Ajout du flux mensuel : (2024, 10)
2026-06-06 07:14:45,130 | INFO | scripts.import_formations_enriched |   - Ajout du code ROME : M1805
2026-06-06 07:14:45,131 | INFO | scripts.import_formations_enriched |   - Ajout du flux mensuel : (2024, 11)
2026-06-06 07:14:45,146 | INFO | scripts.import_formations_enriched | Import de la formation : MASTER Réseaux et télécommunication (fiche nationale) (SIRET: 19730858800015)
2026-06-06 07:14:45,148 | INFO | scripts.import_formations_enriched |   - Ajout du flux mensuel : (2025, 10)
2026-06-06 07:14:45,150 | INFO | scripts.import_formations_enriched |   - Ajout du code ROME : H1206
2026-06-06 07:14:45,153 | INFO | scripts.import_formations_enriched |   - Ajout du code ROME : H2502
2026-06-06 07:14:45,156 | INFO | scripts.import_formations_enriched |   - Ajout du code ROME : M1801
2026-06-06 07:14:45,159 | INFO | scripts.import_formations_enriched |   - Ajout du code ROME : M1802
2026-06-06 07:14:45,161 | INFO | scripts.import_formations_enriched |   - Ajout du code ROME : M1804
2026-06-06 07:14:45,174 | INFO | scripts.import_formations_enriched | Import de la formation : Data analyst (SIRET: 49386136300080)
2026-06-06 07:14:45,175 | INFO | scripts.import_formations_enriched |   - Ajout du flux mensuel : (2024, 4)
2026-06-06 07:14:45,178 | INFO | scripts.import_formations_enriched |   - Ajout du code ROME : M1403
2026-06-06 07:14:45,181 | INFO | scripts.import_formations_enriched |   - Ajout du code ROME : M1805
2026-06-06 07:14:45,182 | INFO | scripts.import_formations_enriched |   - Ajout du flux mensuel : (2025, 7)
2026-06-06 07:14:45,183 | INFO | scripts.import_formations_enriched |   - Ajout du flux mensuel : (2025, 9)
2026-06-06 07:14:45,183 | INFO | scripts.import_formations_enriched |   - Ajout du flux mensuel : (2025, 1)
2026-06-06 07:14:45,184 | INFO | scripts.import_formations_enriched |   - Ajout du flux mensuel : (2023, 12)
2026-06-06 07:14:45,185 | INFO | scripts.import_formations_enriched |   - Ajout du flux mensuel : (2026, 2)
2026-06-06 07:14:45,185 | INFO | scripts.import_formations_enriched |   - Ajout du flux mensuel : (2026, 3)
2026-06-06 07:14:45,186 | INFO | scripts.import_formations_enriched |   - Ajout du flux mensuel : (2024, 10)
2026-06-06 07:14:45,187 | INFO | scripts.import_formations_enriched |   - Ajout du flux mensuel : (2025, 6)
2026-06-06 07:14:45,187 | INFO | scripts.import_formations_enriched |   - Ajout du flux mensuel : (2024, 7)
2026-06-06 07:14:45,188 | INFO | scripts.import_formations_enriched |   - Ajout du flux mensuel : (2025, 3)
2026-06-06 07:14:45,189 | INFO | scripts.import_formations_enriched |   - Ajout du flux mensuel : (2025, 11)
2026-06-06 07:14:45,189 | INFO | scripts.import_formations_enriched |   - Ajout du flux mensuel : (2023, 11)
2026-06-06 07:14:45,190 | INFO | scripts.import_formations_enriched |   - Ajout du flux mensuel : (2024, 1)
2026-06-06 07:14:45,191 | INFO | scripts.import_formations_enriched |   - Ajout du flux mensuel : (2024, 2)
2026-06-06 07:14:45,191 | INFO | scripts.import_formations_enriched |   - Ajout du flux mensuel : (2025, 4)
2026-06-06 07:14:45,192 | INFO | scripts.import_formations_enriched |   - Ajout du flux mensuel : (2024, 9)
2026-06-06 07:14:45,193 | INFO | scripts.import_formations_enriched |   - Ajout du flux mensuel : (2024, 5)
2026-06-06 07:14:45,193 | INFO | scripts.import_formations_enriched |   - Ajout du flux mensuel : (2025, 2)
2026-06-06 07:14:45,194 | INFO | scripts.import_formations_enriched |   - Ajout du flux mensuel : (2025, 12)
2026-06-06 07:14:45,195 | INFO | scripts.import_formations_enriched |   - Ajout du flux mensuel : (2024, 12)
2026-06-06 07:14:45,195 | INFO | scripts.import_formations_enriched |   - Ajout du flux mensuel : (2024, 11)
2026-06-06 07:14:45,196 | INFO | scripts.import_formations_enriched |   - Ajout du flux mensuel : (2024, 8)
2026-06-06 07:14:45,196 | INFO | scripts.import_formations_enriched |   - Ajout du flux mensuel : (2024, 6)
2026-06-06 07:14:45,197 | INFO | scripts.import_formations_enriched |   - Ajout du flux mensuel : (2024, 3)
2026-06-06 07:14:45,197 | INFO | scripts.import_formations_enriched |   - Ajout du flux mensuel : (2025, 8)
2026-06-06 07:14:45,198 | INFO | scripts.import_formations_enriched |   - Ajout du flux mensuel : (2025, 10)
2026-06-06 07:14:45,199 | INFO | scripts.import_formations_enriched |   - Ajout du flux mensuel : (2026, 1)
2026-06-06 07:14:45,199 | INFO | scripts.import_formations_enriched |   - Ajout du flux mensuel : (2025, 5)
2026-06-06 07:14:45,222 | INFO | scripts.import_formations_enriched | Import de la formation : TP Développeur web et web mobile (SIRET: 82806584700026)
2026-06-06 07:14:45,223 | INFO | scripts.import_formations_enriched |   - Ajout du flux mensuel : (2024, 11)
2026-06-06 07:14:45,228 | INFO | scripts.import_formations_enriched |   - Ajout du code ROME : M1805
2026-06-06 07:14:45,229 | INFO | scripts.import_formations_enriched |   - Ajout du flux mensuel : (2024, 5)
2026-06-06 07:14:45,229 | INFO | scripts.import_formations_enriched |   - Ajout du flux mensuel : (2024, 2)
2026-06-06 07:14:45,230 | INFO | scripts.import_formations_enriched |   - Ajout du flux mensuel : (2024, 7)
2026-06-06 07:14:45,231 | INFO | scripts.import_formations_enriched |   - Ajout du flux mensuel : (2024, 8)
2026-06-06 07:14:45,232 | INFO | scripts.import_formations_enriched |   - Ajout du flux mensuel : (2024, 10)
2026-06-06 07:14:45,233 | INFO | scripts.import_formations_enriched |   - Ajout du flux mensuel : (2024, 3)
2026-06-06 07:14:45,234 | INFO | scripts.import_formations_enriched |   - Ajout du flux mensuel : (2024, 4)
2026-06-06 07:14:45,235 | INFO | scripts.import_formations_enriched |   - Ajout du flux mensuel : (2024, 6)
2026-06-06 07:14:45,253 | INFO | scripts.import_formations_enriched | Import de la formation : Manager de projet intelligence artificielle (SIRET: 18009202500139)
2026-06-06 07:14:45,254 | INFO | scripts.import_formations_enriched |   - Ajout du flux mensuel : (2024, 12)
2026-06-06 07:14:45,258 | INFO | scripts.import_formations_enriched |   - Ajout du code ROME : M1803
2026-06-06 07:14:45,261 | INFO | scripts.import_formations_enriched |   - Ajout du code ROME : M1805
2026-06-06 07:14:45,264 | INFO | scripts.import_formations_enriched |   - Ajout du code ROME : M1806
2026-06-06 07:14:45,264 | INFO | scripts.import_formations_enriched |   - Ajout du flux mensuel : (2025, 10)
2026-06-06 07:14:45,280 | INFO | scripts.import_formations_enriched | Import de la formation : TP Concepteur développeur d'applications (SIRET: 89333944000040)
2026-06-06 07:14:45,281 | INFO | scripts.import_formations_enriched |   - Ajout du flux mensuel : (2024, 7)
2026-06-06 07:14:45,284 | INFO | scripts.import_formations_enriched |   - Ajout du code ROME : M1805
2026-06-06 07:14:45,285 | INFO | scripts.import_formations_enriched |   - Ajout du flux mensuel : (2024, 8)
2026-06-06 07:14:45,289 | INFO | scripts.import_formations_enriched |   - Ajout du flux mensuel : (2024, 4)
2026-06-06 07:14:45,292 | INFO | scripts.import_formations_enriched |   - Ajout du flux mensuel : (2025, 2)
2026-06-06 07:14:45,294 | INFO | scripts.import_formations_enriched |   - Ajout du flux mensuel : (2025, 3)
2026-06-06 07:14:45,295 | INFO | scripts.import_formations_enriched |   - Ajout du flux mensuel : (2025, 1)
2026-06-06 07:14:45,296 | INFO | scripts.import_formations_enriched |   - Ajout du flux mensuel : (2026, 3)
2026-06-06 07:14:45,324 | INFO | scripts.import_formations_enriched | Import de la formation : TP Concepteur développeur d'applications (SIRET: 81227101300045)
2026-06-06 07:14:45,326 | INFO | scripts.import_formations_enriched |   - Ajout du flux mensuel : (2025, 6)
2026-06-06 07:14:45,331 | INFO | scripts.import_formations_enriched |   - Ajout du code ROME : M1805
2026-06-06 07:14:45,332 | INFO | scripts.import_formations_enriched |   - Ajout du flux mensuel : (2024, 3)
2026-06-06 07:14:45,333 | INFO | scripts.import_formations_enriched |   - Ajout du flux mensuel : (2025, 9)
2026-06-06 07:14:45,335 | INFO | scripts.import_formations_enriched |   - Ajout du flux mensuel : (2024, 11)
2026-06-06 07:14:45,336 | INFO | scripts.import_formations_enriched |   - Ajout du flux mensuel : (2024, 9)
2026-06-06 07:14:45,340 | INFO | scripts.import_formations_enriched |   - Ajout du flux mensuel : (2024, 12)
2026-06-06 07:14:45,343 | INFO | scripts.import_formations_enriched |   - Ajout du flux mensuel : (2024, 10)
2026-06-06 07:14:45,345 | INFO | scripts.import_formations_enriched |   - Ajout du flux mensuel : (2024, 4)
2026-06-06 07:14:45,345 | INFO | scripts.import_formations_enriched |   - Ajout du flux mensuel : (2025, 3)
2026-06-06 07:14:45,364 | INFO | scripts.import_formations_enriched | Import de la formation : Manager en infrastructures et cybersécurité des systèmes d'information (SIRET: 34270750200130)
2026-06-06 07:14:45,365 | INFO | scripts.import_formations_enriched |   - Ajout du flux mensuel : (2026, 5)
2026-06-06 07:14:45,369 | INFO | scripts.import_formations_enriched |   - Ajout du code ROME : M1801
2026-06-06 07:14:45,373 | INFO | scripts.import_formations_enriched |   - Ajout du code ROME : M1802
2026-06-06 07:14:45,377 | INFO | scripts.import_formations_enriched |   - Ajout du code ROME : M1803
2026-06-06 07:14:45,381 | INFO | scripts.import_formations_enriched |   - Ajout du code ROME : M1804
2026-06-06 07:14:45,387 | INFO | scripts.import_formations_enriched |   - Ajout du code ROME : M1810
2026-06-06 07:14:45,388 | INFO | scripts.import_formations_enriched |   - Ajout du flux mensuel : (2024, 12)
2026-06-06 07:14:45,389 | INFO | scripts.import_formations_enriched |   - Ajout du flux mensuel : (2024, 5)
2026-06-06 07:14:45,391 | INFO | scripts.import_formations_enriched |   - Ajout du flux mensuel : (2025, 11)
2026-06-06 07:14:45,392 | INFO | scripts.import_formations_enriched |   - Ajout du flux mensuel : (2025, 12)
2026-06-06 07:14:45,394 | INFO | scripts.import_formations_enriched |   - Ajout du flux mensuel : (2025, 10)
2026-06-06 07:14:45,395 | INFO | scripts.import_formations_enriched |   - Ajout du flux mensuel : (2026, 1)
2026-06-06 07:14:45,418 | INFO | scripts.import_formations_enriched | Import de la formation : TP Développeur web et web mobile (SIRET: 91003733200012)
2026-06-06 07:14:45,420 | INFO | scripts.import_formations_enriched |   - Ajout du flux mensuel : (2024, 6)
2026-06-06 07:14:45,425 | INFO | scripts.import_formations_enriched |   - Ajout du code ROME : M1805
2026-06-06 07:14:45,427 | INFO | scripts.import_formations_enriched |   - Ajout du flux mensuel : (2024, 10)
2026-06-06 07:14:45,428 | INFO | scripts.import_formations_enriched |   - Ajout du flux mensuel : (2023, 12)
2026-06-06 07:14:45,430 | INFO | scripts.import_formations_enriched |   - Ajout du flux mensuel : (2023, 10)
2026-06-06 07:14:45,431 | INFO | scripts.import_formations_enriched |   - Ajout du flux mensuel : (2024, 3)
2026-06-06 07:14:45,432 | INFO | scripts.import_formations_enriched |   - Ajout du flux mensuel : (2024, 7)
2026-06-06 07:14:45,433 | INFO | scripts.import_formations_enriched |   - Ajout du flux mensuel : (2024, 4)
2026-06-06 07:14:45,434 | INFO | scripts.import_formations_enriched |   - Ajout du flux mensuel : (2023, 11)
2026-06-06 07:14:45,436 | INFO | scripts.import_formations_enriched |   - Ajout du flux mensuel : (2024, 9)
2026-06-06 07:14:45,567 | INFO | scripts.import_formations_enriched | Import de la formation : TP Concepteur développeur d'applications (SIRET: 39280706100024)
2026-06-06 07:14:45,569 | INFO | scripts.import_formations_enriched |   - Ajout du flux mensuel : (2026, 2)
2026-06-06 07:14:45,574 | INFO | scripts.import_formations_enriched |   - Ajout du code ROME : M1805
2026-06-06 07:14:45,576 | INFO | scripts.import_formations_enriched |   - Ajout du flux mensuel : (2025, 6)
2026-06-06 07:14:45,577 | INFO | scripts.import_formations_enriched |   - Ajout du flux mensuel : (2025, 1)
2026-06-06 07:14:45,579 | INFO | scripts.import_formations_enriched |   - Ajout du flux mensuel : (2024, 12)
2026-06-06 07:14:45,580 | INFO | scripts.import_formations_enriched |   - Ajout du flux mensuel : (2025, 11)
2026-06-06 07:14:45,581 | INFO | scripts.import_formations_enriched |   - Ajout du flux mensuel : (2026, 1)
2026-06-06 07:14:45,583 | INFO | scripts.import_formations_enriched |   - Ajout du flux mensuel : (2025, 2)
2026-06-06 07:14:45,584 | INFO | scripts.import_formations_enriched |   - Ajout du flux mensuel : (2025, 3)
2026-06-06 07:14:45,585 | INFO | scripts.import_formations_enriched |   - Ajout du flux mensuel : (2025, 12)
2026-06-06 07:14:45,587 | INFO | scripts.import_formations_enriched |   - Ajout du flux mensuel : (2025, 10)
2026-06-06 07:14:45,589 | INFO | scripts.import_formations_enriched |   - Ajout du flux mensuel : (2026, 3)
2026-06-06 07:14:45,591 | INFO | scripts.import_formations_enriched |   - Ajout du flux mensuel : (2024, 11)
2026-06-06 07:14:45,592 | INFO | scripts.import_formations_enriched |   - Ajout du flux mensuel : (2025, 7)
2026-06-06 07:14:45,593 | INFO | scripts.import_formations_enriched |   - Ajout du flux mensuel : (2025, 9)
2026-06-06 07:14:45,594 | INFO | scripts.import_formations_enriched |   - Ajout du flux mensuel : (2025, 8)
2026-06-06 07:14:45,596 | INFO | scripts.import_formations_enriched |   - Ajout du flux mensuel : (2025, 4)
2026-06-06 07:14:45,599 | INFO | scripts.import_formations_enriched |   - Ajout du flux mensuel : (2024, 10)
2026-06-06 07:14:45,601 | INFO | scripts.import_formations_enriched |   - Ajout du flux mensuel : (2026, 4)
2026-06-06 07:14:45,652 | INFO | scripts.import_formations_enriched | Import de la formation : TP Développeur web et web mobile (SIRET: 91354379900013)
2026-06-06 07:14:45,656 | INFO | scripts.import_formations_enriched |   - Ajout du flux mensuel : (2024, 3)
2026-06-06 07:14:45,665 | INFO | scripts.import_formations_enriched |   - Ajout du code ROME : M1805
2026-06-06 07:14:45,667 | INFO | scripts.import_formations_enriched |   - Ajout du flux mensuel : (2023, 12)
2026-06-06 07:14:45,676 | INFO | scripts.import_formations_enriched |   - Ajout du flux mensuel : (2023, 10)
2026-06-06 07:14:45,678 | INFO | scripts.import_formations_enriched |   - Ajout du flux mensuel : (2024, 2)
2026-06-06 07:14:45,680 | INFO | scripts.import_formations_enriched |   - Ajout du flux mensuel : (2024, 1)
2026-06-06 07:14:45,682 | INFO | scripts.import_formations_enriched |   - Ajout du flux mensuel : (2023, 11)
2026-06-06 07:14:45,732 | INFO | scripts.import_formations_enriched | Import de la formation : Concepteur développeur en intelligence artificielle et analyse big data (SIRET: 81478644800047)
2026-06-06 07:14:45,735 | INFO | scripts.import_formations_enriched |   - Ajout du flux mensuel : (2024, 7)
2026-06-06 07:14:45,742 | INFO | scripts.import_formations_enriched |   - Ajout du code ROME : M1403
2026-06-06 07:14:45,787 | INFO | scripts.import_formations_enriched |   - Ajout du code ROME : M1805
2026-06-06 07:14:45,790 | INFO | scripts.import_formations_enriched |   - Ajout du flux mensuel : (2024, 4)
2026-06-06 07:14:45,793 | INFO | scripts.import_formations_enriched |   - Ajout du flux mensuel : (2024, 5)
2026-06-06 07:14:45,794 | INFO | scripts.import_formations_enriched |   - Ajout du flux mensuel : (2024, 6)
2026-06-06 07:14:45,796 | INFO | scripts.import_formations_enriched |   - Ajout du flux mensuel : (2024, 10)
2026-06-06 07:14:45,798 | INFO | scripts.import_formations_enriched |   - Ajout du flux mensuel : (2024, 11)
2026-06-06 07:14:45,801 | INFO | scripts.import_formations_enriched |   - Ajout du flux mensuel : (2024, 8)
2026-06-06 07:14:45,810 | INFO | scripts.import_formations_enriched |   - Ajout du flux mensuel : (2024, 3)
2026-06-06 07:14:45,851 | INFO | scripts.import_formations_enriched | Import de la formation : Développeur informatique (SIRET: 49386136300080)
2026-06-06 07:14:45,856 | INFO | scripts.import_formations_enriched |   - Ajout du flux mensuel : (2024, 10)
2026-06-06 07:14:45,868 | INFO | scripts.import_formations_enriched |   - Ajout du code ROME : M1805
2026-06-06 07:14:45,870 | INFO | scripts.import_formations_enriched |   - Ajout du flux mensuel : (2024, 4)
2026-06-06 07:14:45,874 | INFO | scripts.import_formations_enriched |   - Ajout du flux mensuel : (2025, 3)
2026-06-06 07:14:45,877 | INFO | scripts.import_formations_enriched |   - Ajout du flux mensuel : (2024, 6)
2026-06-06 07:14:45,880 | INFO | scripts.import_formations_enriched |   - Ajout du flux mensuel : (2026, 2)
2026-06-06 07:14:45,883 | INFO | scripts.import_formations_enriched |   - Ajout du flux mensuel : (2025, 12)
2026-06-06 07:14:45,886 | INFO | scripts.import_formations_enriched |   - Ajout du flux mensuel : (2026, 3)
2026-06-06 07:14:45,890 | INFO | scripts.import_formations_enriched |   - Ajout du flux mensuel : (2025, 1)
2026-06-06 07:14:45,892 | INFO | scripts.import_formations_enriched |   - Ajout du flux mensuel : (2025, 8)
2026-06-06 07:14:45,896 | INFO | scripts.import_formations_enriched |   - Ajout du flux mensuel : (2025, 11)
2026-06-06 07:14:45,900 | INFO | scripts.import_formations_enriched |   - Ajout du flux mensuel : (2024, 2)
2026-06-06 07:14:45,919 | INFO | scripts.import_formations_enriched |   - Ajout du flux mensuel : (2023, 12)
2026-06-06 07:14:45,924 | INFO | scripts.import_formations_enriched |   - Ajout du flux mensuel : (2024, 7)
2026-06-06 07:14:45,926 | INFO | scripts.import_formations_enriched |   - Ajout du flux mensuel : (2025, 7)
2026-06-06 07:14:45,929 | INFO | scripts.import_formations_enriched |   - Ajout du flux mensuel : (2025, 6)
2026-06-06 07:14:45,931 | INFO | scripts.import_formations_enriched |   - Ajout du flux mensuel : (2025, 4)
2026-06-06 07:14:45,934 | INFO | scripts.import_formations_enriched |   - Ajout du flux mensuel : (2024, 11)
2026-06-06 07:14:45,937 | INFO | scripts.import_formations_enriched |   - Ajout du flux mensuel : (2025, 5)
2026-06-06 07:14:45,951 | INFO | scripts.import_formations_enriched |   - Ajout du flux mensuel : (2024, 3)
2026-06-06 07:14:45,961 | INFO | scripts.import_formations_enriched |   - Ajout du flux mensuel : (2024, 8)
2026-06-06 07:14:45,982 | INFO | scripts.import_formations_enriched |   - Ajout du flux mensuel : (2025, 10)
2026-06-06 07:14:46,008 | INFO | scripts.import_formations_enriched |   - Ajout du flux mensuel : (2024, 1)
2026-06-06 07:14:46,029 | INFO | scripts.import_formations_enriched |   - Ajout du flux mensuel : (2026, 1)
2026-06-06 07:14:46,103 | INFO | scripts.import_formations_enriched |   - Ajout du flux mensuel : (2025, 9)
2026-06-06 07:14:46,180 | INFO | scripts.import_formations_enriched |   - Ajout du flux mensuel : (2024, 12)
2026-06-06 07:14:46,249 | INFO | scripts.import_formations_enriched |   - Ajout du flux mensuel : (2024, 9)
2026-06-06 07:14:46,297 | INFO | scripts.import_formations_enriched |   - Ajout du flux mensuel : (2025, 2)
2026-06-06 07:14:46,326 | INFO | scripts.import_formations_enriched |   - Ajout du flux mensuel : (2024, 5)
2026-06-06 07:14:46,412 | INFO | scripts.import_formations_enriched | Import de la formation : TP Technicien supérieur systèmes et réseaux (SIRET: 82409268800178)
2026-06-06 07:14:46,416 | INFO | scripts.import_formations_enriched |   - Ajout du flux mensuel : (2026, 4)
2026-06-06 07:14:46,424 | INFO | scripts.import_formations_enriched |   - Ajout du code ROME : I1401
2026-06-06 07:14:46,435 | INFO | scripts.import_formations_enriched |   - Ajout du code ROME : M1810
2026-06-06 07:14:46,461 | INFO | scripts.import_formations_enriched |   - Ajout du flux mensuel : (2024, 10)
2026-06-06 07:14:46,500 | INFO | scripts.import_formations_enriched | Import de la formation : TP Administrateur système DevOps (SIRET: 53497556000028)
2026-06-06 07:14:46,507 | INFO | scripts.import_formations_enriched |   - Ajout du flux mensuel : (2023, 3)
2026-06-06 07:14:46,512 | INFO | scripts.import_formations_enriched |   - Ajout du code ROME : M1801
2026-06-06 07:14:46,517 | INFO | scripts.import_formations_enriched |   - Ajout du code ROME : M1802
2026-06-06 07:14:46,519 | INFO | scripts.import_formations_enriched |   - Ajout du flux mensuel : (2023, 5)
2026-06-06 07:14:46,523 | INFO | scripts.import_formations_enriched |   - Ajout du flux mensuel : (2023, 4)
2026-06-06 07:14:46,547 | INFO | scripts.import_formations_enriched |   - Ajout du flux mensuel : (2023, 12)
2026-06-06 07:14:46,560 | INFO | scripts.import_formations_enriched |   - Ajout du flux mensuel : (2022, 11)
2026-06-06 07:14:46,569 | INFO | scripts.import_formations_enriched |   - Ajout du flux mensuel : (2022, 9)
2026-06-06 07:14:46,586 | INFO | scripts.import_formations_enriched |   - Ajout du flux mensuel : (2023, 6)
2026-06-06 07:14:46,595 | INFO | scripts.import_formations_enriched |   - Ajout du flux mensuel : (2023, 7)
2026-06-06 07:14:46,604 | INFO | scripts.import_formations_enriched |   - Ajout du flux mensuel : (2024, 1)
2026-06-06 07:14:46,610 | INFO | scripts.import_formations_enriched |   - Ajout du flux mensuel : (2022, 10)
2026-06-06 07:14:46,621 | INFO | scripts.import_formations_enriched |   - Ajout du flux mensuel : (2023, 1)
2026-06-06 07:14:46,653 | INFO | scripts.import_formations_enriched | Import de la formation : MASTER Intelligence artificielle (fiche nationale) (SIRET: 13003051300019)
2026-06-06 07:14:46,668 | INFO | scripts.import_formations_enriched |   - Ajout du flux mensuel : (2026, 5)
2026-06-06 07:14:46,677 | INFO | scripts.import_formations_enriched |   - Ajout du code ROME : H1206
2026-06-06 07:14:46,691 | INFO | scripts.import_formations_enriched |   - Ajout du code ROME : M1802
2026-06-06 07:14:46,708 | INFO | scripts.import_formations_enriched |   - Ajout du code ROME : M1805
2026-06-06 07:14:46,736 | INFO | scripts.import_formations_enriched |   - Ajout du code ROME : M1806
2026-06-06 07:14:46,756 | INFO | scripts.import_formations_enriched |   - Ajout du code ROME : M1810
2026-06-06 07:14:46,787 | INFO | scripts.import_formations_enriched | Import de la formation : TP Administrateur système DevOps (SIRET: 81227101300045)
2026-06-06 07:14:46,796 | INFO | scripts.import_formations_enriched |   - Ajout du flux mensuel : (2025, 5)
2026-06-06 07:14:46,805 | INFO | scripts.import_formations_enriched |   - Ajout du code ROME : M1801
2026-06-06 07:14:46,820 | INFO | scripts.import_formations_enriched |   - Ajout du code ROME : M1802
2026-06-06 07:14:46,826 | INFO | scripts.import_formations_enriched |   - Ajout du flux mensuel : (2025, 6)
2026-06-06 07:14:46,833 | INFO | scripts.import_formations_enriched |   - Ajout du flux mensuel : (2026, 4)
2026-06-06 07:14:46,842 | INFO | scripts.import_formations_enriched |   - Ajout du flux mensuel : (2024, 6)
2026-06-06 07:14:46,850 | INFO | scripts.import_formations_enriched |   - Ajout du flux mensuel : (2024, 8)
2026-06-06 07:14:46,858 | INFO | scripts.import_formations_enriched |   - Ajout du flux mensuel : (2024, 4)
2026-06-06 07:14:46,881 | INFO | scripts.import_formations_enriched |   - Ajout du flux mensuel : (2024, 7)
2026-06-06 07:14:46,893 | INFO | scripts.import_formations_enriched |   - Ajout du flux mensuel : (2024, 12)
2026-06-06 07:14:46,906 | INFO | scripts.import_formations_enriched |   - Ajout du flux mensuel : (2026, 3)
2026-06-06 07:14:46,918 | INFO | scripts.import_formations_enriched |   - Ajout du flux mensuel : (2025, 12)
2026-06-06 07:14:46,927 | INFO | scripts.import_formations_enriched |   - Ajout du flux mensuel : (2025, 1)
2026-06-06 07:14:46,947 | INFO | scripts.import_formations_enriched |   - Ajout du flux mensuel : (2025, 9)
2026-06-06 07:14:46,951 | INFO | scripts.import_formations_enriched |   - Ajout du flux mensuel : (2025, 3)
2026-06-06 07:14:46,956 | INFO | scripts.import_formations_enriched |   - Ajout du flux mensuel : (2025, 11)
2026-06-06 07:14:46,958 | INFO | scripts.import_formations_enriched |   - Ajout du flux mensuel : (2024, 9)
2026-06-06 07:14:46,973 | INFO | scripts.import_formations_enriched |   - Ajout du flux mensuel : (2024, 10)
2026-06-06 07:14:46,984 | INFO | scripts.import_formations_enriched |   - Ajout du flux mensuel : (2026, 5)
2026-06-06 07:14:47,002 | INFO | scripts.import_formations_enriched |   - Ajout du flux mensuel : (2026, 2)
2026-06-06 07:14:47,049 | INFO | scripts.import_formations_enriched | Import de la formation : TP Administrateur système DevOps (SIRET: 91114836900018)
2026-06-06 07:14:47,057 | INFO | scripts.import_formations_enriched |   - Ajout du flux mensuel : (2024, 8)
2026-06-06 07:14:47,063 | INFO | scripts.import_formations_enriched |   - Ajout du code ROME : M1801
2026-06-06 07:14:47,068 | INFO | scripts.import_formations_enriched |   - Ajout du code ROME : M1802
2026-06-06 07:14:47,069 | INFO | scripts.import_formations_enriched |   - Ajout du flux mensuel : (2023, 7)
2026-06-06 07:14:47,072 | INFO | scripts.import_formations_enriched |   - Ajout du flux mensuel : (2025, 3)
2026-06-06 07:14:47,073 | INFO | scripts.import_formations_enriched |   - Ajout du flux mensuel : (2024, 3)
2026-06-06 07:14:47,076 | INFO | scripts.import_formations_enriched |   - Ajout du flux mensuel : (2025, 7)
2026-06-06 07:14:47,077 | INFO | scripts.import_formations_enriched |   - Ajout du flux mensuel : (2025, 1)
2026-06-06 07:14:47,104 | INFO | scripts.import_formations_enriched |   - Ajout du flux mensuel : (2025, 10)
2026-06-06 07:14:47,112 | INFO | scripts.import_formations_enriched |   - Ajout du flux mensuel : (2024, 4)
2026-06-06 07:14:47,119 | INFO | scripts.import_formations_enriched |   - Ajout du flux mensuel : (2024, 5)
2026-06-06 07:14:47,137 | INFO | scripts.import_formations_enriched |   - Ajout du flux mensuel : (2024, 2)
2026-06-06 07:14:47,166 | INFO | scripts.import_formations_enriched |   - Ajout du flux mensuel : (2022, 10)
2026-06-06 07:14:47,168 | INFO | scripts.import_formations_enriched |   - Ajout du flux mensuel : (2024, 9)
2026-06-06 07:14:47,185 | INFO | scripts.import_formations_enriched |   - Ajout du flux mensuel : (2024, 11)
2026-06-06 07:14:47,231 | INFO | scripts.import_formations_enriched |   - Ajout du flux mensuel : (2022, 11)
2026-06-06 07:14:47,241 | INFO | scripts.import_formations_enriched |   - Ajout du flux mensuel : (2026, 3)
2026-06-06 07:14:47,263 | INFO | scripts.import_formations_enriched |   - Ajout du flux mensuel : (2024, 1)
2026-06-06 07:14:47,281 | INFO | scripts.import_formations_enriched |   - Ajout du flux mensuel : (2023, 10)
2026-06-06 07:14:47,295 | INFO | scripts.import_formations_enriched |   - Ajout du flux mensuel : (2026, 5)
2026-06-06 07:14:47,340 | INFO | scripts.import_formations_enriched |   - Ajout du flux mensuel : (2025, 4)
2026-06-06 07:14:47,365 | INFO | scripts.import_formations_enriched |   - Ajout du flux mensuel : (2025, 9)
2026-06-06 07:14:47,380 | INFO | scripts.import_formations_enriched |   - Ajout du flux mensuel : (2023, 6)
2026-06-06 07:14:47,387 | INFO | scripts.import_formations_enriched |   - Ajout du flux mensuel : (2023, 12)
2026-06-06 07:14:47,400 | INFO | scripts.import_formations_enriched |   - Ajout du flux mensuel : (2024, 12)
2026-06-06 07:14:47,412 | INFO | scripts.import_formations_enriched |   - Ajout du flux mensuel : (2023, 4)
2026-06-06 07:14:47,417 | INFO | scripts.import_formations_enriched |   - Ajout du flux mensuel : (2024, 7)
2026-06-06 07:14:47,424 | INFO | scripts.import_formations_enriched |   - Ajout du flux mensuel : (2025, 2)
2026-06-06 07:14:47,434 | INFO | scripts.import_formations_enriched |   - Ajout du flux mensuel : (2023, 8)
2026-06-06 07:14:47,436 | INFO | scripts.import_formations_enriched |   - Ajout du flux mensuel : (2023, 1)
2026-06-06 07:14:47,450 | INFO | scripts.import_formations_enriched |   - Ajout du flux mensuel : (2022, 12)
2026-06-06 07:14:47,451 | INFO | scripts.import_formations_enriched |   - Ajout du flux mensuel : (2023, 3)
2026-06-06 07:14:47,457 | INFO | scripts.import_formations_enriched |   - Ajout du flux mensuel : (2023, 2)
2026-06-06 07:14:47,468 | INFO | scripts.import_formations_enriched |   - Ajout du flux mensuel : (2026, 1)
2026-06-06 07:14:47,483 | INFO | scripts.import_formations_enriched |   - Ajout du flux mensuel : (2023, 9)
2026-06-06 07:14:47,511 | INFO | scripts.import_formations_enriched |   - Ajout du flux mensuel : (2025, 8)
2026-06-06 07:14:47,517 | INFO | scripts.import_formations_enriched |   - Ajout du flux mensuel : (2025, 6)
2026-06-06 07:14:47,518 | INFO | scripts.import_formations_enriched |   - Ajout du flux mensuel : (2026, 4)
2026-06-06 07:14:47,533 | INFO | scripts.import_formations_enriched |   - Ajout du flux mensuel : (2026, 2)
2026-06-06 07:14:47,535 | INFO | scripts.import_formations_enriched |   - Ajout du flux mensuel : (2024, 10)
2026-06-06 07:14:47,535 | INFO | scripts.import_formations_enriched |   - Ajout du flux mensuel : (2025, 5)
2026-06-06 07:14:47,554 | INFO | scripts.import_formations_enriched |   - Ajout du flux mensuel : (2025, 11)
2026-06-06 07:14:47,555 | INFO | scripts.import_formations_enriched |   - Ajout du flux mensuel : (2024, 6)
2026-06-06 07:14:47,559 | INFO | scripts.import_formations_enriched |   - Ajout du flux mensuel : (2023, 5)
2026-06-06 07:14:47,566 | INFO | scripts.import_formations_enriched |   - Ajout du flux mensuel : (2025, 12)
2026-06-06 07:14:47,603 | INFO | scripts.import_formations_enriched | Import de la formation : Licence Professionnelle Activités juridiques : mandataire judiciaire à la protection des majeurs (fiche nationale) (SIRET: 19370800500478)
2026-06-06 07:14:47,605 | INFO | scripts.import_formations_enriched |   - Ajout du flux mensuel : (2025, 9)
2026-06-06 07:14:47,609 | INFO | scripts.import_formations_enriched |   - Ajout du code ROME : K1102
2026-06-06 07:14:47,622 | INFO | scripts.import_formations_enriched | Import de la formation : TP Installateur de réseaux de télécommunications en fibre optique (SIRET: 81454189200042)
2026-06-06 07:14:47,624 | INFO | scripts.import_formations_enriched |   - Ajout du flux mensuel : (2023, 12)
2026-06-06 07:14:47,631 | INFO | scripts.import_formations_enriched |   - Ajout du code ROME : F1605
2026-06-06 07:14:47,632 | INFO | scripts.import_formations_enriched |   - Ajout du flux mensuel : (2024, 4)
2026-06-06 07:14:47,633 | INFO | scripts.import_formations_enriched |   - Ajout du flux mensuel : (2024, 1)
2026-06-06 07:14:47,634 | INFO | scripts.import_formations_enriched |   - Ajout du flux mensuel : (2023, 10)
2026-06-06 07:14:47,635 | INFO | scripts.import_formations_enriched |   - Ajout du flux mensuel : (2023, 9)
2026-06-06 07:14:47,635 | INFO | scripts.import_formations_enriched |   - Ajout du flux mensuel : (2024, 3)
2026-06-06 07:14:47,636 | INFO | scripts.import_formations_enriched |   - Ajout du flux mensuel : (2023, 11)
2026-06-06 07:14:47,653 | INFO | scripts.import_formations_enriched | Import de la formation : TP Développeur web et web mobile (SIRET: 89333944000016)
2026-06-06 07:14:47,654 | INFO | scripts.import_formations_enriched |   - Ajout du flux mensuel : (2025, 8)
2026-06-06 07:14:47,658 | INFO | scripts.import_formations_enriched |   - Ajout du code ROME : M1805
2026-06-06 07:14:47,659 | INFO | scripts.import_formations_enriched |   - Ajout du flux mensuel : (2025, 6)
2026-06-06 07:14:47,660 | INFO | scripts.import_formations_enriched |   - Ajout du flux mensuel : (2025, 3)
2026-06-06 07:14:47,664 | INFO | scripts.import_formations_enriched |   - Ajout du flux mensuel : (2025, 11)
2026-06-06 07:14:47,665 | INFO | scripts.import_formations_enriched |   - Ajout du flux mensuel : (2024, 7)
2026-06-06 07:14:47,666 | INFO | scripts.import_formations_enriched |   - Ajout du flux mensuel : (2026, 3)
2026-06-06 07:14:47,667 | INFO | scripts.import_formations_enriched |   - Ajout du flux mensuel : (2024, 11)
2026-06-06 07:14:47,667 | INFO | scripts.import_formations_enriched |   - Ajout du flux mensuel : (2025, 7)
2026-06-06 07:14:47,668 | INFO | scripts.import_formations_enriched |   - Ajout du flux mensuel : (2025, 4)
2026-06-06 07:14:47,669 | INFO | scripts.import_formations_enriched |   - Ajout du flux mensuel : (2023, 12)
2026-06-06 07:14:47,670 | INFO | scripts.import_formations_enriched |   - Ajout du flux mensuel : (2024, 9)
2026-06-06 07:14:47,671 | INFO | scripts.import_formations_enriched |   - Ajout du flux mensuel : (2024, 3)
2026-06-06 07:14:47,693 | INFO | scripts.import_formations_enriched | Import de la formation : Coordinateur de projets informatiques (infrastructures cloud, applicatives ou data) (SIRET: 71205752000082)
2026-06-06 07:14:47,694 | INFO | scripts.import_formations_enriched |   - Ajout du flux mensuel : (2024, 11)
2026-06-06 07:14:47,698 | INFO | scripts.import_formations_enriched |   - Ajout du code ROME : M1801
2026-06-06 07:14:47,702 | INFO | scripts.import_formations_enriched |   - Ajout du code ROME : M1802
2026-06-06 07:14:47,707 | INFO | scripts.import_formations_enriched |   - Ajout du code ROME : M1803
2026-06-06 07:14:47,710 | INFO | scripts.import_formations_enriched |   - Ajout du code ROME : M1805
2026-06-06 07:14:47,715 | INFO | scripts.import_formations_enriched |   - Ajout du code ROME : M1806
2026-06-06 07:14:47,717 | INFO | scripts.import_formations_enriched |   - Ajout du flux mensuel : (2025, 10)
2026-06-06 07:14:47,718 | INFO | scripts.import_formations_enriched |   - Ajout du flux mensuel : (2025, 4)
2026-06-06 07:14:47,719 | INFO | scripts.import_formations_enriched |   - Ajout du flux mensuel : (2026, 4)
2026-06-06 07:14:47,721 | INFO | scripts.import_formations_enriched |   - Ajout du flux mensuel : (2024, 10)
2026-06-06 07:14:47,722 | INFO | scripts.import_formations_enriched |   - Ajout du flux mensuel : (2024, 4)
2026-06-06 07:14:47,723 | INFO | scripts.import_formations_enriched |   - Ajout du flux mensuel : (2026, 5)
2026-06-06 07:14:47,743 | INFO | scripts.import_formations_enriched | Import de la formation : TP Technicien supérieur systèmes et réseaux (SIRET: 79322566500017)
2026-06-06 07:14:47,744 | INFO | scripts.import_formations_enriched |   - Ajout du flux mensuel : (2025, 8)
2026-06-06 07:14:47,748 | INFO | scripts.import_formations_enriched |   - Ajout du code ROME : I1401
2026-06-06 07:14:47,752 | INFO | scripts.import_formations_enriched |   - Ajout du code ROME : M1810
2026-06-06 07:14:47,753 | INFO | scripts.import_formations_enriched |   - Ajout du flux mensuel : (2026, 4)
2026-06-06 07:14:47,754 | INFO | scripts.import_formations_enriched |   - Ajout du flux mensuel : (2026, 3)
2026-06-06 07:14:47,759 | INFO | scripts.import_formations_enriched |   - Ajout du flux mensuel : (2024, 5)
2026-06-06 07:14:47,760 | INFO | scripts.import_formations_enriched |   - Ajout du flux mensuel : (2024, 12)
2026-06-06 07:14:47,760 | INFO | scripts.import_formations_enriched |   - Ajout du flux mensuel : (2024, 3)
2026-06-06 07:14:47,761 | INFO | scripts.import_formations_enriched |   - Ajout du flux mensuel : (2025, 7)
2026-06-06 07:14:47,762 | INFO | scripts.import_formations_enriched |   - Ajout du flux mensuel : (2025, 9)
2026-06-06 07:14:47,762 | INFO | scripts.import_formations_enriched |   - Ajout du flux mensuel : (2026, 5)
2026-06-06 07:14:47,763 | INFO | scripts.import_formations_enriched |   - Ajout du flux mensuel : (2025, 3)
2026-06-06 07:14:47,764 | INFO | scripts.import_formations_enriched |   - Ajout du flux mensuel : (2025, 4)
2026-06-06 07:14:47,785 | INFO | scripts.import_formations_enriched | Import de la formation : TP Développeur web et web mobile (SIRET: 53018898600059)
2026-06-06 07:14:47,787 | INFO | scripts.import_formations_enriched |   - Ajout du flux mensuel : (2026, 3)
2026-06-06 07:14:47,790 | INFO | scripts.import_formations_enriched |   - Ajout du code ROME : M1805
2026-06-06 07:14:47,791 | INFO | scripts.import_formations_enriched |   - Ajout du flux mensuel : (2024, 3)
2026-06-06 07:14:47,793 | INFO | scripts.import_formations_enriched |   - Ajout du flux mensuel : (2026, 4)
2026-06-06 07:14:47,794 | INFO | scripts.import_formations_enriched |   - Ajout du flux mensuel : (2024, 6)
2026-06-06 07:14:47,796 | INFO | scripts.import_formations_enriched |   - Ajout du flux mensuel : (2024, 9)
2026-06-06 07:14:47,797 | INFO | scripts.import_formations_enriched |   - Ajout du flux mensuel : (2024, 8)
2026-06-06 07:14:47,798 | INFO | scripts.import_formations_enriched |   - Ajout du flux mensuel : (2024, 2)
2026-06-06 07:14:47,799 | INFO | scripts.import_formations_enriched |   - Ajout du flux mensuel : (2025, 1)
2026-06-06 07:14:47,800 | INFO | scripts.import_formations_enriched |   - Ajout du flux mensuel : (2025, 9)
2026-06-06 07:14:47,802 | INFO | scripts.import_formations_enriched |   - Ajout du flux mensuel : (2025, 8)
2026-06-06 07:14:47,803 | INFO | scripts.import_formations_enriched |   - Ajout du flux mensuel : (2024, 11)
2026-06-06 07:14:47,805 | INFO | scripts.import_formations_enriched |   - Ajout du flux mensuel : (2025, 12)
2026-06-06 07:14:47,805 | INFO | scripts.import_formations_enriched |   - Ajout du flux mensuel : (2026, 2)
2026-06-06 07:14:47,806 | INFO | scripts.import_formations_enriched |   - Ajout du flux mensuel : (2025, 5)
2026-06-06 07:14:47,808 | INFO | scripts.import_formations_enriched |   - Ajout du flux mensuel : (2025, 3)
2026-06-06 07:14:47,808 | INFO | scripts.import_formations_enriched |   - Ajout du flux mensuel : (2023, 11)
2026-06-06 07:14:47,809 | INFO | scripts.import_formations_enriched |   - Ajout du flux mensuel : (2025, 11)
2026-06-06 07:14:47,810 | INFO | scripts.import_formations_enriched |   - Ajout du flux mensuel : (2026, 1)
2026-06-06 07:14:47,812 | INFO | scripts.import_formations_enriched |   - Ajout du flux mensuel : (2023, 12)
2026-06-06 07:14:47,812 | INFO | scripts.import_formations_enriched |   - Ajout du flux mensuel : (2024, 10)
2026-06-06 07:14:47,813 | INFO | scripts.import_formations_enriched |   - Ajout du flux mensuel : (2024, 4)
2026-06-06 07:14:47,814 | INFO | scripts.import_formations_enriched |   - Ajout du flux mensuel : (2025, 6)
2026-06-06 07:14:47,814 | INFO | scripts.import_formations_enriched |   - Ajout du flux mensuel : (2024, 1)
2026-06-06 07:14:47,815 | INFO | scripts.import_formations_enriched |   - Ajout du flux mensuel : (2025, 7)
2026-06-06 07:14:47,815 | INFO | scripts.import_formations_enriched |   - Ajout du flux mensuel : (2024, 7)
2026-06-06 07:14:47,816 | INFO | scripts.import_formations_enriched |   - Ajout du flux mensuel : (2025, 10)
2026-06-06 07:14:47,817 | INFO | scripts.import_formations_enriched |   - Ajout du flux mensuel : (2025, 4)
2026-06-06 07:14:47,818 | INFO | scripts.import_formations_enriched |   - Ajout du flux mensuel : (2026, 5)
2026-06-06 07:14:47,820 | INFO | scripts.import_formations_enriched |   - Ajout du flux mensuel : (2023, 10)
2026-06-06 07:14:47,821 | INFO | scripts.import_formations_enriched |   - Ajout du flux mensuel : (2024, 12)
2026-06-06 07:14:47,821 | INFO | scripts.import_formations_enriched |   - Ajout du flux mensuel : (2025, 2)
2026-06-06 07:14:47,824 | INFO | scripts.import_formations_enriched |   - Ajout du flux mensuel : (2024, 5)
2026-06-06 07:14:47,839 | INFO | scripts.import_formations_enriched | Import de la formation : Concepteur développeur de solutions digitales (SIRET: 90477538400020)
2026-06-06 07:14:47,839 | INFO | scripts.import_formations_enriched |   - Ajout du flux mensuel : (2024, 9)
2026-06-06 07:14:47,841 | INFO | scripts.import_formations_enriched |   - Ajout du code ROME : M1802
2026-06-06 07:14:47,842 | INFO | scripts.import_formations_enriched |   - Ajout du code ROME : M1805
2026-06-06 07:14:47,843 | INFO | scripts.import_formations_enriched |   - Ajout du flux mensuel : (2024, 2)
2026-06-06 07:14:47,843 | INFO | scripts.import_formations_enriched |   - Ajout du flux mensuel : (2024, 6)
2026-06-06 07:14:47,844 | INFO | scripts.import_formations_enriched |   - Ajout du flux mensuel : (2024, 5)
2026-06-06 07:14:47,844 | INFO | scripts.import_formations_enriched |   - Ajout du flux mensuel : (2023, 11)
2026-06-06 07:14:47,845 | INFO | scripts.import_formations_enriched |   - Ajout du flux mensuel : (2024, 7)
2026-06-06 07:14:47,845 | INFO | scripts.import_formations_enriched |   - Ajout du flux mensuel : (2024, 3)
2026-06-06 07:14:47,846 | INFO | scripts.import_formations_enriched |   - Ajout du flux mensuel : (2024, 1)
2026-06-06 07:14:47,847 | INFO | scripts.import_formations_enriched |   - Ajout du flux mensuel : (2023, 9)
2026-06-06 07:14:47,847 | INFO | scripts.import_formations_enriched |   - Ajout du flux mensuel : (2024, 4)
2026-06-06 07:14:47,847 | INFO | scripts.import_formations_enriched |   - Ajout du flux mensuel : (2023, 10)
2026-06-06 07:14:47,874 | INFO | scripts.import_formations_enriched | Import de la formation : Expert en ingénierie de l'intelligence artificielle (SIRET: 83145006900024)
2026-06-06 07:14:47,877 | INFO | scripts.import_formations_enriched |   - Ajout du flux mensuel : (2026, 3)
2026-06-06 07:14:47,882 | INFO | scripts.import_formations_enriched |   - Ajout du code ROME : M1802
2026-06-06 07:14:47,887 | INFO | scripts.import_formations_enriched |   - Ajout du code ROME : M1803
2026-06-06 07:14:47,893 | INFO | scripts.import_formations_enriched |   - Ajout du code ROME : M1805
2026-06-06 07:14:47,897 | INFO | scripts.import_formations_enriched |   - Ajout du code ROME : M1810
2026-06-06 07:14:47,900 | INFO | scripts.import_formations_enriched |   - Ajout du flux mensuel : (2025, 11)
2026-06-06 07:14:47,901 | INFO | scripts.import_formations_enriched |   - Ajout du flux mensuel : (2026, 1)
2026-06-06 07:14:47,903 | INFO | scripts.import_formations_enriched |   - Ajout du flux mensuel : (2025, 3)
2026-06-06 07:14:47,904 | INFO | scripts.import_formations_enriched |   - Ajout du flux mensuel : (2025, 9)
2026-06-06 07:14:47,908 | INFO | scripts.import_formations_enriched |   - Ajout du flux mensuel : (2025, 7)
2026-06-06 07:14:47,911 | INFO | scripts.import_formations_enriched |   - Ajout du flux mensuel : (2025, 12)
2026-06-06 07:14:47,914 | INFO | scripts.import_formations_enriched |   - Ajout du flux mensuel : (2025, 10)
2026-06-06 07:14:47,915 | INFO | scripts.import_formations_enriched |   - Ajout du flux mensuel : (2025, 2)
2026-06-06 07:14:47,916 | INFO | scripts.import_formations_enriched |   - Ajout du flux mensuel : (2025, 6)
2026-06-06 07:14:47,917 | INFO | scripts.import_formations_enriched |   - Ajout du flux mensuel : (2026, 2)
2026-06-06 07:14:47,918 | INFO | scripts.import_formations_enriched |   - Ajout du flux mensuel : (2025, 5)
2026-06-06 07:14:47,918 | INFO | scripts.import_formations_enriched |   - Ajout du flux mensuel : (2026, 4)
2026-06-06 07:14:47,920 | INFO | scripts.import_formations_enriched |   - Ajout du flux mensuel : (2026, 5)
2026-06-06 07:14:47,921 | INFO | scripts.import_formations_enriched |   - Ajout du flux mensuel : (2025, 8)
2026-06-06 07:14:47,924 | INFO | scripts.import_formations_enriched |   - Ajout du flux mensuel : (2025, 4)
2026-06-06 07:14:47,957 | INFO | scripts.import_formations_enriched | Import de la formation : Manager de Projet Web Digital (SIRET: 82143140000034)
2026-06-06 07:14:47,959 | INFO | scripts.import_formations_enriched |   - Ajout du flux mensuel : (2025, 12)
2026-06-06 07:14:47,964 | INFO | scripts.import_formations_enriched |   - Ajout du code ROME : E1104
2026-06-06 07:14:47,969 | INFO | scripts.import_formations_enriched |   - Ajout du code ROME : M1705
2026-06-06 07:14:47,974 | INFO | scripts.import_formations_enriched |   - Ajout du code ROME : M1806
2026-06-06 07:14:47,976 | INFO | scripts.import_formations_enriched |   - Ajout du flux mensuel : (2025, 11)
2026-06-06 07:14:47,977 | INFO | scripts.import_formations_enriched |   - Ajout du flux mensuel : (2026, 2)
2026-06-06 07:14:47,978 | INFO | scripts.import_formations_enriched |   - Ajout du flux mensuel : (2026, 1)
2026-06-06 07:14:47,980 | INFO | scripts.import_formations_enriched |   - Ajout du flux mensuel : (2025, 3)
2026-06-06 07:14:47,981 | INFO | scripts.import_formations_enriched |   - Ajout du flux mensuel : (2025, 10)
2026-06-06 07:14:47,982 | INFO | scripts.import_formations_enriched |   - Ajout du flux mensuel : (2025, 9)
2026-06-06 07:14:47,984 | INFO | scripts.import_formations_enriched |   - Ajout du flux mensuel : (2025, 5)
2026-06-06 07:14:48,031 | INFO | scripts.import_formations_enriched | Import de la formation : Développeur Web (SIRET: 82815451800025)
2026-06-06 07:14:48,032 | INFO | scripts.import_formations_enriched |   - Ajout du flux mensuel : (2024, 2)
2026-06-06 07:14:48,037 | INFO | scripts.import_formations_enriched |   - Ajout du code ROME : M1805
2026-06-06 07:14:48,040 | INFO | scripts.import_formations_enriched |   - Ajout du flux mensuel : (2026, 1)
2026-06-06 07:14:48,041 | INFO | scripts.import_formations_enriched |   - Ajout du flux mensuel : (2025, 5)
2026-06-06 07:14:48,042 | INFO | scripts.import_formations_enriched |   - Ajout du flux mensuel : (2025, 1)
2026-06-06 07:14:48,044 | INFO | scripts.import_formations_enriched |   - Ajout du flux mensuel : (2024, 6)
2026-06-06 07:14:48,045 | INFO | scripts.import_formations_enriched |   - Ajout du flux mensuel : (2024, 11)
2026-06-06 07:14:48,047 | INFO | scripts.import_formations_enriched |   - Ajout du flux mensuel : (2026, 3)
2026-06-06 07:14:48,048 | INFO | scripts.import_formations_enriched |   - Ajout du flux mensuel : (2024, 10)
2026-06-06 07:14:48,049 | INFO | scripts.import_formations_enriched |   - Ajout du flux mensuel : (2025, 8)
2026-06-06 07:14:48,051 | INFO | scripts.import_formations_enriched |   - Ajout du flux mensuel : (2025, 4)
2026-06-06 07:14:48,052 | INFO | scripts.import_formations_enriched |   - Ajout du flux mensuel : (2024, 9)
2026-06-06 07:14:48,053 | INFO | scripts.import_formations_enriched |   - Ajout du flux mensuel : (2025, 3)
2026-06-06 07:14:48,058 | INFO | scripts.import_formations_enriched |   - Ajout du flux mensuel : (2026, 4)
2026-06-06 07:14:48,061 | INFO | scripts.import_formations_enriched |   - Ajout du flux mensuel : (2025, 6)
2026-06-06 07:14:48,062 | INFO | scripts.import_formations_enriched |   - Ajout du flux mensuel : (2025, 2)
2026-06-06 07:14:48,064 | INFO | scripts.import_formations_enriched |   - Ajout du flux mensuel : (2024, 8)
2026-06-06 07:14:48,065 | INFO | scripts.import_formations_enriched |   - Ajout du flux mensuel : (2024, 5)
2026-06-06 07:14:48,068 | INFO | scripts.import_formations_enriched |   - Ajout du flux mensuel : (2024, 12)
2026-06-06 07:14:48,069 | INFO | scripts.import_formations_enriched |   - Ajout du flux mensuel : (2025, 11)
2026-06-06 07:14:48,073 | INFO | scripts.import_formations_enriched |   - Ajout du flux mensuel : (2025, 10)
2026-06-06 07:14:48,075 | INFO | scripts.import_formations_enriched |   - Ajout du flux mensuel : (2024, 4)
2026-06-06 07:14:48,076 | INFO | scripts.import_formations_enriched |   - Ajout du flux mensuel : (2024, 7)
2026-06-06 07:14:48,078 | INFO | scripts.import_formations_enriched |   - Ajout du flux mensuel : (2024, 3)
2026-06-06 07:14:48,113 | INFO | scripts.import_formations_enriched | Import de la formation : TP Administrateur système DevOps (SIRET: 90224737800026)
2026-06-06 07:14:48,117 | INFO | scripts.import_formations_enriched |   - Ajout du flux mensuel : (2025, 2)
2026-06-06 07:14:48,123 | INFO | scripts.import_formations_enriched |   - Ajout du code ROME : M1801
2026-06-06 07:14:48,128 | INFO | scripts.import_formations_enriched |   - Ajout du code ROME : M1802
2026-06-06 07:14:48,130 | INFO | scripts.import_formations_enriched |   - Ajout du flux mensuel : (2025, 3)
2026-06-06 07:14:48,132 | INFO | scripts.import_formations_enriched |   - Ajout du flux mensuel : (2025, 4)
2026-06-06 07:14:48,134 | INFO | scripts.import_formations_enriched |   - Ajout du flux mensuel : (2024, 10)
2026-06-06 07:14:48,136 | INFO | scripts.import_formations_enriched |   - Ajout du flux mensuel : (2024, 4)
2026-06-06 07:14:48,152 | INFO | scripts.import_formations_enriched |   - Ajout du flux mensuel : (2024, 7)
2026-06-06 07:14:48,191 | INFO | scripts.import_formations_enriched | Import de la formation : TP Technicien supérieur systèmes et réseaux (SIRET: 85289592900010)
2026-06-06 07:14:48,202 | INFO | scripts.import_formations_enriched |   - Ajout du flux mensuel : (2025, 10)
2026-06-06 07:14:48,212 | INFO | scripts.import_formations_enriched |   - Ajout du code ROME : I1401
2026-06-06 07:14:48,219 | INFO | scripts.import_formations_enriched |   - Ajout du code ROME : M1810
2026-06-06 07:14:48,221 | INFO | scripts.import_formations_enriched |   - Ajout du flux mensuel : (2024, 9)
2026-06-06 07:14:48,225 | INFO | scripts.import_formations_enriched |   - Ajout du flux mensuel : (2025, 5)
2026-06-06 07:14:48,227 | INFO | scripts.import_formations_enriched |   - Ajout du flux mensuel : (2024, 10)
2026-06-06 07:14:48,228 | INFO | scripts.import_formations_enriched |   - Ajout du flux mensuel : (2025, 4)
2026-06-06 07:14:48,234 | INFO | scripts.import_formations_enriched |   - Ajout du flux mensuel : (2024, 4)
2026-06-06 07:14:48,236 | INFO | scripts.import_formations_enriched |   - Ajout du flux mensuel : (2024, 5)
2026-06-06 07:14:48,273 | INFO | scripts.import_formations_enriched | Import de la formation : TP Administrateur système DevOps (SIRET: 82386023400041)
2026-06-06 07:14:48,285 | INFO | scripts.import_formations_enriched |   - Ajout du flux mensuel : (2026, 2)
2026-06-06 07:14:48,291 | INFO | scripts.import_formations_enriched |   - Ajout du code ROME : M1801
2026-06-06 07:14:48,297 | INFO | scripts.import_formations_enriched |   - Ajout du code ROME : M1802
2026-06-06 07:14:48,298 | INFO | scripts.import_formations_enriched |   - Ajout du flux mensuel : (2024, 9)
2026-06-06 07:14:48,329 | INFO | scripts.import_formations_enriched |   - Ajout du flux mensuel : (2023, 6)
2026-06-06 07:14:48,341 | INFO | scripts.import_formations_enriched |   - Ajout du flux mensuel : (2023, 3)
2026-06-06 07:14:48,343 | INFO | scripts.import_formations_enriched |   - Ajout du flux mensuel : (2024, 10)
2026-06-06 07:14:48,345 | INFO | scripts.import_formations_enriched |   - Ajout du flux mensuel : (2026, 1)
2026-06-06 07:14:48,352 | INFO | scripts.import_formations_enriched |   - Ajout du flux mensuel : (2024, 2)
2026-06-06 07:14:48,355 | INFO | scripts.import_formations_enriched |   - Ajout du flux mensuel : (2025, 6)
2026-06-06 07:14:48,358 | INFO | scripts.import_formations_enriched |   - Ajout du flux mensuel : (2024, 6)
2026-06-06 07:14:48,360 | INFO | scripts.import_formations_enriched |   - Ajout du flux mensuel : (2022, 10)
2026-06-06 07:14:48,361 | INFO | scripts.import_formations_enriched |   - Ajout du flux mensuel : (2025, 9)
2026-06-06 07:14:48,370 | INFO | scripts.import_formations_enriched |   - Ajout du flux mensuel : (2025, 3)
2026-06-06 07:14:48,376 | INFO | scripts.import_formations_enriched |   - Ajout du flux mensuel : (2023, 10)
2026-06-06 07:14:48,384 | INFO | scripts.import_formations_enriched |   - Ajout du flux mensuel : (2025, 1)
2026-06-06 07:14:48,389 | INFO | scripts.import_formations_enriched |   - Ajout du flux mensuel : (2026, 3)
2026-06-06 07:14:48,395 | INFO | scripts.import_formations_enriched |   - Ajout du flux mensuel : (2024, 3)
2026-06-06 07:14:48,402 | INFO | scripts.import_formations_enriched |   - Ajout du flux mensuel : (2024, 1)
2026-06-06 07:14:48,407 | INFO | scripts.import_formations_enriched |   - Ajout du flux mensuel : (2025, 10)
2026-06-06 07:14:48,409 | INFO | scripts.import_formations_enriched |   - Ajout du flux mensuel : (2024, 4)
2026-06-06 07:14:48,453 | INFO | scripts.import_formations_enriched | Import de la formation : DEUST Informatique d'organisation et systèmes d'information (fiche nationale) (SIRET: 34022316300023)
2026-06-06 07:14:48,457 | INFO | scripts.import_formations_enriched |   - Ajout du flux mensuel : (2024, 10)
2026-06-06 07:14:48,465 | INFO | scripts.import_formations_enriched |   - Ajout du code ROME : M1805
2026-06-06 07:14:48,563 | INFO | scripts.import_formations_enriched |   - Ajout du code ROME : M1810
2026-06-06 07:14:48,713 | INFO | scripts.import_formations_enriched | Import de la formation : Concepteur développeur en intelligence artificielle et analyse big data (SIRET: 79494991700114)
2026-06-06 07:14:48,835 | INFO | scripts.import_formations_enriched |   - Ajout du flux mensuel : (2025, 1)
2026-06-06 07:14:48,846 | INFO | scripts.import_formations_enriched |   - Ajout du code ROME : M1403
2026-06-06 07:14:48,872 | INFO | scripts.import_formations_enriched |   - Ajout du code ROME : M1805
2026-06-06 07:14:48,917 | INFO | scripts.import_formations_enriched |   - Ajout du flux mensuel : (2026, 1)
2026-06-06 07:14:49,037 | INFO | scripts.import_formations_enriched |   - Ajout du flux mensuel : (2025, 10)
2026-06-06 07:14:49,054 | INFO | scripts.import_formations_enriched |   - Ajout du flux mensuel : (2025, 7)
2026-06-06 07:14:49,057 | INFO | scripts.import_formations_enriched |   - Ajout du flux mensuel : (2024, 4)
2026-06-06 07:14:49,063 | INFO | scripts.import_formations_enriched |   - Ajout du flux mensuel : (2026, 4)
2026-06-06 07:14:49,067 | INFO | scripts.import_formations_enriched |   - Ajout du flux mensuel : (2024, 7)
2026-06-06 07:14:49,069 | INFO | scripts.import_formations_enriched |   - Ajout du flux mensuel : (2024, 10)
2026-06-06 07:14:49,072 | INFO | scripts.import_formations_enriched |   - Ajout du flux mensuel : (2025, 4)
2026-06-06 07:14:49,095 | INFO | scripts.import_formations_enriched | Import de la formation : TP Technicien supérieur systèmes et réseaux (SIRET: 53018898600059)
2026-06-06 07:14:49,097 | INFO | scripts.import_formations_enriched |   - Ajout du flux mensuel : (2025, 10)
2026-06-06 07:14:49,102 | INFO | scripts.import_formations_enriched |   - Ajout du code ROME : I1401
2026-06-06 07:14:49,110 | INFO | scripts.import_formations_enriched |   - Ajout du code ROME : M1810
2026-06-06 07:14:49,113 | INFO | scripts.import_formations_enriched |   - Ajout du flux mensuel : (2026, 4)
2026-06-06 07:14:49,115 | INFO | scripts.import_formations_enriched |   - Ajout du flux mensuel : (2025, 6)
2026-06-06 07:14:49,115 | INFO | scripts.import_formations_enriched |   - Ajout du flux mensuel : (2025, 3)
2026-06-06 07:14:49,116 | INFO | scripts.import_formations_enriched |   - Ajout du flux mensuel : (2025, 4)
2026-06-06 07:14:49,119 | INFO | scripts.import_formations_enriched |   - Ajout du flux mensuel : (2024, 10)
2026-06-06 07:14:49,123 | INFO | scripts.import_formations_enriched |   - Ajout du flux mensuel : (2025, 11)
2026-06-06 07:14:49,139 | INFO | scripts.import_formations_enriched |   - Ajout du flux mensuel : (2024, 9)
2026-06-06 07:14:49,141 | INFO | scripts.import_formations_enriched |   - Ajout du flux mensuel : (2024, 11)
2026-06-06 07:14:49,142 | INFO | scripts.import_formations_enriched |   - Ajout du flux mensuel : (2024, 12)
2026-06-06 07:14:49,142 | INFO | scripts.import_formations_enriched |   - Ajout du flux mensuel : (2025, 7)
2026-06-06 07:14:49,143 | INFO | scripts.import_formations_enriched |   - Ajout du flux mensuel : (2025, 5)
2026-06-06 07:14:49,144 | INFO | scripts.import_formations_enriched |   - Ajout du flux mensuel : (2026, 2)
2026-06-06 07:14:49,144 | INFO | scripts.import_formations_enriched |   - Ajout du flux mensuel : (2026, 1)
2026-06-06 07:14:49,146 | INFO | scripts.import_formations_enriched |   - Ajout du flux mensuel : (2026, 3)
2026-06-06 07:14:49,147 | INFO | scripts.import_formations_enriched |   - Ajout du flux mensuel : (2025, 2)
2026-06-06 07:14:49,149 | INFO | scripts.import_formations_enriched |   - Ajout du flux mensuel : (2025, 9)
2026-06-06 07:14:49,150 | INFO | scripts.import_formations_enriched |   - Ajout du flux mensuel : (2025, 12)
2026-06-06 07:14:49,152 | INFO | scripts.import_formations_enriched |   - Ajout du flux mensuel : (2026, 5)
2026-06-06 07:14:49,153 | INFO | scripts.import_formations_enriched |   - Ajout du flux mensuel : (2025, 1)
2026-06-06 07:14:49,177 | INFO | scripts.import_formations_enriched | Import de la formation : Technicien informatique en installation, maintenance et support (SIRET: 49386136300098)
2026-06-06 07:14:49,178 | INFO | scripts.import_formations_enriched |   - Ajout du flux mensuel : (2026, 5)
2026-06-06 07:14:49,181 | INFO | scripts.import_formations_enriched |   - Ajout du code ROME : I1401
2026-06-06 07:14:49,184 | INFO | scripts.import_formations_enriched |   - Ajout du code ROME : M1810
2026-06-06 07:14:49,185 | INFO | scripts.import_formations_enriched |   - Ajout du flux mensuel : (2026, 4)
2026-06-06 07:14:49,186 | INFO | scripts.import_formations_enriched |   - Ajout du flux mensuel : (2026, 3)
2026-06-06 07:14:49,209 | INFO | scripts.import_formations_enriched | Import de la formation : TP Développeur web et web mobile (SIRET: 91213498800019)
2026-06-06 07:14:49,210 | INFO | scripts.import_formations_enriched |   - Ajout du flux mensuel : (2024, 3)
2026-06-06 07:14:49,215 | INFO | scripts.import_formations_enriched |   - Ajout du code ROME : M1805
2026-06-06 07:14:49,216 | INFO | scripts.import_formations_enriched |   - Ajout du flux mensuel : (2024, 2)
2026-06-06 07:14:49,218 | INFO | scripts.import_formations_enriched |   - Ajout du flux mensuel : (2024, 1)
2026-06-06 07:14:49,237 | INFO | scripts.import_formations_enriched | Import de la formation : Développeur Web (SIRET: 83944819800037)
2026-06-06 07:14:49,238 | INFO | scripts.import_formations_enriched |   - Ajout du flux mensuel : (2025, 4)
2026-06-06 07:14:49,244 | INFO | scripts.import_formations_enriched |   - Ajout du code ROME : M1805
2026-06-06 07:14:49,245 | INFO | scripts.import_formations_enriched |   - Ajout du flux mensuel : (2026, 1)
2026-06-06 07:14:49,246 | INFO | scripts.import_formations_enriched |   - Ajout du flux mensuel : (2025, 11)
2026-06-06 07:14:49,248 | INFO | scripts.import_formations_enriched |   - Ajout du flux mensuel : (2026, 4)
2026-06-06 07:14:49,249 | INFO | scripts.import_formations_enriched |   - Ajout du flux mensuel : (2025, 7)
2026-06-06 07:14:49,250 | INFO | scripts.import_formations_enriched |   - Ajout du flux mensuel : (2025, 6)
2026-06-06 07:14:49,252 | INFO | scripts.import_formations_enriched |   - Ajout du flux mensuel : (2026, 3)
2026-06-06 07:14:49,253 | INFO | scripts.import_formations_enriched |   - Ajout du flux mensuel : (2025, 12)
2026-06-06 07:14:49,254 | INFO | scripts.import_formations_enriched |   - Ajout du flux mensuel : (2025, 10)
2026-06-06 07:14:49,255 | INFO | scripts.import_formations_enriched |   - Ajout du flux mensuel : (2025, 8)
2026-06-06 07:14:49,256 | INFO | scripts.import_formations_enriched |   - Ajout du flux mensuel : (2025, 5)
2026-06-06 07:14:49,257 | INFO | scripts.import_formations_enriched |   - Ajout du flux mensuel : (2026, 2)
2026-06-06 07:14:49,258 | INFO | scripts.import_formations_enriched |   - Ajout du flux mensuel : (2025, 9)
2026-06-06 07:14:49,285 | INFO | scripts.import_formations_enriched | Import de la formation : TP Développeur web et web mobile (SIRET: 83186635500017)
2026-06-06 07:14:49,286 | INFO | scripts.import_formations_enriched |   - Ajout du flux mensuel : (2025, 4)
2026-06-06 07:14:49,293 | INFO | scripts.import_formations_enriched |   - Ajout du code ROME : M1805
2026-06-06 07:14:49,294 | INFO | scripts.import_formations_enriched |   - Ajout du flux mensuel : (2025, 3)
2026-06-06 07:14:49,295 | INFO | scripts.import_formations_enriched |   - Ajout du flux mensuel : (2026, 2)
2026-06-06 07:14:49,297 | INFO | scripts.import_formations_enriched |   - Ajout du flux mensuel : (2025, 10)
2026-06-06 07:14:49,298 | INFO | scripts.import_formations_enriched |   - Ajout du flux mensuel : (2025, 12)
2026-06-06 07:14:49,299 | INFO | scripts.import_formations_enriched |   - Ajout du flux mensuel : (2025, 11)
2026-06-06 07:14:49,322 | INFO | scripts.import_formations_enriched | Import de la formation : TP Concepteur développeur d'applications (SIRET: 89739259300017)
2026-06-06 07:14:49,324 | INFO | scripts.import_formations_enriched |   - Ajout du flux mensuel : (2024, 6)
2026-06-06 07:14:49,329 | INFO | scripts.import_formations_enriched |   - Ajout du code ROME : M1805
2026-06-06 07:14:49,330 | INFO | scripts.import_formations_enriched |   - Ajout du flux mensuel : (2024, 5)
2026-06-06 07:14:49,351 | INFO | scripts.import_formations_enriched | Import de la formation : TP Concepteur développeur d'applications (SIRET: 79841311800018)
2026-06-06 07:14:49,353 | INFO | scripts.import_formations_enriched |   - Ajout du flux mensuel : (2025, 3)
2026-06-06 07:14:49,357 | INFO | scripts.import_formations_enriched |   - Ajout du code ROME : M1805
2026-06-06 07:14:49,358 | INFO | scripts.import_formations_enriched |   - Ajout du flux mensuel : (2024, 11)
2026-06-06 07:14:49,375 | INFO | scripts.import_formations_enriched | Import de la formation : TP Concepteur développeur d'applications (SIRET: 90224737800026)
2026-06-06 07:14:49,377 | INFO | scripts.import_formations_enriched |   - Ajout du flux mensuel : (2025, 7)
2026-06-06 07:14:49,382 | INFO | scripts.import_formations_enriched |   - Ajout du code ROME : M1805
2026-06-06 07:14:49,383 | INFO | scripts.import_formations_enriched |   - Ajout du flux mensuel : (2024, 10)
2026-06-06 07:14:49,385 | INFO | scripts.import_formations_enriched |   - Ajout du flux mensuel : (2025, 6)
2026-06-06 07:14:49,386 | INFO | scripts.import_formations_enriched |   - Ajout du flux mensuel : (2024, 6)
2026-06-06 07:14:49,387 | INFO | scripts.import_formations_enriched |   - Ajout du flux mensuel : (2025, 4)
2026-06-06 07:14:49,388 | INFO | scripts.import_formations_enriched |   - Ajout du flux mensuel : (2025, 1)
2026-06-06 07:14:49,390 | INFO | scripts.import_formations_enriched |   - Ajout du flux mensuel : (2025, 3)
2026-06-06 07:14:49,391 | INFO | scripts.import_formations_enriched |   - Ajout du flux mensuel : (2024, 12)
2026-06-06 07:14:49,392 | INFO | scripts.import_formations_enriched |   - Ajout du flux mensuel : (2025, 2)
2026-06-06 07:14:49,417 | INFO | scripts.import_formations_enriched | Import de la formation : TP Concepteur développeur d'applications (SIRET: 89021350700019)
2026-06-06 07:14:49,419 | INFO | scripts.import_formations_enriched |   - Ajout du flux mensuel : (2024, 8)
2026-06-06 07:14:49,423 | INFO | scripts.import_formations_enriched |   - Ajout du code ROME : M1805
2026-06-06 07:14:49,425 | INFO | scripts.import_formations_enriched |   - Ajout du flux mensuel : (2024, 3)
2026-06-06 07:14:49,426 | INFO | scripts.import_formations_enriched |   - Ajout du flux mensuel : (2024, 7)
2026-06-06 07:14:49,427 | INFO | scripts.import_formations_enriched |   - Ajout du flux mensuel : (2024, 5)
2026-06-06 07:14:49,428 | INFO | scripts.import_formations_enriched |   - Ajout du flux mensuel : (2025, 3)
2026-06-06 07:14:49,429 | INFO | scripts.import_formations_enriched |   - Ajout du flux mensuel : (2025, 2)
2026-06-06 07:14:49,430 | INFO | scripts.import_formations_enriched |   - Ajout du flux mensuel : (2024, 11)
2026-06-06 07:14:49,431 | INFO | scripts.import_formations_enriched |   - Ajout du flux mensuel : (2025, 7)
2026-06-06 07:14:49,432 | INFO | scripts.import_formations_enriched |   - Ajout du flux mensuel : (2025, 6)
2026-06-06 07:14:49,434 | INFO | scripts.import_formations_enriched |   - Ajout du flux mensuel : (2024, 4)
2026-06-06 07:14:49,435 | INFO | scripts.import_formations_enriched |   - Ajout du flux mensuel : (2025, 4)
2026-06-06 07:14:49,436 | INFO | scripts.import_formations_enriched |   - Ajout du flux mensuel : (2024, 2)
2026-06-06 07:14:49,438 | INFO | scripts.import_formations_enriched |   - Ajout du flux mensuel : (2025, 1)
2026-06-06 07:14:49,439 | INFO | scripts.import_formations_enriched |   - Ajout du flux mensuel : (2024, 12)
2026-06-06 07:14:49,440 | INFO | scripts.import_formations_enriched |   - Ajout du flux mensuel : (2024, 6)
2026-06-06 07:14:49,442 | INFO | scripts.import_formations_enriched |   - Ajout du flux mensuel : (2024, 9)
2026-06-06 07:14:49,443 | INFO | scripts.import_formations_enriched |   - Ajout du flux mensuel : (2024, 10)
2026-06-06 07:14:49,444 | INFO | scripts.import_formations_enriched |   - Ajout du flux mensuel : (2024, 1)
2026-06-06 07:14:49,446 | INFO | scripts.import_formations_enriched |   - Ajout du flux mensuel : (2025, 5)
2026-06-06 07:14:49,475 | INFO | scripts.import_formations_enriched | Import de la formation : TP Administrateur système DevOps (SIRET: 83145006900024)
2026-06-06 07:14:49,477 | INFO | scripts.import_formations_enriched |   - Ajout du flux mensuel : (2025, 4)
2026-06-06 07:14:49,482 | INFO | scripts.import_formations_enriched |   - Ajout du code ROME : M1801
2026-06-06 07:14:49,487 | INFO | scripts.import_formations_enriched |   - Ajout du code ROME : M1802
2026-06-06 07:14:49,491 | INFO | scripts.import_formations_enriched |   - Ajout du flux mensuel : (2023, 9)
2026-06-06 07:14:49,492 | INFO | scripts.import_formations_enriched |   - Ajout du flux mensuel : (2023, 12)
2026-06-06 07:14:49,494 | INFO | scripts.import_formations_enriched |   - Ajout du flux mensuel : (2024, 1)
2026-06-06 07:14:49,495 | INFO | scripts.import_formations_enriched |   - Ajout du flux mensuel : (2023, 1)
2026-06-06 07:14:49,497 | INFO | scripts.import_formations_enriched |   - Ajout du flux mensuel : (2023, 8)
2026-06-06 07:14:49,498 | INFO | scripts.import_formations_enriched |   - Ajout du flux mensuel : (2024, 7)
2026-06-06 07:14:49,500 | INFO | scripts.import_formations_enriched |   - Ajout du flux mensuel : (2025, 7)
2026-06-06 07:14:49,501 | INFO | scripts.import_formations_enriched |   - Ajout du flux mensuel : (2024, 2)
2026-06-06 07:14:49,502 | INFO | scripts.import_formations_enriched |   - Ajout du flux mensuel : (2023, 7)
2026-06-06 07:14:49,503 | INFO | scripts.import_formations_enriched |   - Ajout du flux mensuel : (2026, 3)
2026-06-06 07:14:49,504 | INFO | scripts.import_formations_enriched |   - Ajout du flux mensuel : (2025, 11)
2026-06-06 07:14:49,507 | INFO | scripts.import_formations_enriched |   - Ajout du flux mensuel : (2026, 5)
2026-06-06 07:14:49,508 | INFO | scripts.import_formations_enriched |   - Ajout du flux mensuel : (2024, 9)
2026-06-06 07:14:49,509 | INFO | scripts.import_formations_enriched |   - Ajout du flux mensuel : (2023, 3)
2026-06-06 07:14:49,511 | INFO | scripts.import_formations_enriched |   - Ajout du flux mensuel : (2024, 6)
2026-06-06 07:14:49,512 | INFO | scripts.import_formations_enriched |   - Ajout du flux mensuel : (2023, 5)
2026-06-06 07:14:49,513 | INFO | scripts.import_formations_enriched |   - Ajout du flux mensuel : (2025, 9)
2026-06-06 07:14:49,514 | INFO | scripts.import_formations_enriched |   - Ajout du flux mensuel : (2023, 10)
2026-06-06 07:14:49,516 | INFO | scripts.import_formations_enriched |   - Ajout du flux mensuel : (2024, 11)
2026-06-06 07:14:49,517 | INFO | scripts.import_formations_enriched |   - Ajout du flux mensuel : (2026, 1)
2026-06-06 07:14:49,518 | INFO | scripts.import_formations_enriched |   - Ajout du flux mensuel : (2024, 5)
2026-06-06 07:14:49,520 | INFO | scripts.import_formations_enriched |   - Ajout du flux mensuel : (2025, 1)
2026-06-06 07:14:49,521 | INFO | scripts.import_formations_enriched |   - Ajout du flux mensuel : (2023, 6)
2026-06-06 07:14:49,522 | INFO | scripts.import_formations_enriched |   - Ajout du flux mensuel : (2024, 3)
2026-06-06 07:14:49,523 | INFO | scripts.import_formations_enriched |   - Ajout du flux mensuel : (2025, 3)
2026-06-06 07:14:49,525 | INFO | scripts.import_formations_enriched |   - Ajout du flux mensuel : (2025, 5)
2026-06-06 07:14:49,526 | INFO | scripts.import_formations_enriched |   - Ajout du flux mensuel : (2024, 4)
2026-06-06 07:14:49,528 | INFO | scripts.import_formations_enriched |   - Ajout du flux mensuel : (2023, 11)
2026-06-06 07:14:49,563 | INFO | scripts.import_formations_enriched | Import de la formation : TP Développeur web et web mobile (SIRET: 90133114000011)
2026-06-06 07:14:49,564 | INFO | scripts.import_formations_enriched |   - Ajout du flux mensuel : (2023, 11)
2026-06-06 07:14:49,569 | INFO | scripts.import_formations_enriched |   - Ajout du code ROME : M1805
2026-06-06 07:14:49,571 | INFO | scripts.import_formations_enriched |   - Ajout du flux mensuel : (2023, 10)
2026-06-06 07:14:49,591 | INFO | scripts.import_formations_enriched | Import de la formation : TP Développeur web et web mobile (SIRET: 91114836900018)
2026-06-06 07:14:49,593 | INFO | scripts.import_formations_enriched |   - Ajout du flux mensuel : (2025, 4)
2026-06-06 07:14:49,598 | INFO | scripts.import_formations_enriched |   - Ajout du code ROME : M1805
2026-06-06 07:14:49,600 | INFO | scripts.import_formations_enriched |   - Ajout du flux mensuel : (2025, 3)
2026-06-06 07:14:49,601 | INFO | scripts.import_formations_enriched |   - Ajout du flux mensuel : (2024, 6)
2026-06-06 07:14:49,602 | INFO | scripts.import_formations_enriched |   - Ajout du flux mensuel : (2025, 11)
2026-06-06 07:14:49,604 | INFO | scripts.import_formations_enriched |   - Ajout du flux mensuel : (2025, 10)
2026-06-06 07:14:49,605 | INFO | scripts.import_formations_enriched |   - Ajout du flux mensuel : (2024, 4)
2026-06-06 07:14:49,606 | INFO | scripts.import_formations_enriched |   - Ajout du flux mensuel : (2023, 11)
2026-06-06 07:14:49,607 | INFO | scripts.import_formations_enriched |   - Ajout du flux mensuel : (2026, 1)
2026-06-06 07:14:49,609 | INFO | scripts.import_formations_enriched |   - Ajout du flux mensuel : (2023, 10)
2026-06-06 07:14:49,610 | INFO | scripts.import_formations_enriched |   - Ajout du flux mensuel : (2024, 3)
2026-06-06 07:14:49,611 | INFO | scripts.import_formations_enriched |   - Ajout du flux mensuel : (2024, 11)
2026-06-06 07:14:49,613 | INFO | scripts.import_formations_enriched |   - Ajout du flux mensuel : (2026, 2)
2026-06-06 07:14:49,614 | INFO | scripts.import_formations_enriched |   - Ajout du flux mensuel : (2025, 12)
2026-06-06 07:14:49,615 | INFO | scripts.import_formations_enriched |   - Ajout du flux mensuel : (2024, 7)
2026-06-06 07:14:49,617 | INFO | scripts.import_formations_enriched |   - Ajout du flux mensuel : (2025, 6)
2026-06-06 07:14:49,618 | INFO | scripts.import_formations_enriched |   - Ajout du flux mensuel : (2024, 5)
2026-06-06 07:14:49,619 | INFO | scripts.import_formations_enriched |   - Ajout du flux mensuel : (2026, 3)
2026-06-06 07:14:49,620 | INFO | scripts.import_formations_enriched |   - Ajout du flux mensuel : (2024, 10)
2026-06-06 07:14:49,622 | INFO | scripts.import_formations_enriched |   - Ajout du flux mensuel : (2026, 5)
2026-06-06 07:14:49,623 | INFO | scripts.import_formations_enriched |   - Ajout du flux mensuel : (2025, 5)
2026-06-06 07:14:49,625 | INFO | scripts.import_formations_enriched |   - Ajout du flux mensuel : (2024, 8)
2026-06-06 07:14:49,626 | INFO | scripts.import_formations_enriched |   - Ajout du flux mensuel : (2025, 9)
2026-06-06 07:14:49,627 | INFO | scripts.import_formations_enriched |   - Ajout du flux mensuel : (2025, 8)
2026-06-06 07:14:49,628 | INFO | scripts.import_formations_enriched |   - Ajout du flux mensuel : (2025, 2)
2026-06-06 07:14:49,630 | INFO | scripts.import_formations_enriched |   - Ajout du flux mensuel : (2024, 12)
2026-06-06 07:14:49,631 | INFO | scripts.import_formations_enriched |   - Ajout du flux mensuel : (2023, 9)
2026-06-06 07:14:49,632 | INFO | scripts.import_formations_enriched |   - Ajout du flux mensuel : (2026, 4)
2026-06-06 07:14:49,633 | INFO | scripts.import_formations_enriched |   - Ajout du flux mensuel : (2024, 1)
2026-06-06 07:14:49,634 | INFO | scripts.import_formations_enriched |   - Ajout du flux mensuel : (2023, 12)
2026-06-06 07:14:49,636 | INFO | scripts.import_formations_enriched |   - Ajout du flux mensuel : (2024, 9)
2026-06-06 07:14:49,637 | INFO | scripts.import_formations_enriched |   - Ajout du flux mensuel : (2025, 1)
2026-06-06 07:14:49,638 | INFO | scripts.import_formations_enriched |   - Ajout du flux mensuel : (2024, 2)
2026-06-06 07:14:49,639 | INFO | scripts.import_formations_enriched |   - Ajout du flux mensuel : (2025, 7)
2026-06-06 07:14:49,676 | INFO | scripts.import_formations_enriched | Import de la formation : TP Développeur web et web mobile (SIRET: 89055839800032)
2026-06-06 07:14:49,677 | INFO | scripts.import_formations_enriched |   - Ajout du flux mensuel : (2024, 3)
2026-06-06 07:14:49,682 | INFO | scripts.import_formations_enriched |   - Ajout du code ROME : M1805
2026-06-06 07:14:49,684 | INFO | scripts.import_formations_enriched |   - Ajout du flux mensuel : (2025, 1)
2026-06-06 07:14:49,685 | INFO | scripts.import_formations_enriched |   - Ajout du flux mensuel : (2024, 2)
2026-06-06 07:14:49,686 | INFO | scripts.import_formations_enriched |   - Ajout du flux mensuel : (2024, 5)
2026-06-06 07:14:49,688 | INFO | scripts.import_formations_enriched |   - Ajout du flux mensuel : (2026, 1)
2026-06-06 07:14:49,689 | INFO | scripts.import_formations_enriched |   - Ajout du flux mensuel : (2025, 8)
2026-06-06 07:14:49,691 | INFO | scripts.import_formations_enriched |   - Ajout du flux mensuel : (2025, 3)
2026-06-06 07:14:49,692 | INFO | scripts.import_formations_enriched |   - Ajout du flux mensuel : (2024, 12)
2026-06-06 07:14:49,693 | INFO | scripts.import_formations_enriched |   - Ajout du flux mensuel : (2025, 9)
2026-06-06 07:14:49,695 | INFO | scripts.import_formations_enriched |   - Ajout du flux mensuel : (2025, 5)
2026-06-06 07:14:49,697 | INFO | scripts.import_formations_enriched |   - Ajout du flux mensuel : (2024, 9)
2026-06-06 07:14:49,698 | INFO | scripts.import_formations_enriched |   - Ajout du flux mensuel : (2024, 1)
2026-06-06 07:14:49,699 | INFO | scripts.import_formations_enriched |   - Ajout du flux mensuel : (2025, 4)
2026-06-06 07:14:49,701 | INFO | scripts.import_formations_enriched |   - Ajout du flux mensuel : (2023, 11)
2026-06-06 07:14:49,702 | INFO | scripts.import_formations_enriched |   - Ajout du flux mensuel : (2023, 12)
2026-06-06 07:14:49,705 | INFO | scripts.import_formations_enriched |   - Ajout du flux mensuel : (2024, 10)
2026-06-06 07:14:49,706 | INFO | scripts.import_formations_enriched |   - Ajout du flux mensuel : (2025, 6)
2026-06-06 07:14:49,707 | INFO | scripts.import_formations_enriched |   - Ajout du flux mensuel : (2024, 8)
2026-06-06 07:14:49,708 | INFO | scripts.import_formations_enriched |   - Ajout du flux mensuel : (2024, 6)
2026-06-06 07:14:49,710 | INFO | scripts.import_formations_enriched |   - Ajout du flux mensuel : (2026, 3)
2026-06-06 07:14:49,711 | INFO | scripts.import_formations_enriched |   - Ajout du flux mensuel : (2024, 4)
2026-06-06 07:14:49,712 | INFO | scripts.import_formations_enriched |   - Ajout du flux mensuel : (2025, 10)
2026-06-06 07:14:49,713 | INFO | scripts.import_formations_enriched |   - Ajout du flux mensuel : (2023, 9)
2026-06-06 07:14:49,715 | INFO | scripts.import_formations_enriched |   - Ajout du flux mensuel : (2023, 10)
2026-06-06 07:14:49,717 | INFO | scripts.import_formations_enriched |   - Ajout du flux mensuel : (2024, 11)
2026-06-06 07:14:49,718 | INFO | scripts.import_formations_enriched |   - Ajout du flux mensuel : (2025, 11)
2026-06-06 07:14:49,719 | INFO | scripts.import_formations_enriched |   - Ajout du flux mensuel : (2025, 12)
2026-06-06 07:14:49,720 | INFO | scripts.import_formations_enriched |   - Ajout du flux mensuel : (2024, 7)
2026-06-06 07:14:49,753 | INFO | scripts.import_formations_enriched | Import de la formation : Concepteur développeur de solutions digitales (SIRET: 91114836900018)
2026-06-06 07:14:49,754 | INFO | scripts.import_formations_enriched |   - Ajout du flux mensuel : (2024, 1)
2026-06-06 07:14:49,759 | INFO | scripts.import_formations_enriched |   - Ajout du code ROME : M1802
2026-06-06 07:14:49,763 | INFO | scripts.import_formations_enriched |   - Ajout du code ROME : M1805
2026-06-06 07:14:49,765 | INFO | scripts.import_formations_enriched |   - Ajout du flux mensuel : (2023, 1)
2026-06-06 07:14:49,766 | INFO | scripts.import_formations_enriched |   - Ajout du flux mensuel : (2024, 6)
2026-06-06 07:14:49,767 | INFO | scripts.import_formations_enriched |   - Ajout du flux mensuel : (2026, 3)
2026-06-06 07:14:49,769 | INFO | scripts.import_formations_enriched |   - Ajout du flux mensuel : (2025, 7)
2026-06-06 07:14:49,770 | INFO | scripts.import_formations_enriched |   - Ajout du flux mensuel : (2023, 5)
2026-06-06 07:14:49,773 | INFO | scripts.import_formations_enriched |   - Ajout du flux mensuel : (2023, 8)
2026-06-06 07:14:49,775 | INFO | scripts.import_formations_enriched |   - Ajout du flux mensuel : (2024, 9)
2026-06-06 07:14:49,776 | INFO | scripts.import_formations_enriched |   - Ajout du flux mensuel : (2025, 12)
2026-06-06 07:14:49,777 | INFO | scripts.import_formations_enriched |   - Ajout du flux mensuel : (2024, 3)
2026-06-06 07:14:49,778 | INFO | scripts.import_formations_enriched |   - Ajout du flux mensuel : (2025, 5)
2026-06-06 07:14:49,780 | INFO | scripts.import_formations_enriched |   - Ajout du flux mensuel : (2024, 7)
2026-06-06 07:14:49,781 | INFO | scripts.import_formations_enriched |   - Ajout du flux mensuel : (2023, 7)
2026-06-06 07:14:49,783 | INFO | scripts.import_formations_enriched |   - Ajout du flux mensuel : (2023, 3)
2026-06-06 07:14:49,785 | INFO | scripts.import_formations_enriched |   - Ajout du flux mensuel : (2024, 4)
2026-06-06 07:14:49,786 | INFO | scripts.import_formations_enriched |   - Ajout du flux mensuel : (2022, 11)
2026-06-06 07:14:49,787 | INFO | scripts.import_formations_enriched |   - Ajout du flux mensuel : (2025, 6)
2026-06-06 07:14:49,789 | INFO | scripts.import_formations_enriched |   - Ajout du flux mensuel : (2025, 11)
2026-06-06 07:14:49,790 | INFO | scripts.import_formations_enriched |   - Ajout du flux mensuel : (2026, 2)
2026-06-06 07:14:49,790 | INFO | scripts.import_formations_enriched |   - Ajout du flux mensuel : (2023, 10)
2026-06-06 07:14:49,791 | INFO | scripts.import_formations_enriched |   - Ajout du flux mensuel : (2025, 1)
2026-06-06 07:14:49,792 | INFO | scripts.import_formations_enriched |   - Ajout du flux mensuel : (2025, 4)
2026-06-06 07:14:49,793 | INFO | scripts.import_formations_enriched |   - Ajout du flux mensuel : (2024, 2)
2026-06-06 07:14:49,795 | INFO | scripts.import_formations_enriched |   - Ajout du flux mensuel : (2025, 10)
2026-06-06 07:14:49,796 | INFO | scripts.import_formations_enriched |   - Ajout du flux mensuel : (2025, 3)
2026-06-06 07:14:49,797 | INFO | scripts.import_formations_enriched |   - Ajout du flux mensuel : (2023, 2)
2026-06-06 07:14:49,799 | INFO | scripts.import_formations_enriched |   - Ajout du flux mensuel : (2026, 5)
2026-06-06 07:14:49,800 | INFO | scripts.import_formations_enriched |   - Ajout du flux mensuel : (2025, 9)
2026-06-06 07:14:49,801 | INFO | scripts.import_formations_enriched |   - Ajout du flux mensuel : (2024, 8)
2026-06-06 07:14:49,803 | INFO | scripts.import_formations_enriched |   - Ajout du flux mensuel : (2026, 4)
2026-06-06 07:14:49,804 | INFO | scripts.import_formations_enriched |   - Ajout du flux mensuel : (2024, 10)
2026-06-06 07:14:49,806 | INFO | scripts.import_formations_enriched |   - Ajout du flux mensuel : (2023, 9)
2026-06-06 07:14:49,808 | INFO | scripts.import_formations_enriched |   - Ajout du flux mensuel : (2024, 5)
2026-06-06 07:14:49,809 | INFO | scripts.import_formations_enriched |   - Ajout du flux mensuel : (2022, 10)
2026-06-06 07:14:49,810 | INFO | scripts.import_formations_enriched |   - Ajout du flux mensuel : (2025, 8)
2026-06-06 07:14:49,812 | INFO | scripts.import_formations_enriched |   - Ajout du flux mensuel : (2023, 12)
2026-06-06 07:14:49,813 | INFO | scripts.import_formations_enriched |   - Ajout du flux mensuel : (2024, 12)
2026-06-06 07:14:49,814 | INFO | scripts.import_formations_enriched |   - Ajout du flux mensuel : (2023, 4)
2026-06-06 07:14:49,816 | INFO | scripts.import_formations_enriched |   - Ajout du flux mensuel : (2023, 6)
2026-06-06 07:14:49,817 | INFO | scripts.import_formations_enriched |   - Ajout du flux mensuel : (2025, 2)
2026-06-06 07:14:49,818 | INFO | scripts.import_formations_enriched |   - Ajout du flux mensuel : (2022, 12)
2026-06-06 07:14:49,819 | INFO | scripts.import_formations_enriched |   - Ajout du flux mensuel : (2026, 1)
2026-06-06 07:14:49,822 | INFO | scripts.import_formations_enriched |   - Ajout du flux mensuel : (2024, 11)
2026-06-06 07:14:49,823 | INFO | scripts.import_formations_enriched |   - Ajout du flux mensuel : (2023, 11)
2026-06-06 07:14:49,871 | INFO | scripts.import_formations_enriched | Import de la formation : Concepteur réalisateur web et digital (SIRET: 82143140000034)
2026-06-06 07:14:49,873 | INFO | scripts.import_formations_enriched |   - Ajout du flux mensuel : (2024, 6)
2026-06-06 07:14:49,879 | INFO | scripts.import_formations_enriched |   - Ajout du code ROME : E1103
2026-06-06 07:14:49,883 | INFO | scripts.import_formations_enriched |   - Ajout du code ROME : E1104
2026-06-06 07:14:49,888 | INFO | scripts.import_formations_enriched |   - Ajout du code ROME : E1205
2026-06-06 07:14:49,892 | INFO | scripts.import_formations_enriched |   - Ajout du code ROME : M1705
2026-06-06 07:14:49,894 | INFO | scripts.import_formations_enriched |   - Ajout du flux mensuel : (2024, 5)
2026-06-06 07:14:49,895 | INFO | scripts.import_formations_enriched |   - Ajout du flux mensuel : (2024, 8)
2026-06-06 07:14:49,896 | INFO | scripts.import_formations_enriched |   - Ajout du flux mensuel : (2024, 4)
2026-06-06 07:14:49,923 | INFO | scripts.import_formations_enriched | Import de la formation : TP Concepteur développeur d'applications (SIRET: 89015354700025)
2026-06-06 07:14:49,925 | INFO | scripts.import_formations_enriched |   - Ajout du flux mensuel : (2024, 10)
2026-06-06 07:14:49,928 | INFO | scripts.import_formations_enriched |   - Ajout du code ROME : M1805
2026-06-06 07:14:49,930 | INFO | scripts.import_formations_enriched |   - Ajout du flux mensuel : (2025, 5)
2026-06-06 07:14:49,931 | INFO | scripts.import_formations_enriched |   - Ajout du flux mensuel : (2025, 1)
2026-06-06 07:14:49,932 | INFO | scripts.import_formations_enriched |   - Ajout du flux mensuel : (2025, 10)
2026-06-06 07:14:49,933 | INFO | scripts.import_formations_enriched |   - Ajout du flux mensuel : (2024, 12)
2026-06-06 07:14:49,935 | INFO | scripts.import_formations_enriched |   - Ajout du flux mensuel : (2025, 3)
2026-06-06 07:14:49,936 | INFO | scripts.import_formations_enriched |   - Ajout du flux mensuel : (2024, 6)
2026-06-06 07:14:49,938 | INFO | scripts.import_formations_enriched |   - Ajout du flux mensuel : (2025, 9)
2026-06-06 07:14:49,939 | INFO | scripts.import_formations_enriched |   - Ajout du flux mensuel : (2025, 6)
2026-06-06 07:14:49,964 | INFO | scripts.import_formations_enriched | Import de la formation : TP Concepteur développeur d'applications (SIRET: 90242714500013)
2026-06-06 07:14:49,966 | INFO | scripts.import_formations_enriched |   - Ajout du flux mensuel : (2024, 4)
2026-06-06 07:14:49,971 | INFO | scripts.import_formations_enriched |   - Ajout du code ROME : M1805
2026-06-06 07:14:49,972 | INFO | scripts.import_formations_enriched |   - Ajout du flux mensuel : (2024, 6)
2026-06-06 07:14:49,973 | INFO | scripts.import_formations_enriched |   - Ajout du flux mensuel : (2024, 8)
2026-06-06 07:14:49,975 | INFO | scripts.import_formations_enriched |   - Ajout du flux mensuel : (2024, 10)
2026-06-06 07:14:49,976 | INFO | scripts.import_formations_enriched |   - Ajout du flux mensuel : (2024, 5)
2026-06-06 07:14:49,977 | INFO | scripts.import_formations_enriched |   - Ajout du flux mensuel : (2024, 7)
2026-06-06 07:14:50,000 | INFO | scripts.import_formations_enriched | Import de la formation : Concepteur-développeur d'applications web et mobile (SIRET: 82386023400033)
2026-06-06 07:14:50,002 | INFO | scripts.import_formations_enriched |   - Ajout du flux mensuel : (2026, 1)
2026-06-06 07:14:50,007 | INFO | scripts.import_formations_enriched |   - Ajout du code ROME : M1805
2026-06-06 07:14:50,008 | INFO | scripts.import_formations_enriched |   - Ajout du flux mensuel : (2026, 2)
2026-06-06 07:14:50,009 | INFO | scripts.import_formations_enriched |   - Ajout du flux mensuel : (2024, 2)
2026-06-06 07:14:50,010 | INFO | scripts.import_formations_enriched |   - Ajout du flux mensuel : (2025, 6)
2026-06-06 07:14:50,011 | INFO | scripts.import_formations_enriched |   - Ajout du flux mensuel : (2023, 9)
2026-06-06 07:14:50,012 | INFO | scripts.import_formations_enriched |   - Ajout du flux mensuel : (2023, 10)
2026-06-06 07:14:50,014 | INFO | scripts.import_formations_enriched |   - Ajout du flux mensuel : (2024, 9)
2026-06-06 07:14:50,015 | INFO | scripts.import_formations_enriched |   - Ajout du flux mensuel : (2025, 4)
2026-06-06 07:14:50,016 | INFO | scripts.import_formations_enriched |   - Ajout du flux mensuel : (2024, 1)
2026-06-06 07:14:50,018 | INFO | scripts.import_formations_enriched |   - Ajout du flux mensuel : (2025, 2)
2026-06-06 07:14:50,019 | INFO | scripts.import_formations_enriched |   - Ajout du flux mensuel : (2024, 6)
2026-06-06 07:14:50,020 | INFO | scripts.import_formations_enriched |   - Ajout du flux mensuel : (2025, 10)
2026-06-06 07:14:50,022 | INFO | scripts.import_formations_enriched |   - Ajout du flux mensuel : (2025, 1)
2026-06-06 07:14:50,023 | INFO | scripts.import_formations_enriched |   - Ajout du flux mensuel : (2024, 10)
2026-06-06 07:14:50,024 | INFO | scripts.import_formations_enriched |   - Ajout du flux mensuel : (2024, 3)
2026-06-06 07:14:50,026 | INFO | scripts.import_formations_enriched |   - Ajout du flux mensuel : (2025, 9)
2026-06-06 07:14:50,027 | INFO | scripts.import_formations_enriched |   - Ajout du flux mensuel : (2026, 3)
2026-06-06 07:14:50,029 | INFO | scripts.import_formations_enriched |   - Ajout du flux mensuel : (2024, 4)
2026-06-06 07:14:50,030 | INFO | scripts.import_formations_enriched |   - Ajout du flux mensuel : (2026, 4)
2026-06-06 07:14:50,031 | INFO | scripts.import_formations_enriched |   - Ajout du flux mensuel : (2023, 8)
2026-06-06 07:14:50,033 | INFO | scripts.import_formations_enriched |   - Ajout du flux mensuel : (2025, 3)
2026-06-06 07:14:50,062 | INFO | scripts.import_formations_enriched | Import de la formation : TP Concepteur développeur d'applications (SIRET: 89034821200022)
2026-06-06 07:14:50,063 | INFO | scripts.import_formations_enriched |   - Ajout du flux mensuel : (2024, 2)
2026-06-06 07:14:50,068 | INFO | scripts.import_formations_enriched |   - Ajout du code ROME : M1805
2026-06-06 07:14:50,070 | INFO | scripts.import_formations_enriched |   - Ajout du flux mensuel : (2023, 12)
2026-06-06 07:14:50,072 | INFO | scripts.import_formations_enriched |   - Ajout du flux mensuel : (2023, 10)
2026-06-06 07:14:50,074 | INFO | scripts.import_formations_enriched |   - Ajout du flux mensuel : (2024, 1)
2026-06-06 07:14:50,096 | INFO | scripts.import_formations_enriched | Import de la formation : TP Concepteur développeur d'applications (SIRET: 38876048000011)
2026-06-06 07:14:50,098 | INFO | scripts.import_formations_enriched |   - Ajout du flux mensuel : (2024, 9)
2026-06-06 07:14:50,103 | INFO | scripts.import_formations_enriched |   - Ajout du code ROME : M1805
2026-06-06 07:14:50,107 | INFO | scripts.import_formations_enriched |   - Ajout du flux mensuel : (2024, 7)
2026-06-06 07:14:50,108 | INFO | scripts.import_formations_enriched |   - Ajout du flux mensuel : (2025, 9)
2026-06-06 07:14:50,110 | INFO | scripts.import_formations_enriched |   - Ajout du flux mensuel : (2024, 5)
2026-06-06 07:14:50,111 | INFO | scripts.import_formations_enriched |   - Ajout du flux mensuel : (2024, 8)
2026-06-06 07:14:50,113 | INFO | scripts.import_formations_enriched |   - Ajout du flux mensuel : (2024, 4)
2026-06-06 07:14:50,114 | INFO | scripts.import_formations_enriched |   - Ajout du flux mensuel : (2025, 3)
2026-06-06 07:14:50,115 | INFO | scripts.import_formations_enriched |   - Ajout du flux mensuel : (2025, 12)
2026-06-06 07:14:50,117 | INFO | scripts.import_formations_enriched |   - Ajout du flux mensuel : (2025, 10)
2026-06-06 07:14:50,145 | INFO | scripts.import_formations_enriched | Import de la formation : TP Développeur web et web mobile (SIRET: 79492606300254)
2026-06-06 07:14:50,147 | INFO | scripts.import_formations_enriched |   - Ajout du flux mensuel : (2024, 10)
2026-06-06 07:14:50,152 | INFO | scripts.import_formations_enriched |   - Ajout du code ROME : M1805
2026-06-06 07:14:50,153 | INFO | scripts.import_formations_enriched |   - Ajout du flux mensuel : (2024, 2)
2026-06-06 07:14:50,155 | INFO | scripts.import_formations_enriched |   - Ajout du flux mensuel : (2024, 5)
2026-06-06 07:14:50,156 | INFO | scripts.import_formations_enriched |   - Ajout du flux mensuel : (2024, 9)
2026-06-06 07:14:50,180 | INFO | scripts.import_formations_enriched | Import de la formation : Concepteur développeur d'applications web (SIRET: 81478644800047)
2026-06-06 07:14:50,182 | INFO | scripts.import_formations_enriched |   - Ajout du flux mensuel : (2024, 10)
2026-06-06 07:14:50,187 | INFO | scripts.import_formations_enriched |   - Ajout du code ROME : E1205
2026-06-06 07:14:50,192 | INFO | scripts.import_formations_enriched |   - Ajout du code ROME : M1803
2026-06-06 07:14:50,197 | INFO | scripts.import_formations_enriched |   - Ajout du code ROME : M1805
2026-06-06 07:14:50,199 | INFO | scripts.import_formations_enriched |   - Ajout du flux mensuel : (2024, 7)
2026-06-06 07:14:50,200 | INFO | scripts.import_formations_enriched |   - Ajout du flux mensuel : (2024, 8)
2026-06-06 07:14:50,201 | INFO | scripts.import_formations_enriched |   - Ajout du flux mensuel : (2024, 11)
2026-06-06 07:14:50,225 | INFO | scripts.import_formations_enriched | Import de la formation : TP Technicien supérieur systèmes et réseaux (SIRET: 44158313500047)
2026-06-06 07:14:50,227 | INFO | scripts.import_formations_enriched |   - Ajout du flux mensuel : (2024, 12)
2026-06-06 07:14:50,232 | INFO | scripts.import_formations_enriched |   - Ajout du code ROME : I1401
2026-06-06 07:14:50,236 | INFO | scripts.import_formations_enriched |   - Ajout du code ROME : M1810
2026-06-06 07:14:50,238 | INFO | scripts.import_formations_enriched |   - Ajout du flux mensuel : (2025, 12)
2026-06-06 07:14:50,239 | INFO | scripts.import_formations_enriched |   - Ajout du flux mensuel : (2026, 3)
2026-06-06 07:14:50,240 | INFO | scripts.import_formations_enriched |   - Ajout du flux mensuel : (2024, 5)
2026-06-06 07:14:50,243 | INFO | scripts.import_formations_enriched |   - Ajout du flux mensuel : (2024, 6)
2026-06-06 07:14:50,244 | INFO | scripts.import_formations_enriched |   - Ajout du flux mensuel : (2025, 9)
2026-06-06 07:14:50,246 | INFO | scripts.import_formations_enriched |   - Ajout du flux mensuel : (2025, 3)
2026-06-06 07:14:50,247 | INFO | scripts.import_formations_enriched |   - Ajout du flux mensuel : (2024, 9)
2026-06-06 07:14:50,249 | INFO | scripts.import_formations_enriched |   - Ajout du flux mensuel : (2026, 5)
2026-06-06 07:14:50,250 | INFO | scripts.import_formations_enriched |   - Ajout du flux mensuel : (2023, 11)
2026-06-06 07:14:50,251 | INFO | scripts.import_formations_enriched |   - Ajout du flux mensuel : (2023, 9)
2026-06-06 07:14:50,252 | INFO | scripts.import_formations_enriched |   - Ajout du flux mensuel : (2024, 3)
2026-06-06 07:14:50,254 | INFO | scripts.import_formations_enriched |   - Ajout du flux mensuel : (2024, 1)
2026-06-06 07:14:50,284 | INFO | scripts.import_formations_enriched | Import de la formation : TP Développeur web et web mobile (SIRET: 83052386600010)
2026-06-06 07:14:50,286 | INFO | scripts.import_formations_enriched |   - Ajout du flux mensuel : (2025, 11)
2026-06-06 07:14:50,292 | INFO | scripts.import_formations_enriched |   - Ajout du code ROME : M1805
2026-06-06 07:14:50,294 | INFO | scripts.import_formations_enriched |   - Ajout du flux mensuel : (2025, 2)
2026-06-06 07:14:50,295 | INFO | scripts.import_formations_enriched |   - Ajout du flux mensuel : (2025, 1)
2026-06-06 07:14:50,296 | INFO | scripts.import_formations_enriched |   - Ajout du flux mensuel : (2024, 1)
2026-06-06 07:14:50,298 | INFO | scripts.import_formations_enriched |   - Ajout du flux mensuel : (2025, 6)
2026-06-06 07:14:50,299 | INFO | scripts.import_formations_enriched |   - Ajout du flux mensuel : (2025, 3)
2026-06-06 07:14:50,300 | INFO | scripts.import_formations_enriched |   - Ajout du flux mensuel : (2024, 5)
2026-06-06 07:14:50,302 | INFO | scripts.import_formations_enriched |   - Ajout du flux mensuel : (2024, 9)
2026-06-06 07:14:50,303 | INFO | scripts.import_formations_enriched |   - Ajout du flux mensuel : (2025, 7)
2026-06-06 07:14:50,304 | INFO | scripts.import_formations_enriched |   - Ajout du flux mensuel : (2025, 10)
2026-06-06 07:14:50,307 | INFO | scripts.import_formations_enriched |   - Ajout du flux mensuel : (2025, 8)
2026-06-06 07:14:50,308 | INFO | scripts.import_formations_enriched |   - Ajout du flux mensuel : (2025, 5)
2026-06-06 07:14:50,309 | INFO | scripts.import_formations_enriched |   - Ajout du flux mensuel : (2024, 3)
2026-06-06 07:14:50,310 | INFO | scripts.import_formations_enriched |   - Ajout du flux mensuel : (2025, 4)
2026-06-06 07:14:50,337 | INFO | scripts.import_formations_enriched | Import de la formation : Architecte en intelligence artificielle (SIRET: 83872651100044)
2026-06-06 07:14:50,339 | INFO | scripts.import_formations_enriched |   - Ajout du flux mensuel : (2026, 5)
2026-06-06 07:14:50,344 | INFO | scripts.import_formations_enriched |   - Ajout du code ROME : M1402
2026-06-06 07:14:50,349 | INFO | scripts.import_formations_enriched |   - Ajout du code ROME : M1403
2026-06-06 07:14:50,354 | INFO | scripts.import_formations_enriched |   - Ajout du code ROME : M1802
2026-06-06 07:14:50,358 | INFO | scripts.import_formations_enriched |   - Ajout du code ROME : M1805
2026-06-06 07:14:50,360 | INFO | scripts.import_formations_enriched |   - Ajout du flux mensuel : (2026, 4)
2026-06-06 07:14:50,386 | INFO | scripts.import_formations_enriched | Import de la formation : TP Développeur web et web mobile (SIRET: 84879068900014)
2026-06-06 07:14:50,388 | INFO | scripts.import_formations_enriched |   - Ajout du flux mensuel : (2023, 11)
2026-06-06 07:14:50,393 | INFO | scripts.import_formations_enriched |   - Ajout du code ROME : M1805
2026-06-06 07:14:50,395 | INFO | scripts.import_formations_enriched |   - Ajout du flux mensuel : (2023, 12)
2026-06-06 07:14:50,397 | INFO | scripts.import_formations_enriched |   - Ajout du flux mensuel : (2024, 9)
2026-06-06 07:14:50,398 | INFO | scripts.import_formations_enriched |   - Ajout du flux mensuel : (2024, 1)
2026-06-06 07:14:50,399 | INFO | scripts.import_formations_enriched |   - Ajout du flux mensuel : (2024, 4)
2026-06-06 07:14:50,401 | INFO | scripts.import_formations_enriched |   - Ajout du flux mensuel : (2024, 5)
2026-06-06 07:14:50,402 | INFO | scripts.import_formations_enriched |   - Ajout du flux mensuel : (2024, 7)
2026-06-06 07:14:50,404 | INFO | scripts.import_formations_enriched |   - Ajout du flux mensuel : (2024, 6)
2026-06-06 07:14:50,405 | INFO | scripts.import_formations_enriched |   - Ajout du flux mensuel : (2024, 2)
2026-06-06 07:14:50,407 | INFO | scripts.import_formations_enriched |   - Ajout du flux mensuel : (2024, 3)
2026-06-06 07:14:50,433 | INFO | scripts.import_formations_enriched | Import de la formation : BUT Informatique : Déploiement d'applications communicantes et sécurisées (SIRET: 19594403800205)
2026-06-06 07:14:50,436 | INFO | scripts.import_formations_enriched |   - Ajout du flux mensuel : (2026, 1)
2026-06-06 07:14:50,442 | INFO | scripts.import_formations_enriched |   - Ajout du code ROME : M1801
2026-06-06 07:14:50,447 | INFO | scripts.import_formations_enriched |   - Ajout du code ROME : M1805
2026-06-06 07:14:50,451 | INFO | scripts.import_formations_enriched |   - Ajout du code ROME : M1806
2026-06-06 07:14:50,456 | INFO | scripts.import_formations_enriched |   - Ajout du code ROME : M1810
2026-06-06 07:14:50,477 | INFO | scripts.import_formations_enriched | Import de la formation : TP Technicien supérieur systèmes et réseaux (SIRET: 35119111900160)
2026-06-06 07:14:50,478 | INFO | scripts.import_formations_enriched |   - Ajout du flux mensuel : (2025, 9)
2026-06-06 07:14:50,484 | INFO | scripts.import_formations_enriched |   - Ajout du code ROME : I1401
2026-06-06 07:14:50,488 | INFO | scripts.import_formations_enriched |   - Ajout du code ROME : M1810
2026-06-06 07:14:50,491 | INFO | scripts.import_formations_enriched |   - Ajout du flux mensuel : (2024, 10)
2026-06-06 07:14:50,492 | INFO | scripts.import_formations_enriched |   - Ajout du flux mensuel : (2024, 9)
2026-06-06 07:14:50,515 | INFO | scripts.import_formations_enriched | Import de la formation : Concepteur-développeur d'applications web et mobile (SIRET: 90152954500013)
2026-06-06 07:14:50,517 | INFO | scripts.import_formations_enriched |   - Ajout du flux mensuel : (2024, 1)
2026-06-06 07:14:50,523 | INFO | scripts.import_formations_enriched |   - Ajout du code ROME : M1805
2026-06-06 07:14:50,525 | INFO | scripts.import_formations_enriched |   - Ajout du flux mensuel : (2025, 3)
2026-06-06 07:14:50,526 | INFO | scripts.import_formations_enriched |   - Ajout du flux mensuel : (2024, 3)
2026-06-06 07:14:50,527 | INFO | scripts.import_formations_enriched |   - Ajout du flux mensuel : (2024, 10)
2026-06-06 07:14:50,528 | INFO | scripts.import_formations_enriched |   - Ajout du flux mensuel : (2024, 6)
2026-06-06 07:14:50,529 | INFO | scripts.import_formations_enriched |   - Ajout du flux mensuel : (2023, 10)
2026-06-06 07:14:50,553 | INFO | scripts.import_formations_enriched | Import de la formation : TP Développeur web et web mobile (SIRET: 89021350700027)
2026-06-06 07:14:50,555 | INFO | scripts.import_formations_enriched |   - Ajout du flux mensuel : (2026, 4)
2026-06-06 07:14:50,560 | INFO | scripts.import_formations_enriched |   - Ajout du code ROME : M1805
2026-06-06 07:14:50,562 | INFO | scripts.import_formations_enriched |   - Ajout du flux mensuel : (2025, 7)
2026-06-06 07:14:50,564 | INFO | scripts.import_formations_enriched |   - Ajout du flux mensuel : (2025, 8)
2026-06-06 07:14:50,565 | INFO | scripts.import_formations_enriched |   - Ajout du flux mensuel : (2026, 1)
2026-06-06 07:14:50,567 | INFO | scripts.import_formations_enriched |   - Ajout du flux mensuel : (2025, 11)
2026-06-06 07:14:50,568 | INFO | scripts.import_formations_enriched |   - Ajout du flux mensuel : (2025, 9)
2026-06-06 07:14:50,569 | INFO | scripts.import_formations_enriched |   - Ajout du flux mensuel : (2025, 12)
2026-06-06 07:14:50,594 | INFO | scripts.import_formations_enriched | Import de la formation : Technicien bureau d'études en réseaux numériques (SIRET: 90453339500029)
2026-06-06 07:14:50,596 | INFO | scripts.import_formations_enriched |   - Ajout du flux mensuel : (2026, 3)
2026-06-06 07:14:50,602 | INFO | scripts.import_formations_enriched |   - Ajout du code ROME : F1106
2026-06-06 07:14:50,609 | INFO | scripts.import_formations_enriched |   - Ajout du code ROME : H1202
2026-06-06 07:14:50,614 | INFO | scripts.import_formations_enriched |   - Ajout du code ROME : H1209
2026-06-06 07:14:50,616 | INFO | scripts.import_formations_enriched |   - Ajout du flux mensuel : (2026, 5)
2026-06-06 07:14:50,617 | INFO | scripts.import_formations_enriched |   - Ajout du flux mensuel : (2025, 10)
2026-06-06 07:14:50,619 | INFO | scripts.import_formations_enriched |   - Ajout du flux mensuel : (2026, 1)
2026-06-06 07:14:50,620 | INFO | scripts.import_formations_enriched |   - Ajout du flux mensuel : (2025, 12)
2026-06-06 07:14:50,623 | INFO | scripts.import_formations_enriched |   - Ajout du flux mensuel : (2026, 4)
2026-06-06 07:14:50,624 | INFO | scripts.import_formations_enriched |   - Ajout du flux mensuel : (2026, 2)
2026-06-06 07:14:50,626 | INFO | scripts.import_formations_enriched |   - Ajout du flux mensuel : (2025, 11)
2026-06-06 07:14:50,653 | INFO | scripts.import_formations_enriched | Import de la formation : TP Développeur web et web mobile (SIRET: 90004993300014)
2026-06-06 07:14:50,655 | INFO | scripts.import_formations_enriched |   - Ajout du flux mensuel : (2023, 10)
2026-06-06 07:14:50,660 | INFO | scripts.import_formations_enriched |   - Ajout du code ROME : M1805
2026-06-06 07:14:50,662 | INFO | scripts.import_formations_enriched |   - Ajout du flux mensuel : (2023, 11)
2026-06-06 07:14:50,663 | INFO | scripts.import_formations_enriched |   - Ajout du flux mensuel : (2023, 12)
2026-06-06 07:14:50,685 | INFO | scripts.import_formations_enriched | Import de la formation : TP Technicien supérieur systèmes et réseaux (SIRET: 91114836900018)
2026-06-06 07:14:50,686 | INFO | scripts.import_formations_enriched |   - Ajout du flux mensuel : (2025, 3)
2026-06-06 07:14:50,691 | INFO | scripts.import_formations_enriched |   - Ajout du code ROME : I1401
2026-06-06 07:14:50,696 | INFO | scripts.import_formations_enriched |   - Ajout du code ROME : M1810
2026-06-06 07:14:50,697 | INFO | scripts.import_formations_enriched |   - Ajout du flux mensuel : (2026, 1)
2026-06-06 07:14:50,699 | INFO | scripts.import_formations_enriched |   - Ajout du flux mensuel : (2023, 11)
2026-06-06 07:14:50,700 | INFO | scripts.import_formations_enriched |   - Ajout du flux mensuel : (2024, 4)
2026-06-06 07:14:50,701 | INFO | scripts.import_formations_enriched |   - Ajout du flux mensuel : (2025, 8)
2026-06-06 07:14:50,702 | INFO | scripts.import_formations_enriched |   - Ajout du flux mensuel : (2025, 9)
2026-06-06 07:14:50,706 | INFO | scripts.import_formations_enriched |   - Ajout du flux mensuel : (2025, 12)
2026-06-06 07:14:50,708 | INFO | scripts.import_formations_enriched |   - Ajout du flux mensuel : (2025, 2)
2026-06-06 07:14:50,709 | INFO | scripts.import_formations_enriched |   - Ajout du flux mensuel : (2026, 3)
2026-06-06 07:14:50,710 | INFO | scripts.import_formations_enriched |   - Ajout du flux mensuel : (2025, 7)
2026-06-06 07:14:50,714 | INFO | scripts.import_formations_enriched |   - Ajout du flux mensuel : (2024, 1)
2026-06-06 07:14:50,716 | INFO | scripts.import_formations_enriched |   - Ajout du flux mensuel : (2023, 12)
2026-06-06 07:14:50,717 | INFO | scripts.import_formations_enriched |   - Ajout du flux mensuel : (2026, 2)
2026-06-06 07:14:50,718 | INFO | scripts.import_formations_enriched |   - Ajout du flux mensuel : (2024, 2)
2026-06-06 07:14:50,720 | INFO | scripts.import_formations_enriched |   - Ajout du flux mensuel : (2025, 6)
2026-06-06 07:14:50,722 | INFO | scripts.import_formations_enriched |   - Ajout du flux mensuel : (2025, 4)
2026-06-06 07:14:50,724 | INFO | scripts.import_formations_enriched |   - Ajout du flux mensuel : (2025, 10)
2026-06-06 07:14:50,725 | INFO | scripts.import_formations_enriched |   - Ajout du flux mensuel : (2024, 8)
2026-06-06 07:14:50,726 | INFO | scripts.import_formations_enriched |   - Ajout du flux mensuel : (2024, 9)
2026-06-06 07:14:50,727 | INFO | scripts.import_formations_enriched |   - Ajout du flux mensuel : (2025, 5)
2026-06-06 07:14:50,729 | INFO | scripts.import_formations_enriched |   - Ajout du flux mensuel : (2025, 11)
2026-06-06 07:14:50,730 | INFO | scripts.import_formations_enriched |   - Ajout du flux mensuel : (2026, 5)
2026-06-06 07:14:50,731 | INFO | scripts.import_formations_enriched |   - Ajout du flux mensuel : (2023, 10)
2026-06-06 07:14:50,733 | INFO | scripts.import_formations_enriched |   - Ajout du flux mensuel : (2024, 6)
2026-06-06 07:14:50,734 | INFO | scripts.import_formations_enriched |   - Ajout du flux mensuel : (2024, 3)
2026-06-06 07:14:50,736 | INFO | scripts.import_formations_enriched |   - Ajout du flux mensuel : (2024, 10)
2026-06-06 07:14:50,737 | INFO | scripts.import_formations_enriched |   - Ajout du flux mensuel : (2024, 12)
2026-06-06 07:14:50,739 | INFO | scripts.import_formations_enriched |   - Ajout du flux mensuel : (2024, 5)
2026-06-06 07:14:50,740 | INFO | scripts.import_formations_enriched |   - Ajout du flux mensuel : (2023, 9)
2026-06-06 07:14:50,741 | INFO | scripts.import_formations_enriched |   - Ajout du flux mensuel : (2024, 11)
2026-06-06 07:14:50,743 | INFO | scripts.import_formations_enriched |   - Ajout du flux mensuel : (2025, 1)
2026-06-06 07:14:50,744 | INFO | scripts.import_formations_enriched |   - Ajout du flux mensuel : (2026, 4)
2026-06-06 07:14:50,745 | INFO | scripts.import_formations_enriched |   - Ajout du flux mensuel : (2024, 7)
2026-06-06 07:14:50,786 | INFO | scripts.import_formations_enriched | Import de la formation : TP Développeur web et web mobile (SIRET: 85289592900010)
2026-06-06 07:14:50,787 | INFO | scripts.import_formations_enriched |   - Ajout du flux mensuel : (2025, 10)
2026-06-06 07:14:50,792 | INFO | scripts.import_formations_enriched |   - Ajout du code ROME : M1805
2026-06-06 07:14:50,793 | INFO | scripts.import_formations_enriched |   - Ajout du flux mensuel : (2025, 6)
2026-06-06 07:14:50,795 | INFO | scripts.import_formations_enriched |   - Ajout du flux mensuel : (2024, 9)
2026-06-06 07:14:50,796 | INFO | scripts.import_formations_enriched |   - Ajout du flux mensuel : (2025, 3)
2026-06-06 07:14:50,798 | INFO | scripts.import_formations_enriched |   - Ajout du flux mensuel : (2024, 2)
2026-06-06 07:14:50,799 | INFO | scripts.import_formations_enriched |   - Ajout du flux mensuel : (2025, 9)
2026-06-06 07:14:50,801 | INFO | scripts.import_formations_enriched |   - Ajout du flux mensuel : (2023, 10)
2026-06-06 07:14:50,803 | INFO | scripts.import_formations_enriched |   - Ajout du flux mensuel : (2024, 5)
2026-06-06 07:14:50,804 | INFO | scripts.import_formations_enriched |   - Ajout du flux mensuel : (2025, 11)
2026-06-06 07:14:50,806 | INFO | scripts.import_formations_enriched |   - Ajout du flux mensuel : (2025, 2)
2026-06-06 07:14:50,807 | INFO | scripts.import_formations_enriched |   - Ajout du flux mensuel : (2025, 5)
2026-06-06 07:14:50,808 | INFO | scripts.import_formations_enriched |   - Ajout du flux mensuel : (2024, 1)
2026-06-06 07:14:50,809 | INFO | scripts.import_formations_enriched |   - Ajout du flux mensuel : (2023, 12)
2026-06-06 07:14:50,810 | INFO | scripts.import_formations_enriched |   - Ajout du flux mensuel : (2024, 6)
2026-06-06 07:14:50,812 | INFO | scripts.import_formations_enriched |   - Ajout du flux mensuel : (2025, 4)
2026-06-06 07:14:50,814 | INFO | scripts.import_formations_enriched |   - Ajout du flux mensuel : (2024, 10)
2026-06-06 07:14:50,815 | INFO | scripts.import_formations_enriched |   - Ajout du flux mensuel : (2024, 3)
2026-06-06 07:14:50,816 | INFO | scripts.import_formations_enriched |   - Ajout du flux mensuel : (2024, 11)
2026-06-06 07:14:50,818 | INFO | scripts.import_formations_enriched |   - Ajout du flux mensuel : (2024, 7)
2026-06-06 07:14:50,853 | INFO | scripts.import_formations_enriched | Import de la formation : Développeur Web (SIRET: 83038992000034)
2026-06-06 07:14:50,855 | INFO | scripts.import_formations_enriched |   - Ajout du flux mensuel : (2025, 7)
2026-06-06 07:14:50,860 | INFO | scripts.import_formations_enriched |   - Ajout du code ROME : M1805
2026-06-06 07:14:50,862 | INFO | scripts.import_formations_enriched |   - Ajout du flux mensuel : (2025, 10)
2026-06-06 07:14:50,864 | INFO | scripts.import_formations_enriched |   - Ajout du flux mensuel : (2026, 4)
2026-06-06 07:14:50,866 | INFO | scripts.import_formations_enriched |   - Ajout du flux mensuel : (2025, 8)
2026-06-06 07:14:50,868 | INFO | scripts.import_formations_enriched |   - Ajout du flux mensuel : (2025, 9)
2026-06-06 07:14:50,869 | INFO | scripts.import_formations_enriched |   - Ajout du flux mensuel : (2026, 1)
2026-06-06 07:14:50,870 | INFO | scripts.import_formations_enriched |   - Ajout du flux mensuel : (2025, 6)
2026-06-06 07:14:50,872 | INFO | scripts.import_formations_enriched |   - Ajout du flux mensuel : (2026, 2)
2026-06-06 07:14:50,899 | INFO | scripts.import_formations_enriched | Import de la formation : Concepteur UI et webdesign (SIRET: 89784707500016)
2026-06-06 07:14:50,901 | INFO | scripts.import_formations_enriched |   - Ajout du flux mensuel : (2025, 10)
2026-06-06 07:14:50,908 | INFO | scripts.import_formations_enriched |   - Ajout du code ROME : E1205
2026-06-06 07:14:50,909 | INFO | scripts.import_formations_enriched |   - Ajout du flux mensuel : (2024, 5)
2026-06-06 07:14:50,912 | INFO | scripts.import_formations_enriched |   - Ajout du flux mensuel : (2024, 2)
2026-06-06 07:14:50,913 | INFO | scripts.import_formations_enriched |   - Ajout du flux mensuel : (2024, 3)
2026-06-06 07:14:50,915 | INFO | scripts.import_formations_enriched |   - Ajout du flux mensuel : (2025, 11)
2026-06-06 07:14:50,916 | INFO | scripts.import_formations_enriched |   - Ajout du flux mensuel : (2024, 7)
2026-06-06 07:14:50,918 | INFO | scripts.import_formations_enriched |   - Ajout du flux mensuel : (2024, 4)
2026-06-06 07:14:50,920 | INFO | scripts.import_formations_enriched |   - Ajout du flux mensuel : (2024, 12)
2026-06-06 07:14:50,962 | INFO | scripts.import_formations_enriched | Import de la formation : TP Technicien informatique de proximité (SIRET: 85119528900018)
2026-06-06 07:14:50,964 | INFO | scripts.import_formations_enriched |   - Ajout du flux mensuel : (2025, 9)
2026-06-06 07:14:50,972 | INFO | scripts.import_formations_enriched |   - Ajout du code ROME : I1401
2026-06-06 07:14:50,974 | INFO | scripts.import_formations_enriched |   - Ajout du flux mensuel : (2025, 10)
2026-06-06 07:14:50,975 | INFO | scripts.import_formations_enriched |   - Ajout du flux mensuel : (2025, 11)
2026-06-06 07:14:50,999 | INFO | scripts.import_formations_enriched | Import de la formation : TP Technicien supérieur systèmes et réseaux (SIRET: 79938326000012)
2026-06-06 07:14:51,001 | INFO | scripts.import_formations_enriched |   - Ajout du flux mensuel : (2025, 9)
2026-06-06 07:14:51,007 | INFO | scripts.import_formations_enriched |   - Ajout du code ROME : I1401
2026-06-06 07:14:51,013 | INFO | scripts.import_formations_enriched |   - Ajout du code ROME : M1810
2026-06-06 07:14:51,014 | INFO | scripts.import_formations_enriched |   - Ajout du flux mensuel : (2026, 2)
2026-06-06 07:14:51,016 | INFO | scripts.import_formations_enriched |   - Ajout du flux mensuel : (2026, 3)
2026-06-06 07:14:51,042 | INFO | scripts.import_formations_enriched | Import de la formation : Chef de projet webmarketing et e-commerce (SIRET: 81380459800015)
2026-06-06 07:14:51,043 | INFO | scripts.import_formations_enriched |   - Ajout du flux mensuel : (2026, 4)
2026-06-06 07:14:51,049 | INFO | scripts.import_formations_enriched |   - Ajout du code ROME : E1103
2026-06-06 07:14:51,060 | INFO | scripts.import_formations_enriched |   - Ajout du code ROME : E1401
2026-06-06 07:14:51,065 | INFO | scripts.import_formations_enriched |   - Ajout du code ROME : M1705
2026-06-06 07:14:51,070 | INFO | scripts.import_formations_enriched |   - Ajout du code ROME : M1706
2026-06-06 07:14:51,077 | INFO | scripts.import_formations_enriched |   - Ajout du code ROME : M1707
2026-06-06 07:14:51,079 | INFO | scripts.import_formations_enriched |   - Ajout du flux mensuel : (2025, 10)
2026-06-06 07:14:51,080 | INFO | scripts.import_formations_enriched |   - Ajout du flux mensuel : (2026, 1)
2026-06-06 07:14:51,082 | INFO | scripts.import_formations_enriched |   - Ajout du flux mensuel : (2026, 3)
2026-06-06 07:14:51,083 | INFO | scripts.import_formations_enriched |   - Ajout du flux mensuel : (2025, 12)
2026-06-06 07:14:51,085 | INFO | scripts.import_formations_enriched |   - Ajout du flux mensuel : (2026, 2)
2026-06-06 07:14:51,086 | INFO | scripts.import_formations_enriched |   - Ajout du flux mensuel : (2026, 5)
2026-06-06 07:14:51,139 | INFO | scripts.import_formations_enriched | Import de la formation : LICENCE Informatique (fiche nationale) (SIRET: 44911357000013)
2026-06-06 07:14:51,164 | INFO | scripts.import_formations_enriched |   - Ajout du flux mensuel : (2025, 10)
2026-06-06 07:14:51,184 | INFO | scripts.import_formations_enriched |   - Ajout du code ROME : I1401
2026-06-06 07:14:51,206 | INFO | scripts.import_formations_enriched |   - Ajout du code ROME : M1801
2026-06-06 07:14:51,226 | INFO | scripts.import_formations_enriched |   - Ajout du code ROME : M1802
2026-06-06 07:14:51,242 | INFO | scripts.import_formations_enriched |   - Ajout du code ROME : M1805
2026-06-06 07:14:51,262 | INFO | scripts.import_formations_enriched |   - Ajout du code ROME : M1810
2026-06-06 07:14:51,282 | INFO | scripts.import_formations_enriched |   - Ajout du flux mensuel : (2025, 3)
2026-06-06 07:14:51,333 | INFO | scripts.import_formations_enriched | Import de la formation : Gestionnaire en maintenance et support informatique (SIRET: 34270750200718)
2026-06-06 07:14:51,343 | INFO | scripts.import_formations_enriched |   - Ajout du flux mensuel : (2026, 3)
2026-06-06 07:14:51,358 | INFO | scripts.import_formations_enriched |   - Ajout du code ROME : I1401
2026-06-06 07:14:51,376 | INFO | scripts.import_formations_enriched |   - Ajout du code ROME : M1801
2026-06-06 07:14:51,390 | INFO | scripts.import_formations_enriched |   - Ajout du code ROME : M1810
2026-06-06 07:14:51,397 | INFO | scripts.import_formations_enriched |   - Ajout du flux mensuel : (2026, 2)
2026-06-06 07:14:51,402 | INFO | scripts.import_formations_enriched |   - Ajout du flux mensuel : (2025, 12)
2026-06-06 07:14:51,449 | INFO | scripts.import_formations_enriched | Import de la formation : MASTER Informatique (fiche nationale) (SIRET: 19762762300097)
2026-06-06 07:14:51,459 | INFO | scripts.import_formations_enriched |   - Ajout du flux mensuel : (2025, 10)
2026-06-06 07:14:51,466 | INFO | scripts.import_formations_enriched |   - Ajout du code ROME : M1801
2026-06-06 07:14:51,475 | INFO | scripts.import_formations_enriched |   - Ajout du code ROME : M1802
2026-06-06 07:14:51,485 | INFO | scripts.import_formations_enriched |   - Ajout du code ROME : M1803
2026-06-06 07:14:51,490 | INFO | scripts.import_formations_enriched |   - Ajout du code ROME : M1805
2026-06-06 07:14:51,498 | INFO | scripts.import_formations_enriched |   - Ajout du code ROME : M1806
2026-06-06 07:14:51,525 | INFO | scripts.import_formations_enriched | Import de la formation : TP Développeur web et web mobile (SIRET: 91858529000011)
2026-06-06 07:14:51,528 | INFO | scripts.import_formations_enriched |   - Ajout du flux mensuel : (2024, 8)
2026-06-06 07:14:51,535 | INFO | scripts.import_formations_enriched |   - Ajout du code ROME : M1805
2026-06-06 07:14:51,546 | INFO | scripts.import_formations_enriched |   - Ajout du flux mensuel : (2024, 10)
2026-06-06 07:14:51,553 | INFO | scripts.import_formations_enriched |   - Ajout du flux mensuel : (2024, 9)
2026-06-06 07:14:51,582 | INFO | scripts.import_formations_enriched | Import de la formation : Expert en cybersécurité (SIRET: 39039183700031)
2026-06-06 07:14:51,600 | INFO | scripts.import_formations_enriched |   - Ajout du flux mensuel : (2025, 5)
2026-06-06 07:14:51,608 | INFO | scripts.import_formations_enriched |   - Ajout du code ROME : M1802
2026-06-06 07:14:51,618 | INFO | scripts.import_formations_enriched |   - Ajout du code ROME : M1803
2026-06-06 07:14:51,637 | INFO | scripts.import_formations_enriched |   - Ajout du code ROME : M1805
2026-06-06 07:14:51,653 | INFO | scripts.import_formations_enriched |   - Ajout du code ROME : M1806
2026-06-06 07:14:51,663 | INFO | scripts.import_formations_enriched |   - Ajout du flux mensuel : (2025, 11)
2026-06-06 07:14:51,667 | INFO | scripts.import_formations_enriched |   - Ajout du flux mensuel : (2025, 4)
2026-06-06 07:14:51,676 | INFO | scripts.import_formations_enriched |   - Ajout du flux mensuel : (2026, 1)
2026-06-06 07:14:51,680 | INFO | scripts.import_formations_enriched |   - Ajout du flux mensuel : (2024, 11)
2026-06-06 07:14:51,684 | INFO | scripts.import_formations_enriched |   - Ajout du flux mensuel : (2023, 11)
2026-06-06 07:14:51,687 | INFO | scripts.import_formations_enriched |   - Ajout du flux mensuel : (2025, 6)
2026-06-06 07:14:51,690 | INFO | scripts.import_formations_enriched |   - Ajout du flux mensuel : (2025, 1)
2026-06-06 07:14:51,722 | INFO | scripts.import_formations_enriched | Import de la formation : LICENCE Informatique (fiche nationale) (SIRET: 34022316300023)
2026-06-06 07:14:51,727 | INFO | scripts.import_formations_enriched |   - Ajout du flux mensuel : (2025, 10)
2026-06-06 07:14:51,732 | INFO | scripts.import_formations_enriched |   - Ajout du code ROME : I1401
2026-06-06 07:14:51,737 | INFO | scripts.import_formations_enriched |   - Ajout du code ROME : M1801
2026-06-06 07:14:51,744 | INFO | scripts.import_formations_enriched |   - Ajout du code ROME : M1802
2026-06-06 07:14:51,751 | INFO | scripts.import_formations_enriched |   - Ajout du code ROME : M1805
2026-06-06 07:14:51,755 | INFO | scripts.import_formations_enriched |   - Ajout du code ROME : M1810
2026-06-06 07:14:51,780 | INFO | scripts.import_formations_enriched | Import de la formation : Administrateur systèmes et réseaux (SIRET: 34270750200643)
2026-06-06 07:14:51,781 | INFO | scripts.import_formations_enriched |   - Ajout du flux mensuel : (2025, 10)
2026-06-06 07:14:51,783 | INFO | scripts.import_formations_enriched |   - Ajout du code ROME : M1801
2026-06-06 07:14:51,785 | INFO | scripts.import_formations_enriched |   - Ajout du code ROME : M1802
2026-06-06 07:14:51,789 | INFO | scripts.import_formations_enriched |   - Ajout du code ROME : M1805
2026-06-06 07:14:51,794 | INFO | scripts.import_formations_enriched |   - Ajout du code ROME : M1806
2026-06-06 07:14:51,798 | INFO | scripts.import_formations_enriched |   - Ajout du code ROME : M1810
2026-06-06 07:14:51,813 | INFO | scripts.import_formations_enriched | Import de la formation : MASTER Mathématiques et informatique appliquées aux sciences humaines et sociales - MIASHS (fiche nationale) (SIRET: 13002608100013)
2026-06-06 07:14:51,815 | INFO | scripts.import_formations_enriched |   - Ajout du flux mensuel : (2024, 10)
2026-06-06 07:14:51,818 | INFO | scripts.import_formations_enriched |   - Ajout du code ROME : M1206
2026-06-06 07:14:51,823 | INFO | scripts.import_formations_enriched |   - Ajout du code ROME : M1403
2026-06-06 07:14:51,826 | INFO | scripts.import_formations_enriched |   - Ajout du code ROME : M1802
2026-06-06 07:14:51,830 | INFO | scripts.import_formations_enriched |   - Ajout du code ROME : M1805
2026-06-06 07:14:51,833 | INFO | scripts.import_formations_enriched |   - Ajout du code ROME : M1806
2026-06-06 07:14:51,848 | INFO | scripts.import_formations_enriched | Import de la formation : Licence Professionnelle Activités juridiques : mandataire judiciaire à la protection des majeurs (fiche nationale) (SIRET: 31450443200027)
2026-06-06 07:14:51,849 | INFO | scripts.import_formations_enriched |   - Ajout du flux mensuel : (2024, 9)
2026-06-06 07:14:51,852 | INFO | scripts.import_formations_enriched |   - Ajout du code ROME : K1102
2026-06-06 07:14:51,853 | INFO | scripts.import_formations_enriched |   - Ajout du flux mensuel : (2025, 9)
2026-06-06 07:14:51,855 | INFO | scripts.import_formations_enriched |   - Ajout du flux mensuel : (2025, 10)
2026-06-06 07:14:51,856 | INFO | scripts.import_formations_enriched |   - Ajout du flux mensuel : (2025, 2)
2026-06-06 07:14:51,873 | INFO | scripts.import_formations_enriched | Import de la formation : TP Développeur web et web mobile (SIRET: 83069794200027)
2026-06-06 07:14:51,875 | INFO | scripts.import_formations_enriched |   - Ajout du flux mensuel : (2023, 11)
2026-06-06 07:14:51,879 | INFO | scripts.import_formations_enriched |   - Ajout du code ROME : M1805
2026-06-06 07:14:51,879 | INFO | scripts.import_formations_enriched |   - Ajout du flux mensuel : (2024, 9)
2026-06-06 07:14:51,880 | INFO | scripts.import_formations_enriched |   - Ajout du flux mensuel : (2024, 7)
2026-06-06 07:14:51,880 | INFO | scripts.import_formations_enriched |   - Ajout du flux mensuel : (2024, 5)
2026-06-06 07:14:51,881 | INFO | scripts.import_formations_enriched |   - Ajout du flux mensuel : (2024, 10)
2026-06-06 07:14:51,883 | INFO | scripts.import_formations_enriched |   - Ajout du flux mensuel : (2024, 2)
2026-06-06 07:14:51,883 | INFO | scripts.import_formations_enriched |   - Ajout du flux mensuel : (2024, 1)
2026-06-06 07:14:51,884 | INFO | scripts.import_formations_enriched |   - Ajout du flux mensuel : (2024, 11)
2026-06-06 07:14:51,884 | INFO | scripts.import_formations_enriched |   - Ajout du flux mensuel : (2024, 4)
2026-06-06 07:14:51,884 | INFO | scripts.import_formations_enriched |   - Ajout du flux mensuel : (2024, 3)
2026-06-06 07:14:51,885 | INFO | scripts.import_formations_enriched |   - Ajout du flux mensuel : (2024, 8)
2026-06-06 07:14:51,885 | INFO | scripts.import_formations_enriched |   - Ajout du flux mensuel : (2023, 12)
2026-06-06 07:14:51,903 | INFO | scripts.import_formations_enriched | Import de la formation : TP Concepteur développeur d'applications (SIRET: 44321186700025)
2026-06-06 07:14:51,905 | INFO | scripts.import_formations_enriched |   - Ajout du flux mensuel : (2024, 8)
2026-06-06 07:14:51,909 | INFO | scripts.import_formations_enriched |   - Ajout du code ROME : M1805
2026-06-06 07:14:51,910 | INFO | scripts.import_formations_enriched |   - Ajout du flux mensuel : (2024, 11)
2026-06-06 07:14:51,911 | INFO | scripts.import_formations_enriched |   - Ajout du flux mensuel : (2025, 1)
2026-06-06 07:14:51,912 | INFO | scripts.import_formations_enriched |   - Ajout du flux mensuel : (2025, 4)
2026-06-06 07:14:51,913 | INFO | scripts.import_formations_enriched |   - Ajout du flux mensuel : (2024, 10)
2026-06-06 07:14:51,913 | INFO | scripts.import_formations_enriched |   - Ajout du flux mensuel : (2025, 3)
2026-06-06 07:14:51,915 | INFO | scripts.import_formations_enriched |   - Ajout du flux mensuel : (2025, 6)
2026-06-06 07:14:51,916 | INFO | scripts.import_formations_enriched |   - Ajout du flux mensuel : (2024, 5)
2026-06-06 07:14:51,933 | INFO | scripts.import_formations_enriched | Import de la formation : Développeur en intelligence artificielle (SIRET: 82951312600047)
2026-06-06 07:14:51,934 | INFO | scripts.import_formations_enriched |   - Ajout du flux mensuel : (2024, 1)
2026-06-06 07:14:51,938 | INFO | scripts.import_formations_enriched |   - Ajout du code ROME : M1805
2026-06-06 07:14:51,940 | INFO | scripts.import_formations_enriched |   - Ajout du flux mensuel : (2024, 10)
2026-06-06 07:14:51,941 | INFO | scripts.import_formations_enriched |   - Ajout du flux mensuel : (2024, 6)
2026-06-06 07:14:51,942 | INFO | scripts.import_formations_enriched |   - Ajout du flux mensuel : (2024, 11)
2026-06-06 07:14:51,943 | INFO | scripts.import_formations_enriched |   - Ajout du flux mensuel : (2024, 9)
2026-06-06 07:14:51,944 | INFO | scripts.import_formations_enriched |   - Ajout du flux mensuel : (2023, 12)
2026-06-06 07:14:51,945 | INFO | scripts.import_formations_enriched |   - Ajout du flux mensuel : (2024, 5)
2026-06-06 07:14:51,946 | INFO | scripts.import_formations_enriched |   - Ajout du flux mensuel : (2024, 4)
2026-06-06 07:14:51,947 | INFO | scripts.import_formations_enriched |   - Ajout du flux mensuel : (2024, 8)
2026-06-06 07:14:51,948 | INFO | scripts.import_formations_enriched |   - Ajout du flux mensuel : (2024, 7)
2026-06-06 07:14:51,949 | INFO | scripts.import_formations_enriched |   - Ajout du flux mensuel : (2024, 3)
2026-06-06 07:14:51,968 | INFO | scripts.import_formations_enriched | Import de la formation : TP Technicien informatique de proximité (SIRET: 53018898600059)
2026-06-06 07:14:51,969 | INFO | scripts.import_formations_enriched |   - Ajout du flux mensuel : (2025, 12)
2026-06-06 07:14:51,973 | INFO | scripts.import_formations_enriched |   - Ajout du code ROME : I1401
2026-06-06 07:14:51,974 | INFO | scripts.import_formations_enriched |   - Ajout du flux mensuel : (2026, 3)
2026-06-06 07:14:51,975 | INFO | scripts.import_formations_enriched |   - Ajout du flux mensuel : (2026, 5)
2026-06-06 07:14:51,976 | INFO | scripts.import_formations_enriched |   - Ajout du flux mensuel : (2026, 2)
2026-06-06 07:14:51,977 | INFO | scripts.import_formations_enriched |   - Ajout du flux mensuel : (2026, 1)
2026-06-06 07:14:51,977 | INFO | scripts.import_formations_enriched |   - Ajout du flux mensuel : (2026, 4)
2026-06-06 07:14:51,995 | INFO | scripts.import_formations_enriched | Import de la formation : TP Développeur web et web mobile (SIRET: 39014842700094)
2026-06-06 07:14:51,996 | INFO | scripts.import_formations_enriched |   - Ajout du flux mensuel : (2025, 2)
2026-06-06 07:14:51,999 | INFO | scripts.import_formations_enriched |   - Ajout du code ROME : M1805
2026-06-06 07:14:52,000 | INFO | scripts.import_formations_enriched |   - Ajout du flux mensuel : (2024, 8)
2026-06-06 07:14:52,001 | INFO | scripts.import_formations_enriched |   - Ajout du flux mensuel : (2025, 3)
2026-06-06 07:14:52,002 | INFO | scripts.import_formations_enriched |   - Ajout du flux mensuel : (2025, 9)
2026-06-06 07:14:52,003 | INFO | scripts.import_formations_enriched |   - Ajout du flux mensuel : (2025, 1)
2026-06-06 07:14:52,004 | INFO | scripts.import_formations_enriched |   - Ajout du flux mensuel : (2024, 11)
2026-06-06 07:14:52,020 | INFO | scripts.import_formations_enriched | Import de la formation : TP Développeur web et web mobile (SIRET: 48908897100077)
2026-06-06 07:14:52,021 | INFO | scripts.import_formations_enriched |   - Ajout du flux mensuel : (2026, 2)
2026-06-06 07:14:52,024 | INFO | scripts.import_formations_enriched |   - Ajout du code ROME : M1805
2026-06-06 07:14:52,026 | INFO | scripts.import_formations_enriched |   - Ajout du flux mensuel : (2026, 3)
2026-06-06 07:14:52,026 | INFO | scripts.import_formations_enriched |   - Ajout du flux mensuel : (2026, 1)
2026-06-06 07:14:52,027 | INFO | scripts.import_formations_enriched |   - Ajout du flux mensuel : (2026, 5)
2026-06-06 07:14:52,044 | INFO | scripts.import_formations_enriched | Import de la formation : Architecte réseaux et cybersécurité (MS) (SIRET: 18009202500162)
2026-06-06 07:14:52,045 | INFO | scripts.import_formations_enriched |   - Ajout du flux mensuel : (2025, 10)
2026-06-06 07:14:52,048 | INFO | scripts.import_formations_enriched |   - Ajout du code ROME : M1801
2026-06-06 07:14:52,051 | INFO | scripts.import_formations_enriched |   - Ajout du code ROME : M1802
2026-06-06 07:14:52,055 | INFO | scripts.import_formations_enriched |   - Ajout du code ROME : M1803
2026-06-06 07:14:52,058 | INFO | scripts.import_formations_enriched |   - Ajout du code ROME : M1804
2026-06-06 07:14:52,063 | INFO | scripts.import_formations_enriched |   - Ajout du code ROME : M1806
2026-06-06 07:14:52,065 | INFO | scripts.import_formations_enriched |   - Ajout du flux mensuel : (2024, 9)
2026-06-06 07:14:52,066 | INFO | scripts.import_formations_enriched |   - Ajout du flux mensuel : (2025, 9)
2026-06-06 07:14:52,066 | INFO | scripts.import_formations_enriched |   - Ajout du flux mensuel : (2025, 4)
2026-06-06 07:14:52,067 | INFO | scripts.import_formations_enriched |   - Ajout du flux mensuel : (2026, 2)
2026-06-06 07:14:52,069 | INFO | scripts.import_formations_enriched |   - Ajout du flux mensuel : (2024, 10)
2026-06-06 07:14:52,069 | INFO | scripts.import_formations_enriched |   - Ajout du flux mensuel : (2024, 11)
2026-06-06 07:14:52,091 | INFO | scripts.import_formations_enriched | Import de la formation : TP Concepteur développeur d'applications (SIRET: 91114836900018)
2026-06-06 07:14:52,093 | INFO | scripts.import_formations_enriched |   - Ajout du flux mensuel : (2024, 11)
2026-06-06 07:14:52,098 | INFO | scripts.import_formations_enriched |   - Ajout du code ROME : M1805
2026-06-06 07:14:52,099 | INFO | scripts.import_formations_enriched |   - Ajout du flux mensuel : (2025, 3)
2026-06-06 07:14:52,101 | INFO | scripts.import_formations_enriched |   - Ajout du flux mensuel : (2024, 9)
2026-06-06 07:14:52,102 | INFO | scripts.import_formations_enriched |   - Ajout du flux mensuel : (2025, 1)
2026-06-06 07:14:52,104 | INFO | scripts.import_formations_enriched |   - Ajout du flux mensuel : (2024, 3)
2026-06-06 07:14:52,105 | INFO | scripts.import_formations_enriched |   - Ajout du flux mensuel : (2025, 12)
2026-06-06 07:14:52,106 | INFO | scripts.import_formations_enriched |   - Ajout du flux mensuel : (2026, 5)
2026-06-06 07:14:52,108 | INFO | scripts.import_formations_enriched |   - Ajout du flux mensuel : (2025, 5)
2026-06-06 07:14:52,109 | INFO | scripts.import_formations_enriched |   - Ajout du flux mensuel : (2024, 6)
2026-06-06 07:14:52,111 | INFO | scripts.import_formations_enriched |   - Ajout du flux mensuel : (2024, 4)
2026-06-06 07:14:52,112 | INFO | scripts.import_formations_enriched |   - Ajout du flux mensuel : (2024, 12)
2026-06-06 07:14:52,114 | INFO | scripts.import_formations_enriched |   - Ajout du flux mensuel : (2024, 7)
2026-06-06 07:14:52,115 | INFO | scripts.import_formations_enriched |   - Ajout du flux mensuel : (2024, 5)
2026-06-06 07:14:52,116 | INFO | scripts.import_formations_enriched |   - Ajout du flux mensuel : (2024, 8)
2026-06-06 07:14:52,118 | INFO | scripts.import_formations_enriched |   - Ajout du flux mensuel : (2024, 10)
2026-06-06 07:14:52,119 | INFO | scripts.import_formations_enriched |   - Ajout du flux mensuel : (2025, 10)
2026-06-06 07:14:52,120 | INFO | scripts.import_formations_enriched |   - Ajout du flux mensuel : (2024, 1)
2026-06-06 07:14:52,124 | INFO | scripts.import_formations_enriched |   - Ajout du flux mensuel : (2024, 2)
2026-06-06 07:14:52,126 | INFO | scripts.import_formations_enriched |   - Ajout du flux mensuel : (2025, 4)
2026-06-06 07:14:52,127 | INFO | scripts.import_formations_enriched |   - Ajout du flux mensuel : (2026, 2)
2026-06-06 07:14:52,128 | INFO | scripts.import_formations_enriched |   - Ajout du flux mensuel : (2025, 8)
2026-06-06 07:14:52,130 | INFO | scripts.import_formations_enriched |   - Ajout du flux mensuel : (2025, 6)
2026-06-06 07:14:52,156 | INFO | scripts.import_formations_enriched | Import de la formation : TP Technicien supérieur systèmes et réseaux (SIRET: 79492606300247)
2026-06-06 07:14:52,157 | INFO | scripts.import_formations_enriched |   - Ajout du flux mensuel : (2025, 3)
2026-06-06 07:14:52,163 | INFO | scripts.import_formations_enriched |   - Ajout du code ROME : I1401
2026-06-06 07:14:52,167 | INFO | scripts.import_formations_enriched |   - Ajout du code ROME : M1810
2026-06-06 07:14:52,169 | INFO | scripts.import_formations_enriched |   - Ajout du flux mensuel : (2024, 9)
2026-06-06 07:14:52,170 | INFO | scripts.import_formations_enriched |   - Ajout du flux mensuel : (2024, 12)
2026-06-06 07:14:52,171 | INFO | scripts.import_formations_enriched |   - Ajout du flux mensuel : (2024, 5)
2026-06-06 07:14:52,172 | INFO | scripts.import_formations_enriched |   - Ajout du flux mensuel : (2024, 10)
2026-06-06 07:14:52,173 | INFO | scripts.import_formations_enriched |   - Ajout du flux mensuel : (2024, 2)
2026-06-06 07:14:52,177 | INFO | scripts.import_formations_enriched |   - Ajout du flux mensuel : (2024, 11)
2026-06-06 07:14:52,178 | INFO | scripts.import_formations_enriched |   - Ajout du flux mensuel : (2024, 3)
2026-06-06 07:14:52,179 | INFO | scripts.import_formations_enriched |   - Ajout du flux mensuel : (2023, 9)
2026-06-06 07:14:52,180 | INFO | scripts.import_formations_enriched |   - Ajout du flux mensuel : (2023, 10)
2026-06-06 07:14:52,204 | INFO | scripts.import_formations_enriched | Import de la formation : Concepteur intégrateur d'infrastructures informatiques (systèmes et réseaux, applicatives, ou de sécurité) (SIRET: 78515062400365)
2026-06-06 07:14:52,206 | INFO | scripts.import_formations_enriched |   - Ajout du flux mensuel : (2025, 10)
2026-06-06 07:14:52,210 | INFO | scripts.import_formations_enriched |   - Ajout du code ROME : M1801
2026-06-06 07:14:52,214 | INFO | scripts.import_formations_enriched |   - Ajout du code ROME : M1805
2026-06-06 07:14:52,216 | INFO | scripts.import_formations_enriched |   - Ajout du flux mensuel : (2026, 2)
2026-06-06 07:14:52,235 | INFO | scripts.import_formations_enriched | Import de la formation : Développeur Web (SIRET: 84505338800029)
2026-06-06 07:14:52,237 | INFO | scripts.import_formations_enriched |   - Ajout du flux mensuel : (2025, 10)
2026-06-06 07:14:52,246 | INFO | scripts.import_formations_enriched |   - Ajout du code ROME : M1805
2026-06-06 07:14:52,247 | INFO | scripts.import_formations_enriched |   - Ajout du flux mensuel : (2026, 4)
2026-06-06 07:14:52,248 | INFO | scripts.import_formations_enriched |   - Ajout du flux mensuel : (2025, 12)
2026-06-06 07:14:52,250 | INFO | scripts.import_formations_enriched |   - Ajout du flux mensuel : (2024, 10)
2026-06-06 07:14:52,251 | INFO | scripts.import_formations_enriched |   - Ajout du flux mensuel : (2026, 2)
2026-06-06 07:14:52,252 | INFO | scripts.import_formations_enriched |   - Ajout du flux mensuel : (2024, 11)
2026-06-06 07:14:52,253 | INFO | scripts.import_formations_enriched |   - Ajout du flux mensuel : (2025, 3)
2026-06-06 07:14:52,256 | INFO | scripts.import_formations_enriched |   - Ajout du flux mensuel : (2026, 1)
2026-06-06 07:14:52,257 | INFO | scripts.import_formations_enriched |   - Ajout du flux mensuel : (2025, 9)
2026-06-06 07:14:52,259 | INFO | scripts.import_formations_enriched |   - Ajout du flux mensuel : (2026, 3)
2026-06-06 07:14:52,260 | INFO | scripts.import_formations_enriched |   - Ajout du flux mensuel : (2025, 4)
2026-06-06 07:14:52,262 | INFO | scripts.import_formations_enriched |   - Ajout du flux mensuel : (2025, 2)
2026-06-06 07:14:52,264 | INFO | scripts.import_formations_enriched |   - Ajout du flux mensuel : (2025, 11)
2026-06-06 07:14:52,265 | INFO | scripts.import_formations_enriched |   - Ajout du flux mensuel : (2025, 5)
2026-06-06 07:14:52,266 | INFO | scripts.import_formations_enriched |   - Ajout du flux mensuel : (2025, 7)
2026-06-06 07:14:52,296 | INFO | scripts.import_formations_enriched | Import de la formation : LICENCE Informatique (fiche nationale) (SIRET: 44320628900045)
2026-06-06 07:14:52,298 | INFO | scripts.import_formations_enriched |   - Ajout du flux mensuel : (2026, 2)
2026-06-06 07:14:52,302 | INFO | scripts.import_formations_enriched |   - Ajout du code ROME : I1401
2026-06-06 07:14:52,307 | INFO | scripts.import_formations_enriched |   - Ajout du code ROME : M1801
2026-06-06 07:14:52,312 | INFO | scripts.import_formations_enriched |   - Ajout du code ROME : M1802
2026-06-06 07:14:52,317 | INFO | scripts.import_formations_enriched |   - Ajout du code ROME : M1805
2026-06-06 07:14:52,321 | INFO | scripts.import_formations_enriched |   - Ajout du code ROME : M1810
2026-06-06 07:14:52,323 | INFO | scripts.import_formations_enriched |   - Ajout du flux mensuel : (2026, 3)
2026-06-06 07:14:52,324 | INFO | scripts.import_formations_enriched |   - Ajout du flux mensuel : (2026, 4)
2026-06-06 07:14:52,325 | INFO | scripts.import_formations_enriched |   - Ajout du flux mensuel : (2025, 10)
2026-06-06 07:14:52,328 | INFO | scripts.import_formations_enriched |   - Ajout du flux mensuel : (2025, 11)
2026-06-06 07:14:52,329 | INFO | scripts.import_formations_enriched |   - Ajout du flux mensuel : (2025, 3)
2026-06-06 07:14:52,331 | INFO | scripts.import_formations_enriched |   - Ajout du flux mensuel : (2026, 1)
2026-06-06 07:14:52,355 | INFO | scripts.import_formations_enriched | Import de la formation : TP Développeur web et web mobile (SIRET: 90355382400017)
2026-06-06 07:14:52,357 | INFO | scripts.import_formations_enriched |   - Ajout du flux mensuel : (2024, 3)
2026-06-06 07:14:52,362 | INFO | scripts.import_formations_enriched |   - Ajout du code ROME : M1805
2026-06-06 07:14:52,363 | INFO | scripts.import_formations_enriched |   - Ajout du flux mensuel : (2023, 10)
2026-06-06 07:14:52,364 | INFO | scripts.import_formations_enriched |   - Ajout du flux mensuel : (2024, 9)
2026-06-06 07:14:52,365 | INFO | scripts.import_formations_enriched |   - Ajout du flux mensuel : (2023, 12)
2026-06-06 07:14:52,367 | INFO | scripts.import_formations_enriched |   - Ajout du flux mensuel : (2023, 11)
2026-06-06 07:14:52,368 | INFO | scripts.import_formations_enriched |   - Ajout du flux mensuel : (2024, 1)
2026-06-06 07:14:52,370 | INFO | scripts.import_formations_enriched |   - Ajout du flux mensuel : (2024, 7)
2026-06-06 07:14:52,371 | INFO | scripts.import_formations_enriched |   - Ajout du flux mensuel : (2024, 2)
2026-06-06 07:14:52,395 | INFO | scripts.import_formations_enriched | Import de la formation : TP Développeur web et web mobile (SIRET: 81067806000015)
2026-06-06 07:14:52,396 | INFO | scripts.import_formations_enriched |   - Ajout du flux mensuel : (2024, 3)
2026-06-06 07:14:52,401 | INFO | scripts.import_formations_enriched |   - Ajout du code ROME : M1805
2026-06-06 07:14:52,403 | INFO | scripts.import_formations_enriched |   - Ajout du flux mensuel : (2023, 11)
2026-06-06 07:14:52,408 | INFO | scripts.import_formations_enriched |   - Ajout du flux mensuel : (2024, 1)
2026-06-06 07:14:52,410 | INFO | scripts.import_formations_enriched |   - Ajout du flux mensuel : (2024, 2)
2026-06-06 07:14:52,411 | INFO | scripts.import_formations_enriched |   - Ajout du flux mensuel : (2023, 12)
2026-06-06 07:14:52,412 | INFO | scripts.import_formations_enriched |   - Ajout du flux mensuel : (2023, 10)
2026-06-06 07:14:52,435 | INFO | scripts.import_formations_enriched | Import de la formation : TP Développeur web et web mobile (SIRET: 82277112700039)
2026-06-06 07:14:52,436 | INFO | scripts.import_formations_enriched |   - Ajout du flux mensuel : (2024, 11)
2026-06-06 07:14:52,447 | INFO | scripts.import_formations_enriched |   - Ajout du code ROME : M1805
2026-06-06 07:14:52,448 | INFO | scripts.import_formations_enriched |   - Ajout du flux mensuel : (2025, 11)
2026-06-06 07:14:52,450 | INFO | scripts.import_formations_enriched |   - Ajout du flux mensuel : (2026, 5)
2026-06-06 07:14:52,451 | INFO | scripts.import_formations_enriched |   - Ajout du flux mensuel : (2025, 7)
2026-06-06 07:14:52,452 | INFO | scripts.import_formations_enriched |   - Ajout du flux mensuel : (2025, 8)
2026-06-06 07:14:52,453 | INFO | scripts.import_formations_enriched |   - Ajout du flux mensuel : (2025, 1)
2026-06-06 07:14:52,454 | INFO | scripts.import_formations_enriched |   - Ajout du flux mensuel : (2025, 2)
2026-06-06 07:14:52,455 | INFO | scripts.import_formations_enriched |   - Ajout du flux mensuel : (2025, 4)
2026-06-06 07:14:52,457 | INFO | scripts.import_formations_enriched |   - Ajout du flux mensuel : (2025, 6)
2026-06-06 07:14:52,458 | INFO | scripts.import_formations_enriched |   - Ajout du flux mensuel : (2025, 3)
2026-06-06 07:14:52,459 | INFO | scripts.import_formations_enriched |   - Ajout du flux mensuel : (2025, 5)
2026-06-06 07:14:52,460 | INFO | scripts.import_formations_enriched |   - Ajout du flux mensuel : (2026, 4)
2026-06-06 07:14:52,461 | INFO | scripts.import_formations_enriched |   - Ajout du flux mensuel : (2024, 12)
2026-06-06 07:14:52,463 | INFO | scripts.import_formations_enriched |   - Ajout du flux mensuel : (2025, 10)
2026-06-06 07:14:52,464 | INFO | scripts.import_formations_enriched |   - Ajout du flux mensuel : (2025, 9)
2026-06-06 07:14:52,465 | INFO | scripts.import_formations_enriched |   - Ajout du flux mensuel : (2026, 1)
2026-06-06 07:14:52,492 | INFO | scripts.import_formations_enriched | Import de la formation : Développeur en intelligence artificielle (SIRET: 79494991700023)
2026-06-06 07:14:52,494 | INFO | scripts.import_formations_enriched |   - Ajout du flux mensuel : (2024, 3)
2026-06-06 07:14:52,499 | INFO | scripts.import_formations_enriched |   - Ajout du code ROME : M1805
2026-06-06 07:14:52,500 | INFO | scripts.import_formations_enriched |   - Ajout du flux mensuel : (2024, 4)
2026-06-06 07:14:52,501 | INFO | scripts.import_formations_enriched |   - Ajout du flux mensuel : (2024, 2)
2026-06-06 07:14:52,503 | INFO | scripts.import_formations_enriched |   - Ajout du flux mensuel : (2024, 1)
2026-06-06 07:14:52,523 | INFO | scripts.import_formations_enriched | Import de la formation : TP Concepteur développeur d'applications (SIRET: 90126472100019)
2026-06-06 07:14:52,525 | INFO | scripts.import_formations_enriched |   - Ajout du flux mensuel : (2024, 4)
2026-06-06 07:14:52,531 | INFO | scripts.import_formations_enriched |   - Ajout du code ROME : M1805
2026-06-06 07:14:52,532 | INFO | scripts.import_formations_enriched |   - Ajout du flux mensuel : (2024, 9)
2026-06-06 07:14:52,533 | INFO | scripts.import_formations_enriched |   - Ajout du flux mensuel : (2024, 1)
2026-06-06 07:14:52,535 | INFO | scripts.import_formations_enriched |   - Ajout du flux mensuel : (2026, 3)
2026-06-06 07:14:52,536 | INFO | scripts.import_formations_enriched |   - Ajout du flux mensuel : (2025, 4)
2026-06-06 07:14:52,537 | INFO | scripts.import_formations_enriched |   - Ajout du flux mensuel : (2025, 8)
2026-06-06 07:14:52,541 | INFO | scripts.import_formations_enriched |   - Ajout du flux mensuel : (2024, 8)
2026-06-06 07:14:52,542 | INFO | scripts.import_formations_enriched |   - Ajout du flux mensuel : (2025, 3)
2026-06-06 07:14:52,566 | INFO | scripts.import_formations_enriched | Import de la formation : Concepteur UI et webdesign (SIRET: 83223114600016)
2026-06-06 07:14:52,568 | INFO | scripts.import_formations_enriched |   - Ajout du flux mensuel : (2025, 7)
2026-06-06 07:14:52,572 | INFO | scripts.import_formations_enriched |   - Ajout du code ROME : E1205
2026-06-06 07:14:52,573 | INFO | scripts.import_formations_enriched |   - Ajout du flux mensuel : (2024, 11)
2026-06-06 07:14:52,575 | INFO | scripts.import_formations_enriched |   - Ajout du flux mensuel : (2025, 5)
2026-06-06 07:14:52,576 | INFO | scripts.import_formations_enriched |   - Ajout du flux mensuel : (2024, 7)
2026-06-06 07:14:52,577 | INFO | scripts.import_formations_enriched |   - Ajout du flux mensuel : (2026, 1)
2026-06-06 07:14:52,579 | INFO | scripts.import_formations_enriched |   - Ajout du flux mensuel : (2024, 6)
2026-06-06 07:14:52,580 | INFO | scripts.import_formations_enriched |   - Ajout du flux mensuel : (2025, 12)
2026-06-06 07:14:52,581 | INFO | scripts.import_formations_enriched |   - Ajout du flux mensuel : (2025, 9)
2026-06-06 07:14:52,582 | INFO | scripts.import_formations_enriched |   - Ajout du flux mensuel : (2025, 10)
2026-06-06 07:14:52,583 | INFO | scripts.import_formations_enriched |   - Ajout du flux mensuel : (2024, 5)
2026-06-06 07:14:52,585 | INFO | scripts.import_formations_enriched |   - Ajout du flux mensuel : (2026, 2)
2026-06-06 07:14:52,586 | INFO | scripts.import_formations_enriched |   - Ajout du flux mensuel : (2026, 3)
2026-06-06 07:14:52,589 | INFO | scripts.import_formations_enriched |   - Ajout du flux mensuel : (2026, 5)
2026-06-06 07:14:52,590 | INFO | scripts.import_formations_enriched |   - Ajout du flux mensuel : (2025, 1)
2026-06-06 07:14:52,591 | INFO | scripts.import_formations_enriched |   - Ajout du flux mensuel : (2025, 2)
2026-06-06 07:14:52,593 | INFO | scripts.import_formations_enriched |   - Ajout du flux mensuel : (2025, 4)
2026-06-06 07:14:52,594 | INFO | scripts.import_formations_enriched |   - Ajout du flux mensuel : (2024, 9)
2026-06-06 07:14:52,595 | INFO | scripts.import_formations_enriched |   - Ajout du flux mensuel : (2026, 4)
2026-06-06 07:14:52,596 | INFO | scripts.import_formations_enriched |   - Ajout du flux mensuel : (2025, 3)
2026-06-06 07:14:52,597 | INFO | scripts.import_formations_enriched |   - Ajout du flux mensuel : (2025, 6)
2026-06-06 07:14:52,627 | INFO | scripts.import_formations_enriched | Import de la formation : TP Technicien informatique de proximité (SIRET: 39336786700214)
2026-06-06 07:14:52,629 | INFO | scripts.import_formations_enriched |   - Ajout du flux mensuel : (2026, 3)
2026-06-06 07:14:52,633 | INFO | scripts.import_formations_enriched |   - Ajout du code ROME : I1401
2026-06-06 07:14:52,652 | INFO | scripts.import_formations_enriched | Import de la formation : TP Technicien supérieur systèmes et réseaux (SIRET: 82409268800095)
2026-06-06 07:14:52,653 | INFO | scripts.import_formations_enriched |   - Ajout du flux mensuel : (2026, 4)
2026-06-06 07:14:52,658 | INFO | scripts.import_formations_enriched |   - Ajout du code ROME : I1401
2026-06-06 07:14:52,663 | INFO | scripts.import_formations_enriched |   - Ajout du code ROME : M1810
2026-06-06 07:14:52,665 | INFO | scripts.import_formations_enriched |   - Ajout du flux mensuel : (2025, 8)
2026-06-06 07:14:52,666 | INFO | scripts.import_formations_enriched |   - Ajout du flux mensuel : (2024, 12)
2026-06-06 07:14:52,667 | INFO | scripts.import_formations_enriched |   - Ajout du flux mensuel : (2024, 10)
2026-06-06 07:14:52,668 | INFO | scripts.import_formations_enriched |   - Ajout du flux mensuel : (2025, 6)
2026-06-06 07:14:52,670 | INFO | scripts.import_formations_enriched |   - Ajout du flux mensuel : (2024, 3)
2026-06-06 07:14:52,671 | INFO | scripts.import_formations_enriched |   - Ajout du flux mensuel : (2025, 3)
2026-06-06 07:14:52,672 | INFO | scripts.import_formations_enriched |   - Ajout du flux mensuel : (2025, 4)
2026-06-06 07:14:52,696 | INFO | scripts.import_formations_enriched | Import de la formation : Concepteur développeur d'applications web (SIRET: 79494991700023)
2026-06-06 07:14:52,698 | INFO | scripts.import_formations_enriched |   - Ajout du flux mensuel : (2025, 5)
2026-06-06 07:14:52,702 | INFO | scripts.import_formations_enriched |   - Ajout du code ROME : E1205
2026-06-06 07:14:52,707 | INFO | scripts.import_formations_enriched |   - Ajout du code ROME : M1803
2026-06-06 07:14:52,712 | INFO | scripts.import_formations_enriched |   - Ajout du code ROME : M1805
2026-06-06 07:14:52,713 | INFO | scripts.import_formations_enriched |   - Ajout du flux mensuel : (2025, 4)
2026-06-06 07:14:52,715 | INFO | scripts.import_formations_enriched |   - Ajout du flux mensuel : (2024, 11)
2026-06-06 07:14:52,716 | INFO | scripts.import_formations_enriched |   - Ajout du flux mensuel : (2024, 9)
2026-06-06 07:14:52,717 | INFO | scripts.import_formations_enriched |   - Ajout du flux mensuel : (2024, 10)
2026-06-06 07:14:52,719 | INFO | scripts.import_formations_enriched |   - Ajout du flux mensuel : (2025, 7)
2026-06-06 07:14:52,720 | INFO | scripts.import_formations_enriched |   - Ajout du flux mensuel : (2026, 2)
2026-06-06 07:14:52,722 | INFO | scripts.import_formations_enriched |   - Ajout du flux mensuel : (2025, 2)
2026-06-06 07:14:52,723 | INFO | scripts.import_formations_enriched |   - Ajout du flux mensuel : (2025, 10)
2026-06-06 07:14:52,724 | INFO | scripts.import_formations_enriched |   - Ajout du flux mensuel : (2026, 4)
2026-06-06 07:14:52,726 | INFO | scripts.import_formations_enriched |   - Ajout du flux mensuel : (2025, 9)
2026-06-06 07:14:52,727 | INFO | scripts.import_formations_enriched |   - Ajout du flux mensuel : (2026, 1)
2026-06-06 07:14:52,729 | INFO | scripts.import_formations_enriched |   - Ajout du flux mensuel : (2025, 11)
2026-06-06 07:14:52,730 | INFO | scripts.import_formations_enriched |   - Ajout du flux mensuel : (2026, 5)
2026-06-06 07:14:52,731 | INFO | scripts.import_formations_enriched |   - Ajout du flux mensuel : (2026, 3)
2026-06-06 07:14:52,732 | INFO | scripts.import_formations_enriched |   - Ajout du flux mensuel : (2025, 6)
2026-06-06 07:14:52,734 | INFO | scripts.import_formations_enriched |   - Ajout du flux mensuel : (2025, 1)
2026-06-06 07:14:52,766 | INFO | scripts.import_formations_enriched | Import de la formation : TP Concepteur développeur d'applications (SIRET: 85398915000018)
2026-06-06 07:14:52,768 | INFO | scripts.import_formations_enriched |   - Ajout du flux mensuel : (2024, 3)
2026-06-06 07:14:52,774 | INFO | scripts.import_formations_enriched |   - Ajout du code ROME : M1805
2026-06-06 07:14:52,775 | INFO | scripts.import_formations_enriched |   - Ajout du flux mensuel : (2024, 12)
2026-06-06 07:14:52,776 | INFO | scripts.import_formations_enriched |   - Ajout du flux mensuel : (2025, 4)
2026-06-06 07:14:52,778 | INFO | scripts.import_formations_enriched |   - Ajout du flux mensuel : (2025, 6)
2026-06-06 07:14:52,779 | INFO | scripts.import_formations_enriched |   - Ajout du flux mensuel : (2026, 1)
2026-06-06 07:14:52,780 | INFO | scripts.import_formations_enriched |   - Ajout du flux mensuel : (2025, 9)
2026-06-06 07:14:52,781 | INFO | scripts.import_formations_enriched |   - Ajout du flux mensuel : (2026, 5)
2026-06-06 07:14:52,783 | INFO | scripts.import_formations_enriched |   - Ajout du flux mensuel : (2025, 5)
2026-06-06 07:14:52,784 | INFO | scripts.import_formations_enriched |   - Ajout du flux mensuel : (2025, 3)
2026-06-06 07:14:52,787 | INFO | scripts.import_formations_enriched |   - Ajout du flux mensuel : (2025, 11)
2026-06-06 07:14:52,790 | INFO | scripts.import_formations_enriched |   - Ajout du flux mensuel : (2025, 1)
2026-06-06 07:14:52,793 | INFO | scripts.import_formations_enriched |   - Ajout du flux mensuel : (2024, 10)
2026-06-06 07:14:52,797 | INFO | scripts.import_formations_enriched |   - Ajout du flux mensuel : (2024, 2)
2026-06-06 07:14:52,800 | INFO | scripts.import_formations_enriched |   - Ajout du flux mensuel : (2025, 2)
2026-06-06 07:14:52,802 | INFO | scripts.import_formations_enriched |   - Ajout du flux mensuel : (2025, 8)
2026-06-06 07:14:52,804 | INFO | scripts.import_formations_enriched |   - Ajout du flux mensuel : (2024, 5)
2026-06-06 07:14:52,805 | INFO | scripts.import_formations_enriched |   - Ajout du flux mensuel : (2024, 7)
2026-06-06 07:14:52,807 | INFO | scripts.import_formations_enriched |   - Ajout du flux mensuel : (2025, 10)
2026-06-06 07:14:52,810 | INFO | scripts.import_formations_enriched |   - Ajout du flux mensuel : (2026, 3)
2026-06-06 07:14:52,811 | INFO | scripts.import_formations_enriched |   - Ajout du flux mensuel : (2024, 4)
2026-06-06 07:14:52,813 | INFO | scripts.import_formations_enriched |   - Ajout du flux mensuel : (2026, 2)
2026-06-06 07:14:52,814 | INFO | scripts.import_formations_enriched |   - Ajout du flux mensuel : (2024, 11)
2026-06-06 07:14:52,816 | INFO | scripts.import_formations_enriched |   - Ajout du flux mensuel : (2024, 6)
2026-06-06 07:14:52,817 | INFO | scripts.import_formations_enriched |   - Ajout du flux mensuel : (2025, 12)
2026-06-06 07:14:52,818 | INFO | scripts.import_formations_enriched |   - Ajout du flux mensuel : (2026, 4)
2026-06-06 07:14:52,819 | INFO | scripts.import_formations_enriched |   - Ajout du flux mensuel : (2024, 9)
2026-06-06 07:14:52,854 | INFO | scripts.import_formations_enriched | Import de la formation : Développeur Web (SIRET: 88286918300013)
2026-06-06 07:14:52,855 | INFO | scripts.import_formations_enriched |   - Ajout du flux mensuel : (2025, 6)
2026-06-06 07:14:52,860 | INFO | scripts.import_formations_enriched |   - Ajout du code ROME : M1805
2026-06-06 07:14:52,862 | INFO | scripts.import_formations_enriched |   - Ajout du flux mensuel : (2026, 1)
2026-06-06 07:14:52,863 | INFO | scripts.import_formations_enriched |   - Ajout du flux mensuel : (2025, 12)
2026-06-06 07:14:52,865 | INFO | scripts.import_formations_enriched |   - Ajout du flux mensuel : (2025, 2)
2026-06-06 07:14:52,866 | INFO | scripts.import_formations_enriched |   - Ajout du flux mensuel : (2025, 7)
2026-06-06 07:14:52,867 | INFO | scripts.import_formations_enriched |   - Ajout du flux mensuel : (2025, 5)
2026-06-06 07:14:52,868 | INFO | scripts.import_formations_enriched |   - Ajout du flux mensuel : (2025, 3)
2026-06-06 07:14:52,869 | INFO | scripts.import_formations_enriched |   - Ajout du flux mensuel : (2026, 3)
2026-06-06 07:14:52,871 | INFO | scripts.import_formations_enriched |   - Ajout du flux mensuel : (2025, 10)
2026-06-06 07:14:52,894 | INFO | scripts.import_formations_enriched | Import de la formation : Administrateur systèmes et réseaux (SIRET: 34270750200130)
2026-06-06 07:14:52,896 | INFO | scripts.import_formations_enriched |   - Ajout du flux mensuel : (2025, 4)
2026-06-06 07:14:52,901 | INFO | scripts.import_formations_enriched |   - Ajout du code ROME : M1801
2026-06-06 07:14:52,905 | INFO | scripts.import_formations_enriched |   - Ajout du code ROME : M1802
2026-06-06 07:14:52,910 | INFO | scripts.import_formations_enriched |   - Ajout du code ROME : M1805
2026-06-06 07:14:52,914 | INFO | scripts.import_formations_enriched |   - Ajout du code ROME : M1806
2026-06-06 07:14:52,919 | INFO | scripts.import_formations_enriched |   - Ajout du code ROME : M1810
2026-06-06 07:14:52,920 | INFO | scripts.import_formations_enriched |   - Ajout du flux mensuel : (2025, 10)
2026-06-06 07:14:52,921 | INFO | scripts.import_formations_enriched |   - Ajout du flux mensuel : (2026, 3)
2026-06-06 07:14:52,942 | INFO | scripts.import_formations_enriched | Import de la formation : Développeur Web (SIRET: 51750217500048)
2026-06-06 07:14:52,944 | INFO | scripts.import_formations_enriched |   - Ajout du flux mensuel : (2024, 8)
2026-06-06 07:14:52,949 | INFO | scripts.import_formations_enriched |   - Ajout du code ROME : M1805
2026-06-06 07:14:52,950 | INFO | scripts.import_formations_enriched |   - Ajout du flux mensuel : (2025, 4)
2026-06-06 07:14:52,951 | INFO | scripts.import_formations_enriched |   - Ajout du flux mensuel : (2026, 2)
2026-06-06 07:14:52,953 | INFO | scripts.import_formations_enriched |   - Ajout du flux mensuel : (2025, 12)
2026-06-06 07:14:52,955 | INFO | scripts.import_formations_enriched |   - Ajout du flux mensuel : (2026, 5)
2026-06-06 07:14:52,956 | INFO | scripts.import_formations_enriched |   - Ajout du flux mensuel : (2026, 3)
2026-06-06 07:14:52,958 | INFO | scripts.import_formations_enriched |   - Ajout du flux mensuel : (2025, 1)
2026-06-06 07:14:52,959 | INFO | scripts.import_formations_enriched |   - Ajout du flux mensuel : (2025, 6)
2026-06-06 07:14:52,960 | INFO | scripts.import_formations_enriched |   - Ajout du flux mensuel : (2024, 9)
2026-06-06 07:14:52,962 | INFO | scripts.import_formations_enriched |   - Ajout du flux mensuel : (2024, 6)
2026-06-06 07:14:52,963 | INFO | scripts.import_formations_enriched |   - Ajout du flux mensuel : (2025, 7)
2026-06-06 07:14:52,964 | INFO | scripts.import_formations_enriched |   - Ajout du flux mensuel : (2024, 5)
2026-06-06 07:14:52,966 | INFO | scripts.import_formations_enriched |   - Ajout du flux mensuel : (2025, 3)
2026-06-06 07:14:52,967 | INFO | scripts.import_formations_enriched |   - Ajout du flux mensuel : (2026, 4)
2026-06-06 07:14:52,968 | INFO | scripts.import_formations_enriched |   - Ajout du flux mensuel : (2026, 1)
2026-06-06 07:14:52,969 | INFO | scripts.import_formations_enriched |   - Ajout du flux mensuel : (2024, 11)
2026-06-06 07:14:52,971 | INFO | scripts.import_formations_enriched |   - Ajout du flux mensuel : (2024, 4)
2026-06-06 07:14:52,972 | INFO | scripts.import_formations_enriched |   - Ajout du flux mensuel : (2025, 10)
2026-06-06 07:14:52,973 | INFO | scripts.import_formations_enriched |   - Ajout du flux mensuel : (2024, 7)
2026-06-06 07:14:52,975 | INFO | scripts.import_formations_enriched |   - Ajout du flux mensuel : (2025, 11)
2026-06-06 07:14:52,976 | INFO | scripts.import_formations_enriched |   - Ajout du flux mensuel : (2024, 10)
2026-06-06 07:14:52,977 | INFO | scripts.import_formations_enriched |   - Ajout du flux mensuel : (2025, 8)
2026-06-06 07:14:52,978 | INFO | scripts.import_formations_enriched |   - Ajout du flux mensuel : (2025, 9)
2026-06-06 07:14:53,010 | INFO | scripts.import_formations_enriched | Import de la formation : TP Développeur web et web mobile (SIRET: 79279132900016)
2026-06-06 07:14:53,012 | INFO | scripts.import_formations_enriched |   - Ajout du flux mensuel : (2026, 5)
2026-06-06 07:14:53,017 | INFO | scripts.import_formations_enriched |   - Ajout du code ROME : M1805
2026-06-06 07:14:53,018 | INFO | scripts.import_formations_enriched |   - Ajout du flux mensuel : (2025, 11)
2026-06-06 07:14:53,019 | INFO | scripts.import_formations_enriched |   - Ajout du flux mensuel : (2025, 10)
2026-06-06 07:14:53,021 | INFO | scripts.import_formations_enriched |   - Ajout du flux mensuel : (2025, 9)
2026-06-06 07:14:53,022 | INFO | scripts.import_formations_enriched |   - Ajout du flux mensuel : (2025, 12)
2026-06-06 07:14:53,023 | INFO | scripts.import_formations_enriched |   - Ajout du flux mensuel : (2026, 2)
2026-06-06 07:14:53,024 | INFO | scripts.import_formations_enriched |   - Ajout du flux mensuel : (2026, 3)
2026-06-06 07:14:53,047 | INFO | scripts.import_formations_enriched | Import de la formation : Manager en data marketing (SIRET: 83145006900024)
2026-06-06 07:14:53,048 | INFO | scripts.import_formations_enriched |   - Ajout du flux mensuel : (2026, 1)
2026-06-06 07:14:53,053 | INFO | scripts.import_formations_enriched |   - Ajout du code ROME : M1403
2026-06-06 07:14:53,057 | INFO | scripts.import_formations_enriched |   - Ajout du code ROME : M1705
2026-06-06 07:14:53,059 | INFO | scripts.import_formations_enriched |   - Ajout du flux mensuel : (2025, 12)
2026-06-06 07:14:53,060 | INFO | scripts.import_formations_enriched |   - Ajout du flux mensuel : (2026, 4)
2026-06-06 07:14:53,061 | INFO | scripts.import_formations_enriched |   - Ajout du flux mensuel : (2025, 5)
2026-06-06 07:14:53,062 | INFO | scripts.import_formations_enriched |   - Ajout du flux mensuel : (2026, 5)
2026-06-06 07:14:53,064 | INFO | scripts.import_formations_enriched |   - Ajout du flux mensuel : (2025, 9)
2026-06-06 07:14:53,065 | INFO | scripts.import_formations_enriched |   - Ajout du flux mensuel : (2025, 10)
2026-06-06 07:14:53,066 | INFO | scripts.import_formations_enriched |   - Ajout du flux mensuel : (2025, 11)
2026-06-06 07:14:53,067 | INFO | scripts.import_formations_enriched |   - Ajout du flux mensuel : (2025, 4)
2026-06-06 07:14:53,069 | INFO | scripts.import_formations_enriched |   - Ajout du flux mensuel : (2026, 3)
2026-06-06 07:14:53,070 | INFO | scripts.import_formations_enriched |   - Ajout du flux mensuel : (2025, 8)
2026-06-06 07:14:53,071 | INFO | scripts.import_formations_enriched |   - Ajout du flux mensuel : (2025, 3)
2026-06-06 07:14:53,072 | INFO | scripts.import_formations_enriched |   - Ajout du flux mensuel : (2025, 6)
2026-06-06 07:14:53,074 | INFO | scripts.import_formations_enriched |   - Ajout du flux mensuel : (2025, 7)
2026-06-06 07:14:53,075 | INFO | scripts.import_formations_enriched |   - Ajout du flux mensuel : (2025, 2)
2026-06-06 07:14:53,076 | INFO | scripts.import_formations_enriched |   - Ajout du flux mensuel : (2026, 2)
2026-06-06 07:14:53,107 | INFO | scripts.import_formations_enriched | Import de la formation : Développeur concepteur logiciel (SIRET: 49386136300080)
2026-06-06 07:14:53,108 | INFO | scripts.import_formations_enriched |   - Ajout du flux mensuel : (2024, 2)
2026-06-06 07:14:53,113 | INFO | scripts.import_formations_enriched |   - Ajout du code ROME : M1805
2026-06-06 07:14:53,115 | INFO | scripts.import_formations_enriched |   - Ajout du flux mensuel : (2025, 7)
2026-06-06 07:14:53,116 | INFO | scripts.import_formations_enriched |   - Ajout du flux mensuel : (2025, 5)
2026-06-06 07:14:53,117 | INFO | scripts.import_formations_enriched |   - Ajout du flux mensuel : (2025, 12)
2026-06-06 07:14:53,118 | INFO | scripts.import_formations_enriched |   - Ajout du flux mensuel : (2025, 3)
2026-06-06 07:14:53,120 | INFO | scripts.import_formations_enriched |   - Ajout du flux mensuel : (2024, 4)
2026-06-06 07:14:53,123 | INFO | scripts.import_formations_enriched |   - Ajout du flux mensuel : (2024, 12)
2026-06-06 07:14:53,124 | INFO | scripts.import_formations_enriched |   - Ajout du flux mensuel : (2025, 10)
2026-06-06 07:14:53,126 | INFO | scripts.import_formations_enriched |   - Ajout du flux mensuel : (2024, 10)
2026-06-06 07:14:53,127 | INFO | scripts.import_formations_enriched |   - Ajout du flux mensuel : (2024, 6)
2026-06-06 07:14:53,128 | INFO | scripts.import_formations_enriched |   - Ajout du flux mensuel : (2025, 11)
2026-06-06 07:14:53,129 | INFO | scripts.import_formations_enriched |   - Ajout du flux mensuel : (2025, 8)
2026-06-06 07:14:53,130 | INFO | scripts.import_formations_enriched |   - Ajout du flux mensuel : (2024, 3)
2026-06-06 07:14:53,132 | INFO | scripts.import_formations_enriched |   - Ajout du flux mensuel : (2023, 12)
2026-06-06 07:14:53,133 | INFO | scripts.import_formations_enriched |   - Ajout du flux mensuel : (2024, 1)
2026-06-06 07:14:53,135 | INFO | scripts.import_formations_enriched |   - Ajout du flux mensuel : (2026, 3)
2026-06-06 07:14:53,136 | INFO | scripts.import_formations_enriched |   - Ajout du flux mensuel : (2024, 11)
2026-06-06 07:14:53,137 | INFO | scripts.import_formations_enriched |   - Ajout du flux mensuel : (2023, 11)
2026-06-06 07:14:53,139 | INFO | scripts.import_formations_enriched |   - Ajout du flux mensuel : (2025, 1)
2026-06-06 07:14:53,141 | INFO | scripts.import_formations_enriched |   - Ajout du flux mensuel : (2025, 2)
2026-06-06 07:14:53,142 | INFO | scripts.import_formations_enriched |   - Ajout du flux mensuel : (2026, 1)
2026-06-06 07:14:53,143 | INFO | scripts.import_formations_enriched |   - Ajout du flux mensuel : (2025, 6)
2026-06-06 07:14:53,145 | INFO | scripts.import_formations_enriched |   - Ajout du flux mensuel : (2024, 7)
2026-06-06 07:14:53,146 | INFO | scripts.import_formations_enriched |   - Ajout du flux mensuel : (2026, 2)
2026-06-06 07:14:53,147 | INFO | scripts.import_formations_enriched |   - Ajout du flux mensuel : (2024, 8)
2026-06-06 07:14:53,149 | INFO | scripts.import_formations_enriched |   - Ajout du flux mensuel : (2024, 5)
2026-06-06 07:14:53,150 | INFO | scripts.import_formations_enriched |   - Ajout du flux mensuel : (2024, 9)
2026-06-06 07:14:53,151 | INFO | scripts.import_formations_enriched |   - Ajout du flux mensuel : (2025, 4)
2026-06-06 07:14:53,153 | INFO | scripts.import_formations_enriched |   - Ajout du flux mensuel : (2025, 9)
2026-06-06 07:14:53,187 | INFO | scripts.import_formations_enriched | Import de la formation : TP Technicien supérieur en automatique et informatique industrielle (SIRET: 30824995200083)
2026-06-06 07:14:53,190 | INFO | scripts.import_formations_enriched |   - Ajout du flux mensuel : (2025, 1)
2026-06-06 07:14:53,195 | INFO | scripts.import_formations_enriched |   - Ajout du code ROME : H1208
2026-06-06 07:14:53,196 | INFO | scripts.import_formations_enriched |   - Ajout du flux mensuel : (2026, 1)
2026-06-06 07:14:53,198 | INFO | scripts.import_formations_enriched |   - Ajout du flux mensuel : (2025, 10)
2026-06-06 07:14:53,200 | INFO | scripts.import_formations_enriched |   - Ajout du flux mensuel : (2024, 9)
2026-06-06 07:14:53,222 | INFO | scripts.import_formations_enriched | Import de la formation : TP Développeur web et web mobile (SIRET: 91502977100010)
2026-06-06 07:14:53,224 | INFO | scripts.import_formations_enriched |   - Ajout du flux mensuel : (2023, 10)
2026-06-06 07:14:53,230 | INFO | scripts.import_formations_enriched |   - Ajout du code ROME : M1805
2026-06-06 07:14:53,231 | INFO | scripts.import_formations_enriched |   - Ajout du flux mensuel : (2023, 9)
2026-06-06 07:14:53,251 | INFO | scripts.import_formations_enriched | Import de la formation : TP Concepteur développeur d'applications (SIRET: 48908897100077)
2026-06-06 07:14:53,253 | INFO | scripts.import_formations_enriched |   - Ajout du flux mensuel : (2024, 12)
2026-06-06 07:14:53,259 | INFO | scripts.import_formations_enriched |   - Ajout du code ROME : M1805
2026-06-06 07:14:53,261 | INFO | scripts.import_formations_enriched |   - Ajout du flux mensuel : (2024, 11)
2026-06-06 07:14:53,262 | INFO | scripts.import_formations_enriched |   - Ajout du flux mensuel : (2025, 10)
2026-06-06 07:14:53,263 | INFO | scripts.import_formations_enriched |   - Ajout du flux mensuel : (2024, 10)
2026-06-06 07:14:53,265 | INFO | scripts.import_formations_enriched |   - Ajout du flux mensuel : (2025, 4)
2026-06-06 07:14:53,287 | INFO | scripts.import_formations_enriched | Import de la formation : TP Développeur web et web mobile (SIRET: 91021173900016)
2026-06-06 07:14:53,289 | INFO | scripts.import_formations_enriched |   - Ajout du flux mensuel : (2024, 9)
2026-06-06 07:14:53,293 | INFO | scripts.import_formations_enriched |   - Ajout du code ROME : M1805
2026-06-06 07:14:53,295 | INFO | scripts.import_formations_enriched |   - Ajout du flux mensuel : (2024, 7)
2026-06-06 07:14:53,296 | INFO | scripts.import_formations_enriched |   - Ajout du flux mensuel : (2024, 5)
2026-06-06 07:14:53,297 | INFO | scripts.import_formations_enriched |   - Ajout du flux mensuel : (2024, 6)
2026-06-06 07:14:53,298 | INFO | scripts.import_formations_enriched |   - Ajout du flux mensuel : (2024, 4)
2026-06-06 07:14:53,300 | INFO | scripts.import_formations_enriched |   - Ajout du flux mensuel : (2024, 8)
2026-06-06 07:14:53,316 | INFO | scripts.import_formations_enriched |   - Ajout du flux mensuel : (2024, 10)
2026-06-06 07:14:53,351 | INFO | scripts.import_formations_enriched | Import de la formation : Développeur Web (SIRET: 90986649300010)
2026-06-06 07:14:53,353 | INFO | scripts.import_formations_enriched |   - Ajout du flux mensuel : (2025, 9)
2026-06-06 07:14:53,359 | INFO | scripts.import_formations_enriched |   - Ajout du code ROME : M1805
2026-06-06 07:14:53,361 | INFO | scripts.import_formations_enriched |   - Ajout du flux mensuel : (2026, 5)
2026-06-06 07:14:53,363 | INFO | scripts.import_formations_enriched |   - Ajout du flux mensuel : (2026, 2)
2026-06-06 07:14:53,364 | INFO | scripts.import_formations_enriched |   - Ajout du flux mensuel : (2025, 12)
2026-06-06 07:14:53,365 | INFO | scripts.import_formations_enriched |   - Ajout du flux mensuel : (2026, 3)
2026-06-06 07:14:53,366 | INFO | scripts.import_formations_enriched |   - Ajout du flux mensuel : (2025, 7)
2026-06-06 07:14:53,366 | INFO | scripts.import_formations_enriched |   - Ajout du flux mensuel : (2025, 10)
2026-06-06 07:14:53,383 | INFO | scripts.import_formations_enriched | Import de la formation : TP Développeur web et web mobile (SIRET: 83410967000010)
2026-06-06 07:14:53,387 | INFO | scripts.import_formations_enriched |   - Ajout du flux mensuel : (2024, 3)
2026-06-06 07:14:53,393 | INFO | scripts.import_formations_enriched |   - Ajout du code ROME : M1805
2026-06-06 07:14:53,403 | INFO | scripts.import_formations_enriched |   - Ajout du flux mensuel : (2024, 6)
2026-06-06 07:14:53,424 | INFO | scripts.import_formations_enriched | Import de la formation : TP Développeur web et web mobile (SIRET: 51182729700025)
2026-06-06 07:14:53,429 | INFO | scripts.import_formations_enriched |   - Ajout du flux mensuel : (2026, 1)
2026-06-06 07:14:53,433 | INFO | scripts.import_formations_enriched |   - Ajout du code ROME : M1805
2026-06-06 07:14:53,434 | INFO | scripts.import_formations_enriched |   - Ajout du flux mensuel : (2026, 5)
2026-06-06 07:14:53,435 | INFO | scripts.import_formations_enriched |   - Ajout du flux mensuel : (2025, 9)
2026-06-06 07:14:53,435 | INFO | scripts.import_formations_enriched |   - Ajout du flux mensuel : (2026, 4)
2026-06-06 07:14:53,436 | INFO | scripts.import_formations_enriched |   - Ajout du flux mensuel : (2025, 5)
2026-06-06 07:14:53,440 | INFO | scripts.import_formations_enriched |   - Ajout du flux mensuel : (2026, 2)
2026-06-06 07:14:53,443 | INFO | scripts.import_formations_enriched |   - Ajout du flux mensuel : (2025, 12)
2026-06-06 07:14:53,444 | INFO | scripts.import_formations_enriched |   - Ajout du flux mensuel : (2025, 10)
2026-06-06 07:14:53,445 | INFO | scripts.import_formations_enriched |   - Ajout du flux mensuel : (2025, 3)
2026-06-06 07:14:53,446 | INFO | scripts.import_formations_enriched |   - Ajout du flux mensuel : (2026, 3)
2026-06-06 07:14:53,446 | INFO | scripts.import_formations_enriched |   - Ajout du flux mensuel : (2024, 12)
2026-06-06 07:14:53,466 | INFO | scripts.import_formations_enriched | Import de la formation : TP Concepteur développeur d'applications (SIRET: 41273026900179)
2026-06-06 07:14:53,467 | INFO | scripts.import_formations_enriched |   - Ajout du flux mensuel : (2025, 9)
2026-06-06 07:14:53,471 | INFO | scripts.import_formations_enriched |   - Ajout du code ROME : M1805
2026-06-06 07:14:53,474 | INFO | scripts.import_formations_enriched |   - Ajout du flux mensuel : (2026, 4)
2026-06-06 07:14:53,475 | INFO | scripts.import_formations_enriched |   - Ajout du flux mensuel : (2024, 5)
2026-06-06 07:14:53,477 | INFO | scripts.import_formations_enriched |   - Ajout du flux mensuel : (2024, 11)
2026-06-06 07:14:53,494 | INFO | scripts.import_formations_enriched | Import de la formation : TP Développeur web et web mobile (SIRET: 79492606300247)
2026-06-06 07:14:53,498 | INFO | scripts.import_formations_enriched |   - Ajout du flux mensuel : (2024, 4)
2026-06-06 07:14:53,502 | INFO | scripts.import_formations_enriched |   - Ajout du code ROME : M1805
2026-06-06 07:14:53,504 | INFO | scripts.import_formations_enriched |   - Ajout du flux mensuel : (2024, 12)
2026-06-06 07:14:53,505 | INFO | scripts.import_formations_enriched |   - Ajout du flux mensuel : (2025, 9)
2026-06-06 07:14:53,507 | INFO | scripts.import_formations_enriched |   - Ajout du flux mensuel : (2024, 9)
2026-06-06 07:14:53,515 | INFO | scripts.import_formations_enriched |   - Ajout du flux mensuel : (2025, 3)
2026-06-06 07:14:53,517 | INFO | scripts.import_formations_enriched |   - Ajout du flux mensuel : (2023, 11)
2026-06-06 07:14:53,518 | INFO | scripts.import_formations_enriched |   - Ajout du flux mensuel : (2023, 9)
2026-06-06 07:14:53,520 | INFO | scripts.import_formations_enriched |   - Ajout du flux mensuel : (2023, 10)
2026-06-06 07:14:53,527 | INFO | scripts.import_formations_enriched |   - Ajout du flux mensuel : (2024, 6)
2026-06-06 07:14:53,529 | INFO | scripts.import_formations_enriched |   - Ajout du flux mensuel : (2024, 5)
2026-06-06 07:14:53,531 | INFO | scripts.import_formations_enriched |   - Ajout du flux mensuel : (2024, 2)
2026-06-06 07:14:53,536 | INFO | scripts.import_formations_enriched |   - Ajout du flux mensuel : (2024, 3)
2026-06-06 07:14:53,539 | INFO | scripts.import_formations_enriched |   - Ajout du flux mensuel : (2024, 10)
2026-06-06 07:14:53,542 | INFO | scripts.import_formations_enriched |   - Ajout du flux mensuel : (2025, 1)
2026-06-06 07:14:53,543 | INFO | scripts.import_formations_enriched |   - Ajout du flux mensuel : (2024, 11)
2026-06-06 07:14:53,579 | INFO | scripts.import_formations_enriched | Import de la formation : TP Développeur web et web mobile (SIRET: 89832336500020)
2026-06-06 07:14:53,581 | INFO | scripts.import_formations_enriched |   - Ajout du flux mensuel : (2024, 9)
2026-06-06 07:14:53,588 | INFO | scripts.import_formations_enriched |   - Ajout du code ROME : M1805
2026-06-06 07:14:53,589 | INFO | scripts.import_formations_enriched |   - Ajout du flux mensuel : (2025, 4)
2026-06-06 07:14:53,591 | INFO | scripts.import_formations_enriched |   - Ajout du flux mensuel : (2024, 8)
2026-06-06 07:14:53,592 | INFO | scripts.import_formations_enriched |   - Ajout du flux mensuel : (2024, 10)
2026-06-06 07:14:53,593 | INFO | scripts.import_formations_enriched |   - Ajout du flux mensuel : (2025, 5)
2026-06-06 07:14:53,595 | INFO | scripts.import_formations_enriched |   - Ajout du flux mensuel : (2024, 7)
2026-06-06 07:14:53,596 | INFO | scripts.import_formations_enriched |   - Ajout du flux mensuel : (2026, 1)
2026-06-06 07:14:53,597 | INFO | scripts.import_formations_enriched |   - Ajout du flux mensuel : (2025, 12)
2026-06-06 07:14:53,599 | INFO | scripts.import_formations_enriched |   - Ajout du flux mensuel : (2025, 9)
2026-06-06 07:14:53,600 | INFO | scripts.import_formations_enriched |   - Ajout du flux mensuel : (2025, 10)
2026-06-06 07:14:53,601 | INFO | scripts.import_formations_enriched |   - Ajout du flux mensuel : (2025, 1)
2026-06-06 07:14:53,602 | INFO | scripts.import_formations_enriched |   - Ajout du flux mensuel : (2025, 3)
2026-06-06 07:14:53,640 | INFO | scripts.import_formations_enriched | Import de la formation : TP Concepteur développeur d'applications (SIRET: 89058198600019)
2026-06-06 07:14:53,652 | INFO | scripts.import_formations_enriched |   - Ajout du flux mensuel : (2025, 2)
2026-06-06 07:14:53,663 | INFO | scripts.import_formations_enriched |   - Ajout du code ROME : M1805
2026-06-06 07:14:53,669 | INFO | scripts.import_formations_enriched |   - Ajout du flux mensuel : (2024, 9)
2026-06-06 07:14:53,670 | INFO | scripts.import_formations_enriched |   - Ajout du flux mensuel : (2025, 5)
2026-06-06 07:14:53,682 | INFO | scripts.import_formations_enriched |   - Ajout du flux mensuel : (2025, 10)
2026-06-06 07:14:53,683 | INFO | scripts.import_formations_enriched |   - Ajout du flux mensuel : (2025, 9)
2026-06-06 07:14:53,685 | INFO | scripts.import_formations_enriched |   - Ajout du flux mensuel : (2024, 12)
2026-06-06 07:14:53,687 | INFO | scripts.import_formations_enriched |   - Ajout du flux mensuel : (2025, 11)
2026-06-06 07:14:53,689 | INFO | scripts.import_formations_enriched |   - Ajout du flux mensuel : (2025, 8)
2026-06-06 07:14:53,691 | INFO | scripts.import_formations_enriched |   - Ajout du flux mensuel : (2024, 7)
2026-06-06 07:14:53,692 | INFO | scripts.import_formations_enriched |   - Ajout du flux mensuel : (2024, 10)
2026-06-06 07:14:53,694 | INFO | scripts.import_formations_enriched |   - Ajout du flux mensuel : (2024, 11)
2026-06-06 07:14:53,696 | INFO | scripts.import_formations_enriched |   - Ajout du flux mensuel : (2024, 2)
2026-06-06 07:14:53,697 | INFO | scripts.import_formations_enriched |   - Ajout du flux mensuel : (2025, 4)
2026-06-06 07:14:53,699 | INFO | scripts.import_formations_enriched |   - Ajout du flux mensuel : (2024, 8)
2026-06-06 07:14:53,700 | INFO | scripts.import_formations_enriched |   - Ajout du flux mensuel : (2025, 12)
2026-06-06 07:14:53,701 | INFO | scripts.import_formations_enriched |   - Ajout du flux mensuel : (2025, 7)
2026-06-06 07:14:53,703 | INFO | scripts.import_formations_enriched |   - Ajout du flux mensuel : (2026, 1)
2026-06-06 07:14:53,705 | INFO | scripts.import_formations_enriched |   - Ajout du flux mensuel : (2026, 2)
2026-06-06 07:14:53,706 | INFO | scripts.import_formations_enriched |   - Ajout du flux mensuel : (2025, 1)
2026-06-06 07:14:53,707 | INFO | scripts.import_formations_enriched |   - Ajout du flux mensuel : (2024, 5)
2026-06-06 07:14:53,708 | INFO | scripts.import_formations_enriched |   - Ajout du flux mensuel : (2024, 4)
2026-06-06 07:14:53,710 | INFO | scripts.import_formations_enriched |   - Ajout du flux mensuel : (2024, 3)
2026-06-06 07:14:53,711 | INFO | scripts.import_formations_enriched |   - Ajout du flux mensuel : (2025, 6)
2026-06-06 07:14:53,712 | INFO | scripts.import_formations_enriched |   - Ajout du flux mensuel : (2024, 6)
2026-06-06 07:14:53,713 | INFO | scripts.import_formations_enriched |   - Ajout du flux mensuel : (2025, 3)
2026-06-06 07:14:53,749 | INFO | scripts.import_formations_enriched | Import de la formation : Développeur Web (SIRET: 88915372200018)
2026-06-06 07:14:53,772 | INFO | scripts.import_formations_enriched |   - Ajout du flux mensuel : (2026, 2)
2026-06-06 07:14:53,782 | INFO | scripts.import_formations_enriched |   - Ajout du code ROME : M1805
2026-06-06 07:14:53,784 | INFO | scripts.import_formations_enriched |   - Ajout du flux mensuel : (2025, 3)
2026-06-06 07:14:53,785 | INFO | scripts.import_formations_enriched |   - Ajout du flux mensuel : (2026, 3)
2026-06-06 07:14:53,787 | INFO | scripts.import_formations_enriched |   - Ajout du flux mensuel : (2025, 6)
2026-06-06 07:14:53,789 | INFO | scripts.import_formations_enriched |   - Ajout du flux mensuel : (2025, 11)
2026-06-06 07:14:53,793 | INFO | scripts.import_formations_enriched |   - Ajout du flux mensuel : (2024, 6)
2026-06-06 07:14:53,794 | INFO | scripts.import_formations_enriched |   - Ajout du flux mensuel : (2025, 10)
2026-06-06 07:14:53,796 | INFO | scripts.import_formations_enriched |   - Ajout du flux mensuel : (2025, 12)
2026-06-06 07:14:53,797 | INFO | scripts.import_formations_enriched |   - Ajout du flux mensuel : (2025, 5)
2026-06-06 07:14:53,799 | INFO | scripts.import_formations_enriched |   - Ajout du flux mensuel : (2025, 7)
2026-06-06 07:14:53,800 | INFO | scripts.import_formations_enriched |   - Ajout du flux mensuel : (2024, 9)
2026-06-06 07:14:53,801 | INFO | scripts.import_formations_enriched |   - Ajout du flux mensuel : (2025, 2)
2026-06-06 07:14:53,802 | INFO | scripts.import_formations_enriched |   - Ajout du flux mensuel : (2024, 11)
2026-06-06 07:14:53,805 | INFO | scripts.import_formations_enriched |   - Ajout du flux mensuel : (2024, 8)
2026-06-06 07:14:53,806 | INFO | scripts.import_formations_enriched |   - Ajout du flux mensuel : (2025, 1)
2026-06-06 07:14:53,808 | INFO | scripts.import_formations_enriched |   - Ajout du flux mensuel : (2026, 5)
2026-06-06 07:14:53,809 | INFO | scripts.import_formations_enriched |   - Ajout du flux mensuel : (2025, 9)
2026-06-06 07:14:53,811 | INFO | scripts.import_formations_enriched |   - Ajout du flux mensuel : (2026, 1)
2026-06-06 07:14:53,812 | INFO | scripts.import_formations_enriched |   - Ajout du flux mensuel : (2024, 10)
2026-06-06 07:14:53,814 | INFO | scripts.import_formations_enriched |   - Ajout du flux mensuel : (2025, 4)
2026-06-06 07:14:53,815 | INFO | scripts.import_formations_enriched |   - Ajout du flux mensuel : (2024, 7)
2026-06-06 07:14:53,866 | INFO | scripts.import_formations_enriched | Import de la formation : TP Technicien supérieur systèmes et réseaux (SIRET: 90222643000012)
2026-06-06 07:14:53,915 | INFO | scripts.import_formations_enriched |   - Ajout du flux mensuel : (2024, 4)
2026-06-06 07:14:53,931 | INFO | scripts.import_formations_enriched |   - Ajout du code ROME : I1401
2026-06-06 07:14:53,939 | INFO | scripts.import_formations_enriched |   - Ajout du code ROME : M1810
2026-06-06 07:14:53,958 | INFO | scripts.import_formations_enriched |   - Ajout du flux mensuel : (2024, 5)
2026-06-06 07:14:53,964 | INFO | scripts.import_formations_enriched |   - Ajout du flux mensuel : (2024, 7)
2026-06-06 07:14:54,002 | INFO | scripts.import_formations_enriched | Import de la formation : TP Développeur web et web mobile (SIRET: 79841497500010)
2026-06-06 07:14:54,012 | INFO | scripts.import_formations_enriched |   - Ajout du flux mensuel : (2025, 5)
2026-06-06 07:14:54,024 | INFO | scripts.import_formations_enriched |   - Ajout du code ROME : M1805
2026-06-06 07:14:54,036 | INFO | scripts.import_formations_enriched |   - Ajout du flux mensuel : (2024, 8)
2026-06-06 07:14:54,042 | INFO | scripts.import_formations_enriched |   - Ajout du flux mensuel : (2025, 4)
2026-06-06 07:14:54,045 | INFO | scripts.import_formations_enriched |   - Ajout du flux mensuel : (2024, 11)
2026-06-06 07:14:54,050 | INFO | scripts.import_formations_enriched |   - Ajout du flux mensuel : (2024, 12)
2026-06-06 07:14:54,053 | INFO | scripts.import_formations_enriched |   - Ajout du flux mensuel : (2025, 8)
2026-06-06 07:14:54,062 | INFO | scripts.import_formations_enriched |   - Ajout du flux mensuel : (2025, 2)
2026-06-06 07:14:54,063 | INFO | scripts.import_formations_enriched |   - Ajout du flux mensuel : (2024, 5)
2026-06-06 07:14:54,065 | INFO | scripts.import_formations_enriched |   - Ajout du flux mensuel : (2024, 2)
2026-06-06 07:14:54,068 | INFO | scripts.import_formations_enriched |   - Ajout du flux mensuel : (2025, 11)
2026-06-06 07:14:54,073 | INFO | scripts.import_formations_enriched |   - Ajout du flux mensuel : (2024, 4)
2026-06-06 07:14:54,076 | INFO | scripts.import_formations_enriched |   - Ajout du flux mensuel : (2026, 3)
2026-06-06 07:14:54,079 | INFO | scripts.import_formations_enriched |   - Ajout du flux mensuel : (2026, 4)
2026-06-06 07:14:54,082 | INFO | scripts.import_formations_enriched |   - Ajout du flux mensuel : (2025, 6)
2026-06-06 07:14:54,083 | INFO | scripts.import_formations_enriched |   - Ajout du flux mensuel : (2025, 7)
2026-06-06 07:14:54,085 | INFO | scripts.import_formations_enriched |   - Ajout du flux mensuel : (2024, 6)
2026-06-06 07:14:54,086 | INFO | scripts.import_formations_enriched |   - Ajout du flux mensuel : (2023, 10)
2026-06-06 07:14:54,097 | INFO | scripts.import_formations_enriched |   - Ajout du flux mensuel : (2024, 7)
2026-06-06 07:14:54,099 | INFO | scripts.import_formations_enriched |   - Ajout du flux mensuel : (2025, 10)
2026-06-06 07:14:54,101 | INFO | scripts.import_formations_enriched |   - Ajout du flux mensuel : (2025, 1)
2026-06-06 07:14:54,104 | INFO | scripts.import_formations_enriched |   - Ajout du flux mensuel : (2026, 1)
2026-06-06 07:14:54,110 | INFO | scripts.import_formations_enriched |   - Ajout du flux mensuel : (2025, 9)
2026-06-06 07:14:54,112 | INFO | scripts.import_formations_enriched |   - Ajout du flux mensuel : (2026, 2)
2026-06-06 07:14:54,113 | INFO | scripts.import_formations_enriched |   - Ajout du flux mensuel : (2023, 12)
2026-06-06 07:14:54,116 | INFO | scripts.import_formations_enriched |   - Ajout du flux mensuel : (2024, 9)
2026-06-06 07:14:54,117 | INFO | scripts.import_formations_enriched |   - Ajout du flux mensuel : (2023, 11)
2026-06-06 07:14:54,119 | INFO | scripts.import_formations_enriched |   - Ajout du flux mensuel : (2024, 10)
2026-06-06 07:14:54,167 | INFO | scripts.import_formations_enriched | Import de la formation : Développeur Web (SIRET: 83038992000026)
2026-06-06 07:14:54,196 | INFO | scripts.import_formations_enriched |   - Ajout du flux mensuel : (2025, 3)
2026-06-06 07:14:54,203 | INFO | scripts.import_formations_enriched |   - Ajout du code ROME : M1805
2026-06-06 07:14:54,211 | INFO | scripts.import_formations_enriched |   - Ajout du flux mensuel : (2024, 11)
2026-06-06 07:14:54,218 | INFO | scripts.import_formations_enriched |   - Ajout du flux mensuel : (2025, 2)
2026-06-06 07:14:54,231 | INFO | scripts.import_formations_enriched |   - Ajout du flux mensuel : (2023, 10)
2026-06-06 07:14:54,243 | INFO | scripts.import_formations_enriched |   - Ajout du flux mensuel : (2025, 4)
2026-06-06 07:14:54,261 | INFO | scripts.import_formations_enriched |   - Ajout du flux mensuel : (2024, 10)
2026-06-06 07:14:54,274 | INFO | scripts.import_formations_enriched |   - Ajout du flux mensuel : (2024, 1)
2026-06-06 07:14:54,276 | INFO | scripts.import_formations_enriched |   - Ajout du flux mensuel : (2024, 4)
2026-06-06 07:14:54,278 | INFO | scripts.import_formations_enriched |   - Ajout du flux mensuel : (2024, 9)
2026-06-06 07:14:54,281 | INFO | scripts.import_formations_enriched |   - Ajout du flux mensuel : (2025, 5)
2026-06-06 07:14:54,289 | INFO | scripts.import_formations_enriched |   - Ajout du flux mensuel : (2024, 12)
2026-06-06 07:14:54,302 | INFO | scripts.import_formations_enriched |   - Ajout du flux mensuel : (2023, 9)
2026-06-06 07:14:54,305 | INFO | scripts.import_formations_enriched |   - Ajout du flux mensuel : (2025, 1)
2026-06-06 07:14:54,307 | INFO | scripts.import_formations_enriched |   - Ajout du flux mensuel : (2024, 3)
2026-06-06 07:14:54,339 | INFO | scripts.import_formations_enriched | Import de la formation : TP Technicien informatique de proximité (SIRET: 91114836900018)
2026-06-06 07:14:54,342 | INFO | scripts.import_formations_enriched |   - Ajout du flux mensuel : (2025, 11)
2026-06-06 07:14:54,349 | INFO | scripts.import_formations_enriched |   - Ajout du code ROME : I1401
2026-06-06 07:14:54,351 | INFO | scripts.import_formations_enriched |   - Ajout du flux mensuel : (2026, 1)
2026-06-06 07:14:54,355 | INFO | scripts.import_formations_enriched |   - Ajout du flux mensuel : (2026, 3)
2026-06-06 07:14:54,356 | INFO | scripts.import_formations_enriched |   - Ajout du flux mensuel : (2026, 4)
2026-06-06 07:14:54,358 | INFO | scripts.import_formations_enriched |   - Ajout du flux mensuel : (2025, 12)
2026-06-06 07:14:54,363 | INFO | scripts.import_formations_enriched |   - Ajout du flux mensuel : (2025, 10)
2026-06-06 07:14:54,364 | INFO | scripts.import_formations_enriched |   - Ajout du flux mensuel : (2026, 5)
2026-06-06 07:14:54,366 | INFO | scripts.import_formations_enriched |   - Ajout du flux mensuel : (2026, 2)
2026-06-06 07:14:54,393 | INFO | scripts.import_formations_enriched | Import de la formation : TP Concepteur développeur d'applications (SIRET: 95119874600012)
2026-06-06 07:14:54,396 | INFO | scripts.import_formations_enriched |   - Ajout du flux mensuel : (2026, 4)
2026-06-06 07:14:54,404 | INFO | scripts.import_formations_enriched |   - Ajout du code ROME : M1805
2026-06-06 07:14:54,406 | INFO | scripts.import_formations_enriched |   - Ajout du flux mensuel : (2026, 2)
2026-06-06 07:14:54,408 | INFO | scripts.import_formations_enriched |   - Ajout du flux mensuel : (2026, 3)
2026-06-06 07:14:54,426 | INFO | scripts.import_formations_enriched | Import de la formation : Expert en architectures systèmes-réseaux et en sécurité informatique (SIRET: 53145866900045)
2026-06-06 07:14:54,428 | INFO | scripts.import_formations_enriched |   - Ajout du flux mensuel : (2024, 10)
2026-06-06 07:14:54,431 | INFO | scripts.import_formations_enriched |   - Ajout du code ROME : M1802
2026-06-06 07:14:54,435 | INFO | scripts.import_formations_enriched |   - Ajout du code ROME : M1803
2026-06-06 07:14:54,438 | INFO | scripts.import_formations_enriched |   - Ajout du code ROME : M1805
2026-06-06 07:14:54,442 | INFO | scripts.import_formations_enriched |   - Ajout du flux mensuel : (2024, 12)
2026-06-06 07:14:54,464 | INFO | scripts.import_formations_enriched | Import de la formation : DEUST Informatique d'organisation et systèmes d'information (fiche nationale) (SIRET: 82434427900149)
2026-06-06 07:14:54,465 | INFO | scripts.import_formations_enriched |   - Ajout du flux mensuel : (2025, 11)
2026-06-06 07:14:54,469 | INFO | scripts.import_formations_enriched |   - Ajout du code ROME : M1805
2026-06-06 07:14:54,474 | INFO | scripts.import_formations_enriched |   - Ajout du code ROME : M1810
2026-06-06 07:14:54,475 | INFO | scripts.import_formations_enriched |   - Ajout du flux mensuel : (2024, 2)
2026-06-06 07:14:54,476 | INFO | scripts.import_formations_enriched |   - Ajout du flux mensuel : (2024, 10)
2026-06-06 07:14:54,477 | INFO | scripts.import_formations_enriched |   - Ajout du flux mensuel : (2023, 11)
2026-06-06 07:14:54,478 | INFO | scripts.import_formations_enriched |   - Ajout du flux mensuel : (2023, 10)
2026-06-06 07:14:54,480 | INFO | scripts.import_formations_enriched |   - Ajout du flux mensuel : (2024, 3)
2026-06-06 07:14:54,500 | INFO | scripts.import_formations_enriched | Import de la formation : Chef de projet data et intelligence artificielle (SIRET: 45303523000094)
2026-06-06 07:14:54,501 | INFO | scripts.import_formations_enriched |   - Ajout du flux mensuel : (2026, 3)
2026-06-06 07:14:54,505 | INFO | scripts.import_formations_enriched |   - Ajout du code ROME : M1802
2026-06-06 07:14:54,510 | INFO | scripts.import_formations_enriched |   - Ajout du code ROME : M1803
2026-06-06 07:14:54,513 | INFO | scripts.import_formations_enriched |   - Ajout du code ROME : M1805
2026-06-06 07:14:54,531 | INFO | scripts.import_formations_enriched | Import de la formation : TP Technicien supérieur systèmes et réseaux (SIRET: 45125756200111)
2026-06-06 07:14:54,532 | INFO | scripts.import_formations_enriched |   - Ajout du flux mensuel : (2026, 2)
2026-06-06 07:14:54,537 | INFO | scripts.import_formations_enriched |   - Ajout du code ROME : I1401
2026-06-06 07:14:54,540 | INFO | scripts.import_formations_enriched |   - Ajout du code ROME : M1810
2026-06-06 07:14:54,541 | INFO | scripts.import_formations_enriched |   - Ajout du flux mensuel : (2026, 4)
2026-06-06 07:14:54,542 | INFO | scripts.import_formations_enriched |   - Ajout du flux mensuel : (2026, 3)
2026-06-06 07:14:54,544 | INFO | scripts.import_formations_enriched |   - Ajout du flux mensuel : (2026, 1)
2026-06-06 07:14:54,561 | INFO | scripts.import_formations_enriched | Import de la formation : TP Développeur web et web mobile (SIRET: 48909912700024)
2026-06-06 07:14:54,562 | INFO | scripts.import_formations_enriched |   - Ajout du flux mensuel : (2025, 11)
2026-06-06 07:14:54,564 | INFO | scripts.import_formations_enriched |   - Ajout du code ROME : M1805
2026-06-06 07:14:54,565 | INFO | scripts.import_formations_enriched |   - Ajout du flux mensuel : (2024, 3)
2026-06-06 07:14:54,567 | INFO | scripts.import_formations_enriched |   - Ajout du flux mensuel : (2024, 10)
2026-06-06 07:14:54,567 | INFO | scripts.import_formations_enriched |   - Ajout du flux mensuel : (2024, 2)
2026-06-06 07:14:54,568 | INFO | scripts.import_formations_enriched |   - Ajout du flux mensuel : (2025, 3)
2026-06-06 07:14:54,569 | INFO | scripts.import_formations_enriched |   - Ajout du flux mensuel : (2024, 12)
2026-06-06 07:14:54,570 | INFO | scripts.import_formations_enriched |   - Ajout du flux mensuel : (2024, 7)
2026-06-06 07:14:54,586 | INFO | scripts.import_formations_enriched | Import de la formation : TP Concepteur développeur d'applications (SIRET: 89333944000016)
2026-06-06 07:14:54,588 | INFO | scripts.import_formations_enriched |   - Ajout du flux mensuel : (2025, 8)
2026-06-06 07:14:54,592 | INFO | scripts.import_formations_enriched |   - Ajout du code ROME : M1805
2026-06-06 07:14:54,593 | INFO | scripts.import_formations_enriched |   - Ajout du flux mensuel : (2024, 4)
2026-06-06 07:14:54,595 | INFO | scripts.import_formations_enriched |   - Ajout du flux mensuel : (2024, 12)
2026-06-06 07:14:54,610 | INFO | scripts.import_formations_enriched | Import de la formation : TP Concepteur développeur d'applications (SIRET: 85289592900010)
2026-06-06 07:14:54,612 | INFO | scripts.import_formations_enriched |   - Ajout du flux mensuel : (2024, 9)
2026-06-06 07:14:54,616 | INFO | scripts.import_formations_enriched |   - Ajout du code ROME : M1805
2026-06-06 07:14:54,618 | INFO | scripts.import_formations_enriched |   - Ajout du flux mensuel : (2024, 4)
2026-06-06 07:14:54,620 | INFO | scripts.import_formations_enriched |   - Ajout du flux mensuel : (2025, 5)
2026-06-06 07:14:54,622 | INFO | scripts.import_formations_enriched |   - Ajout du flux mensuel : (2024, 6)
2026-06-06 07:14:54,624 | INFO | scripts.import_formations_enriched |   - Ajout du flux mensuel : (2025, 3)
2026-06-06 07:14:54,626 | INFO | scripts.import_formations_enriched |   - Ajout du flux mensuel : (2025, 1)
2026-06-06 07:14:54,628 | INFO | scripts.import_formations_enriched |   - Ajout du flux mensuel : (2025, 4)
2026-06-06 07:14:54,629 | INFO | scripts.import_formations_enriched |   - Ajout du flux mensuel : (2025, 6)
2026-06-06 07:14:54,632 | INFO | scripts.import_formations_enriched |   - Ajout du flux mensuel : (2025, 10)
2026-06-06 07:14:54,634 | INFO | scripts.import_formations_enriched |   - Ajout du flux mensuel : (2024, 7)
2026-06-06 07:14:54,636 | INFO | scripts.import_formations_enriched |   - Ajout du flux mensuel : (2024, 11)
2026-06-06 07:14:54,638 | INFO | scripts.import_formations_enriched |   - Ajout du flux mensuel : (2025, 11)
2026-06-06 07:14:54,640 | INFO | scripts.import_formations_enriched |   - Ajout du flux mensuel : (2025, 9)
2026-06-06 07:14:54,660 | INFO | scripts.import_formations_enriched | Import de la formation : Développeur Web (SIRET: 82774341000025)
2026-06-06 07:14:54,662 | INFO | scripts.import_formations_enriched |   - Ajout du flux mensuel : (2025, 4)
2026-06-06 07:14:54,667 | INFO | scripts.import_formations_enriched |   - Ajout du code ROME : M1805
2026-06-06 07:14:54,668 | INFO | scripts.import_formations_enriched |   - Ajout du flux mensuel : (2024, 7)
2026-06-06 07:14:54,670 | INFO | scripts.import_formations_enriched |   - Ajout du flux mensuel : (2025, 1)
2026-06-06 07:14:54,671 | INFO | scripts.import_formations_enriched |   - Ajout du flux mensuel : (2025, 2)
2026-06-06 07:14:54,673 | INFO | scripts.import_formations_enriched |   - Ajout du flux mensuel : (2026, 1)
2026-06-06 07:14:54,674 | INFO | scripts.import_formations_enriched |   - Ajout du flux mensuel : (2026, 4)
2026-06-06 07:14:54,675 | INFO | scripts.import_formations_enriched |   - Ajout du flux mensuel : (2024, 4)
2026-06-06 07:14:54,675 | INFO | scripts.import_formations_enriched |   - Ajout du flux mensuel : (2024, 1)
2026-06-06 07:14:54,676 | INFO | scripts.import_formations_enriched |   - Ajout du flux mensuel : (2026, 2)
2026-06-06 07:14:54,677 | INFO | scripts.import_formations_enriched |   - Ajout du flux mensuel : (2025, 8)
2026-06-06 07:14:54,679 | INFO | scripts.import_formations_enriched |   - Ajout du flux mensuel : (2026, 3)
2026-06-06 07:14:54,705 | INFO | scripts.import_formations_enriched | Import de la formation : DEUST Informatique d'organisation et systèmes d'information (fiche nationale) (SIRET: 44320628900045)
2026-06-06 07:14:54,707 | INFO | scripts.import_formations_enriched |   - Ajout du flux mensuel : (2025, 10)
2026-06-06 07:14:54,713 | INFO | scripts.import_formations_enriched |   - Ajout du code ROME : M1805
2026-06-06 07:14:54,717 | INFO | scripts.import_formations_enriched |   - Ajout du code ROME : M1810
2026-06-06 07:14:54,719 | INFO | scripts.import_formations_enriched |   - Ajout du flux mensuel : (2024, 10)
2026-06-06 07:14:54,720 | INFO | scripts.import_formations_enriched |   - Ajout du flux mensuel : (2025, 3)
2026-06-06 07:14:54,722 | INFO | scripts.import_formations_enriched |   - Ajout du flux mensuel : (2026, 2)
2026-06-06 07:14:54,724 | INFO | scripts.import_formations_enriched |   - Ajout du flux mensuel : (2025, 2)
2026-06-06 07:14:54,749 | INFO | scripts.import_formations_enriched | Import de la formation : Consultant en assistance à maîtrise d'ouvrage informatique (SIRET: 48928983500030)
2026-06-06 07:14:54,751 | INFO | scripts.import_formations_enriched |   - Ajout du flux mensuel : (2026, 5)
2026-06-06 07:14:54,759 | INFO | scripts.import_formations_enriched |   - Ajout du code ROME : M1802
2026-06-06 07:14:54,765 | INFO | scripts.import_formations_enriched |   - Ajout du code ROME : M1803
2026-06-06 07:14:54,769 | INFO | scripts.import_formations_enriched |   - Ajout du code ROME : M1805
2026-06-06 07:14:54,775 | INFO | scripts.import_formations_enriched |   - Ajout du code ROME : M1806
2026-06-06 07:14:54,776 | INFO | scripts.import_formations_enriched |   - Ajout du flux mensuel : (2026, 3)
2026-06-06 07:14:54,778 | INFO | scripts.import_formations_enriched |   - Ajout du flux mensuel : (2026, 4)
2026-06-06 07:14:54,805 | INFO | scripts.import_formations_enriched | Import de la formation : Développeur Web (SIRET: 39336786700024)
2026-06-06 07:14:54,806 | INFO | scripts.import_formations_enriched |   - Ajout du flux mensuel : (2023, 10)
2026-06-06 07:14:54,811 | INFO | scripts.import_formations_enriched |   - Ajout du code ROME : M1805
2026-06-06 07:14:54,831 | INFO | scripts.import_formations_enriched | Import de la formation : Technicien informatique en installation, maintenance et support (SIRET: 49386136300080)
2026-06-06 07:14:54,832 | INFO | scripts.import_formations_enriched |   - Ajout du flux mensuel : (2025, 12)
2026-06-06 07:14:54,837 | INFO | scripts.import_formations_enriched |   - Ajout du code ROME : I1401
2026-06-06 07:14:54,842 | INFO | scripts.import_formations_enriched |   - Ajout du code ROME : M1810
2026-06-06 07:14:54,844 | INFO | scripts.import_formations_enriched |   - Ajout du flux mensuel : (2025, 10)
2026-06-06 07:14:54,845 | INFO | scripts.import_formations_enriched |   - Ajout du flux mensuel : (2025, 11)
2026-06-06 07:14:54,846 | INFO | scripts.import_formations_enriched |   - Ajout du flux mensuel : (2025, 7)
2026-06-06 07:14:54,847 | INFO | scripts.import_formations_enriched |   - Ajout du flux mensuel : (2025, 8)
2026-06-06 07:14:54,849 | INFO | scripts.import_formations_enriched |   - Ajout du flux mensuel : (2026, 2)
2026-06-06 07:14:54,850 | INFO | scripts.import_formations_enriched |   - Ajout du flux mensuel : (2026, 3)
2026-06-06 07:14:54,852 | INFO | scripts.import_formations_enriched |   - Ajout du flux mensuel : (2025, 9)
2026-06-06 07:14:54,853 | INFO | scripts.import_formations_enriched |   - Ajout du flux mensuel : (2026, 1)
2026-06-06 07:14:54,879 | INFO | scripts.import_formations_enriched | Import de la formation : Concepteur développeur en intelligence artificielle et analyse big data (SIRET: 79494991700080)
2026-06-06 07:14:54,881 | INFO | scripts.import_formations_enriched |   - Ajout du flux mensuel : (2025, 4)
2026-06-06 07:14:54,884 | INFO | scripts.import_formations_enriched |   - Ajout du code ROME : M1403
2026-06-06 07:14:54,891 | INFO | scripts.import_formations_enriched |   - Ajout du code ROME : M1805
2026-06-06 07:14:54,892 | INFO | scripts.import_formations_enriched |   - Ajout du flux mensuel : (2025, 1)
2026-06-06 07:14:54,895 | INFO | scripts.import_formations_enriched |   - Ajout du flux mensuel : (2026, 4)
2026-06-06 07:14:54,896 | INFO | scripts.import_formations_enriched |   - Ajout du flux mensuel : (2024, 10)
2026-06-06 07:14:54,897 | INFO | scripts.import_formations_enriched |   - Ajout du flux mensuel : (2025, 10)
2026-06-06 07:14:54,898 | INFO | scripts.import_formations_enriched |   - Ajout du flux mensuel : (2026, 1)
2026-06-06 07:14:54,899 | INFO | scripts.import_formations_enriched |   - Ajout du flux mensuel : (2025, 7)
2026-06-06 07:14:54,929 | INFO | scripts.import_formations_enriched | Import de la formation : TP Développeur web et web mobile (SIRET: 39280706100024)
2026-06-06 07:14:54,931 | INFO | scripts.import_formations_enriched |   - Ajout du flux mensuel : (2025, 5)
2026-06-06 07:14:54,935 | INFO | scripts.import_formations_enriched |   - Ajout du code ROME : M1805
2026-06-06 07:14:54,936 | INFO | scripts.import_formations_enriched |   - Ajout du flux mensuel : (2024, 11)
2026-06-06 07:14:54,938 | INFO | scripts.import_formations_enriched |   - Ajout du flux mensuel : (2025, 10)
2026-06-06 07:14:54,941 | INFO | scripts.import_formations_enriched |   - Ajout du flux mensuel : (2025, 12)
2026-06-06 07:14:54,942 | INFO | scripts.import_formations_enriched |   - Ajout du flux mensuel : (2023, 9)
2026-06-06 07:14:54,943 | INFO | scripts.import_formations_enriched |   - Ajout du flux mensuel : (2024, 10)
2026-06-06 07:14:54,944 | INFO | scripts.import_formations_enriched |   - Ajout du flux mensuel : (2024, 9)
2026-06-06 07:14:54,945 | INFO | scripts.import_formations_enriched |   - Ajout du flux mensuel : (2024, 4)
2026-06-06 07:14:54,947 | INFO | scripts.import_formations_enriched |   - Ajout du flux mensuel : (2025, 3)
2026-06-06 07:14:54,948 | INFO | scripts.import_formations_enriched |   - Ajout du flux mensuel : (2025, 4)
2026-06-06 07:14:54,949 | INFO | scripts.import_formations_enriched |   - Ajout du flux mensuel : (2026, 3)
2026-06-06 07:14:54,950 | INFO | scripts.import_formations_enriched |   - Ajout du flux mensuel : (2023, 11)
2026-06-06 07:14:54,952 | INFO | scripts.import_formations_enriched |   - Ajout du flux mensuel : (2026, 4)
2026-06-06 07:14:54,953 | INFO | scripts.import_formations_enriched |   - Ajout du flux mensuel : (2025, 9)
2026-06-06 07:14:54,955 | INFO | scripts.import_formations_enriched |   - Ajout du flux mensuel : (2025, 1)
2026-06-06 07:14:54,979 | INFO | scripts.import_formations_enriched | Import de la formation : TP Concepteur développeur d'applications (SIRET: 89058198600027)
2026-06-06 07:14:54,981 | INFO | scripts.import_formations_enriched |   - Ajout du flux mensuel : (2026, 4)
2026-06-06 07:14:54,985 | INFO | scripts.import_formations_enriched |   - Ajout du code ROME : M1805
2026-06-06 07:14:54,989 | INFO | scripts.import_formations_enriched |   - Ajout du flux mensuel : (2026, 3)
2026-06-06 07:14:54,992 | INFO | scripts.import_formations_enriched |   - Ajout du flux mensuel : (2026, 2)
2026-06-06 07:14:54,994 | INFO | scripts.import_formations_enriched |   - Ajout du flux mensuel : (2026, 5)
2026-06-06 07:14:55,017 | INFO | scripts.import_formations_enriched | Import de la formation : TP Développeur web et web mobile (SIRET: 51077652900040)
2026-06-06 07:14:55,018 | INFO | scripts.import_formations_enriched |   - Ajout du flux mensuel : (2024, 1)
2026-06-06 07:14:55,023 | INFO | scripts.import_formations_enriched |   - Ajout du code ROME : M1805
2026-06-06 07:14:55,025 | INFO | scripts.import_formations_enriched |   - Ajout du flux mensuel : (2024, 2)
2026-06-06 07:14:55,026 | INFO | scripts.import_formations_enriched |   - Ajout du flux mensuel : (2025, 7)
2026-06-06 07:14:55,028 | INFO | scripts.import_formations_enriched |   - Ajout du flux mensuel : (2026, 4)
2026-06-06 07:14:55,029 | INFO | scripts.import_formations_enriched |   - Ajout du flux mensuel : (2026, 5)
2026-06-06 07:14:55,050 | INFO | scripts.import_formations_enriched | Import de la formation : TP Technicien supérieur systèmes et réseaux (SIRET: 39336786700214)
2026-06-06 07:14:55,051 | INFO | scripts.import_formations_enriched |   - Ajout du flux mensuel : (2026, 4)
2026-06-06 07:14:55,056 | INFO | scripts.import_formations_enriched |   - Ajout du code ROME : I1401
2026-06-06 07:14:55,060 | INFO | scripts.import_formations_enriched |   - Ajout du code ROME : M1810
2026-06-06 07:14:55,062 | INFO | scripts.import_formations_enriched |   - Ajout du flux mensuel : (2026, 2)
2026-06-06 07:14:55,064 | INFO | scripts.import_formations_enriched |   - Ajout du flux mensuel : (2025, 10)
2026-06-06 07:14:55,089 | INFO | scripts.import_formations_enriched | Import de la formation : TP Développeur web et web mobile (SIRET: 84184281800020)
2026-06-06 07:14:55,091 | INFO | scripts.import_formations_enriched |   - Ajout du flux mensuel : (2025, 8)
2026-06-06 07:14:55,096 | INFO | scripts.import_formations_enriched |   - Ajout du code ROME : M1805
2026-06-06 07:14:55,098 | INFO | scripts.import_formations_enriched |   - Ajout du flux mensuel : (2025, 3)
2026-06-06 07:14:55,099 | INFO | scripts.import_formations_enriched |   - Ajout du flux mensuel : (2024, 3)
2026-06-06 07:14:55,101 | INFO | scripts.import_formations_enriched |   - Ajout du flux mensuel : (2024, 8)
2026-06-06 07:14:55,102 | INFO | scripts.import_formations_enriched |   - Ajout du flux mensuel : (2024, 1)
2026-06-06 07:14:55,105 | INFO | scripts.import_formations_enriched |   - Ajout du flux mensuel : (2024, 4)
2026-06-06 07:14:55,106 | INFO | scripts.import_formations_enriched |   - Ajout du flux mensuel : (2025, 11)
2026-06-06 07:14:55,107 | INFO | scripts.import_formations_enriched |   - Ajout du flux mensuel : (2024, 9)
2026-06-06 07:14:55,109 | INFO | scripts.import_formations_enriched |   - Ajout du flux mensuel : (2025, 9)
2026-06-06 07:14:55,110 | INFO | scripts.import_formations_enriched |   - Ajout du flux mensuel : (2025, 1)
2026-06-06 07:14:55,111 | INFO | scripts.import_formations_enriched |   - Ajout du flux mensuel : (2026, 1)
2026-06-06 07:14:55,144 | INFO | scripts.import_formations_enriched | Import de la formation : TP Technicien supérieur systèmes et réseaux (SIRET: 32434542000040)
2026-06-06 07:14:55,164 | INFO | scripts.import_formations_enriched |   - Ajout du flux mensuel : (2026, 5)
2026-06-06 07:14:55,172 | INFO | scripts.import_formations_enriched |   - Ajout du code ROME : I1401
2026-06-06 07:14:55,180 | INFO | scripts.import_formations_enriched |   - Ajout du code ROME : M1810
2026-06-06 07:14:55,182 | INFO | scripts.import_formations_enriched |   - Ajout du flux mensuel : (2024, 4)
2026-06-06 07:14:55,184 | INFO | scripts.import_formations_enriched |   - Ajout du flux mensuel : (2025, 10)
2026-06-06 07:14:55,185 | INFO | scripts.import_formations_enriched |   - Ajout du flux mensuel : (2025, 11)
2026-06-06 07:14:55,189 | INFO | scripts.import_formations_enriched |   - Ajout du flux mensuel : (2025, 3)
2026-06-06 07:14:55,192 | INFO | scripts.import_formations_enriched |   - Ajout du flux mensuel : (2025, 12)
2026-06-06 07:14:55,211 | INFO | scripts.import_formations_enriched | Import de la formation : TP Développeur web et web mobile (SIRET: 91958018300011)
2026-06-06 07:14:55,212 | INFO | scripts.import_formations_enriched |   - Ajout du flux mensuel : (2024, 8)
2026-06-06 07:14:55,216 | INFO | scripts.import_formations_enriched |   - Ajout du code ROME : M1805
2026-06-06 07:14:55,238 | INFO | scripts.import_formations_enriched | Import de la formation : TP Technicien informatique de proximité (SIRET: 78972553800035)
2026-06-06 07:14:55,242 | INFO | scripts.import_formations_enriched |   - Ajout du flux mensuel : (2025, 11)
2026-06-06 07:14:55,248 | INFO | scripts.import_formations_enriched |   - Ajout du code ROME : I1401
2026-06-06 07:14:55,275 | INFO | scripts.import_formations_enriched | Import de la formation : TP Développeur web et web mobile (SIRET: 90310254900016)
2026-06-06 07:14:55,277 | INFO | scripts.import_formations_enriched |   - Ajout du flux mensuel : (2024, 1)
2026-06-06 07:14:55,281 | INFO | scripts.import_formations_enriched |   - Ajout du code ROME : M1805
2026-06-06 07:14:55,283 | INFO | scripts.import_formations_enriched |   - Ajout du flux mensuel : (2024, 2)
2026-06-06 07:14:55,284 | INFO | scripts.import_formations_enriched |   - Ajout du flux mensuel : (2023, 11)
2026-06-06 07:14:55,286 | INFO | scripts.import_formations_enriched |   - Ajout du flux mensuel : (2023, 10)
2026-06-06 07:14:55,311 | INFO | scripts.import_formations_enriched | Import de la formation : TP Technicien supérieur systèmes et réseaux (SIRET: 82409268800210)
2026-06-06 07:14:55,317 | INFO | scripts.import_formations_enriched |   - Ajout du flux mensuel : (2026, 1)
2026-06-06 07:14:55,324 | INFO | scripts.import_formations_enriched |   - Ajout du code ROME : I1401
2026-06-06 07:14:55,329 | INFO | scripts.import_formations_enriched |   - Ajout du code ROME : M1810
2026-06-06 07:14:55,331 | INFO | scripts.import_formations_enriched |   - Ajout du flux mensuel : (2024, 9)
2026-06-06 07:14:55,333 | INFO | scripts.import_formations_enriched |   - Ajout du flux mensuel : (2024, 4)
2026-06-06 07:14:55,335 | INFO | scripts.import_formations_enriched |   - Ajout du flux mensuel : (2026, 2)
2026-06-06 07:14:55,342 | INFO | scripts.import_formations_enriched |   - Ajout du flux mensuel : (2026, 3)
2026-06-06 07:14:55,373 | INFO | scripts.import_formations_enriched | Import de la formation : TP Développeur web et web mobile (SIRET: 44119874400019)
2026-06-06 07:14:55,375 | INFO | scripts.import_formations_enriched |   - Ajout du flux mensuel : (2026, 1)
2026-06-06 07:14:55,379 | INFO | scripts.import_formations_enriched |   - Ajout du code ROME : M1805
2026-06-06 07:14:55,381 | INFO | scripts.import_formations_enriched |   - Ajout du flux mensuel : (2026, 3)
2026-06-06 07:14:55,383 | INFO | scripts.import_formations_enriched |   - Ajout du flux mensuel : (2025, 11)
2026-06-06 07:14:55,384 | INFO | scripts.import_formations_enriched |   - Ajout du flux mensuel : (2025, 10)
2026-06-06 07:14:55,386 | INFO | scripts.import_formations_enriched |   - Ajout du flux mensuel : (2026, 2)
2026-06-06 07:14:55,387 | INFO | scripts.import_formations_enriched |   - Ajout du flux mensuel : (2025, 9)
2026-06-06 07:14:55,388 | INFO | scripts.import_formations_enriched |   - Ajout du flux mensuel : (2025, 7)
2026-06-06 07:14:55,413 | INFO | scripts.import_formations_enriched | Import de la formation : Concepteur développeur de solutions digitales (SIRET: 83854281900027)
2026-06-06 07:14:55,414 | INFO | scripts.import_formations_enriched |   - Ajout du flux mensuel : (2022, 6)
2026-06-06 07:14:55,420 | INFO | scripts.import_formations_enriched |   - Ajout du code ROME : M1802
2026-06-06 07:14:55,426 | INFO | scripts.import_formations_enriched |   - Ajout du code ROME : M1805
2026-06-06 07:14:55,428 | INFO | scripts.import_formations_enriched |   - Ajout du flux mensuel : (2022, 11)
2026-06-06 07:14:55,429 | INFO | scripts.import_formations_enriched |   - Ajout du flux mensuel : (2022, 3)
2026-06-06 07:14:55,431 | INFO | scripts.import_formations_enriched |   - Ajout du flux mensuel : (2022, 10)
2026-06-06 07:14:55,432 | INFO | scripts.import_formations_enriched |   - Ajout du flux mensuel : (2022, 9)
2026-06-06 07:14:55,434 | INFO | scripts.import_formations_enriched |   - Ajout du flux mensuel : (2022, 4)
2026-06-06 07:14:55,436 | INFO | scripts.import_formations_enriched |   - Ajout du flux mensuel : (2023, 1)
2026-06-06 07:14:55,438 | INFO | scripts.import_formations_enriched |   - Ajout du flux mensuel : (2022, 5)
2026-06-06 07:14:55,439 | INFO | scripts.import_formations_enriched |   - Ajout du flux mensuel : (2022, 8)
2026-06-06 07:14:55,440 | INFO | scripts.import_formations_enriched |   - Ajout du flux mensuel : (2022, 7)
2026-06-06 07:14:55,466 | INFO | scripts.import_formations_enriched | Import de la formation : TP Développeur web et web mobile (SIRET: 82277112700021)
2026-06-06 07:14:55,468 | INFO | scripts.import_formations_enriched |   - Ajout du flux mensuel : (2024, 4)
2026-06-06 07:14:55,475 | INFO | scripts.import_formations_enriched |   - Ajout du code ROME : M1805
2026-06-06 07:14:55,477 | INFO | scripts.import_formations_enriched |   - Ajout du flux mensuel : (2024, 6)
2026-06-06 07:14:55,478 | INFO | scripts.import_formations_enriched |   - Ajout du flux mensuel : (2023, 10)
2026-06-06 07:14:55,480 | INFO | scripts.import_formations_enriched |   - Ajout du flux mensuel : (2024, 3)
2026-06-06 07:14:55,481 | INFO | scripts.import_formations_enriched |   - Ajout du flux mensuel : (2024, 9)
2026-06-06 07:14:55,482 | INFO | scripts.import_formations_enriched |   - Ajout du flux mensuel : (2024, 5)
2026-06-06 07:14:55,483 | INFO | scripts.import_formations_enriched |   - Ajout du flux mensuel : (2024, 7)
2026-06-06 07:14:55,485 | INFO | scripts.import_formations_enriched |   - Ajout du flux mensuel : (2023, 9)
2026-06-06 07:14:55,511 | INFO | scripts.import_formations_enriched | Import de la formation : TP Développeur web et web mobile (SIRET: 92051978200022)
2026-06-06 07:14:55,514 | INFO | scripts.import_formations_enriched |   - Ajout du flux mensuel : (2025, 4)
2026-06-06 07:14:55,527 | INFO | scripts.import_formations_enriched |   - Ajout du code ROME : M1805
2026-06-06 07:14:55,532 | INFO | scripts.import_formations_enriched |   - Ajout du flux mensuel : (2025, 6)
2026-06-06 07:14:55,534 | INFO | scripts.import_formations_enriched |   - Ajout du flux mensuel : (2024, 9)
2026-06-06 07:14:55,536 | INFO | scripts.import_formations_enriched |   - Ajout du flux mensuel : (2025, 1)
2026-06-06 07:14:55,540 | INFO | scripts.import_formations_enriched |   - Ajout du flux mensuel : (2026, 5)
2026-06-06 07:14:55,542 | INFO | scripts.import_formations_enriched |   - Ajout du flux mensuel : (2024, 4)
2026-06-06 07:14:55,544 | INFO | scripts.import_formations_enriched |   - Ajout du flux mensuel : (2025, 10)
2026-06-06 07:14:55,546 | INFO | scripts.import_formations_enriched |   - Ajout du flux mensuel : (2024, 3)
2026-06-06 07:14:55,547 | INFO | scripts.import_formations_enriched |   - Ajout du flux mensuel : (2025, 9)
2026-06-06 07:14:55,548 | INFO | scripts.import_formations_enriched |   - Ajout du flux mensuel : (2024, 1)
2026-06-06 07:14:55,550 | INFO | scripts.import_formations_enriched |   - Ajout du flux mensuel : (2025, 11)
2026-06-06 07:14:55,551 | INFO | scripts.import_formations_enriched |   - Ajout du flux mensuel : (2025, 5)
2026-06-06 07:14:55,552 | INFO | scripts.import_formations_enriched |   - Ajout du flux mensuel : (2024, 8)
2026-06-06 07:14:55,554 | INFO | scripts.import_formations_enriched |   - Ajout du flux mensuel : (2026, 3)
2026-06-06 07:14:55,555 | INFO | scripts.import_formations_enriched |   - Ajout du flux mensuel : (2025, 2)
2026-06-06 07:14:55,557 | INFO | scripts.import_formations_enriched |   - Ajout du flux mensuel : (2024, 12)
2026-06-06 07:14:55,561 | INFO | scripts.import_formations_enriched |   - Ajout du flux mensuel : (2024, 5)
2026-06-06 07:14:55,564 | INFO | scripts.import_formations_enriched |   - Ajout du flux mensuel : (2025, 3)
2026-06-06 07:14:55,566 | INFO | scripts.import_formations_enriched |   - Ajout du flux mensuel : (2025, 7)
2026-06-06 07:14:55,567 | INFO | scripts.import_formations_enriched |   - Ajout du flux mensuel : (2026, 4)
2026-06-06 07:14:55,568 | INFO | scripts.import_formations_enriched |   - Ajout du flux mensuel : (2026, 1)
2026-06-06 07:14:55,570 | INFO | scripts.import_formations_enriched |   - Ajout du flux mensuel : (2024, 6)
2026-06-06 07:14:55,605 | INFO | scripts.import_formations_enriched | Import de la formation : TP Développeur web et web mobile (SIRET: 92069805700014)
2026-06-06 07:14:55,607 | INFO | scripts.import_formations_enriched |   - Ajout du flux mensuel : (2026, 3)
2026-06-06 07:14:55,613 | INFO | scripts.import_formations_enriched |   - Ajout du code ROME : M1805
2026-06-06 07:14:55,614 | INFO | scripts.import_formations_enriched |   - Ajout du flux mensuel : (2026, 1)
2026-06-06 07:14:55,615 | INFO | scripts.import_formations_enriched |   - Ajout du flux mensuel : (2026, 2)
2026-06-06 07:14:55,617 | INFO | scripts.import_formations_enriched |   - Ajout du flux mensuel : (2025, 11)
2026-06-06 07:14:55,618 | INFO | scripts.import_formations_enriched |   - Ajout du flux mensuel : (2025, 10)
2026-06-06 07:14:55,619 | INFO | scripts.import_formations_enriched |   - Ajout du flux mensuel : (2026, 4)
2026-06-06 07:14:55,645 | INFO | scripts.import_formations_enriched | Import de la formation : TP Développeur web et web mobile (SIRET: 79521495600018)
2026-06-06 07:14:55,646 | INFO | scripts.import_formations_enriched |   - Ajout du flux mensuel : (2026, 2)
2026-06-06 07:14:55,651 | INFO | scripts.import_formations_enriched |   - Ajout du code ROME : M1805
2026-06-06 07:14:55,653 | INFO | scripts.import_formations_enriched |   - Ajout du flux mensuel : (2024, 2)
2026-06-06 07:14:55,654 | INFO | scripts.import_formations_enriched |   - Ajout du flux mensuel : (2025, 5)
2026-06-06 07:14:55,656 | INFO | scripts.import_formations_enriched |   - Ajout du flux mensuel : (2026, 5)
2026-06-06 07:14:55,658 | INFO | scripts.import_formations_enriched |   - Ajout du flux mensuel : (2025, 9)
2026-06-06 07:14:55,660 | INFO | scripts.import_formations_enriched |   - Ajout du flux mensuel : (2025, 2)
2026-06-06 07:14:55,662 | INFO | scripts.import_formations_enriched |   - Ajout du flux mensuel : (2024, 9)
2026-06-06 07:14:55,664 | INFO | scripts.import_formations_enriched |   - Ajout du flux mensuel : (2023, 12)
2026-06-06 07:14:55,687 | INFO | scripts.import_formations_enriched | Import de la formation : TP Développeur web et web mobile (SIRET: 89354564000011)
2026-06-06 07:14:55,689 | INFO | scripts.import_formations_enriched |   - Ajout du flux mensuel : (2024, 1)
2026-06-06 07:14:55,695 | INFO | scripts.import_formations_enriched |   - Ajout du code ROME : M1805
2026-06-06 07:14:55,697 | INFO | scripts.import_formations_enriched |   - Ajout du flux mensuel : (2024, 2)
2026-06-06 07:14:55,699 | INFO | scripts.import_formations_enriched |   - Ajout du flux mensuel : (2024, 6)
2026-06-06 07:14:55,700 | INFO | scripts.import_formations_enriched |   - Ajout du flux mensuel : (2024, 5)
2026-06-06 07:14:55,702 | INFO | scripts.import_formations_enriched |   - Ajout du flux mensuel : (2023, 11)
2026-06-06 07:14:55,703 | INFO | scripts.import_formations_enriched |   - Ajout du flux mensuel : (2023, 12)
2026-06-06 07:14:55,704 | INFO | scripts.import_formations_enriched |   - Ajout du flux mensuel : (2024, 4)
2026-06-06 07:14:55,706 | INFO | scripts.import_formations_enriched |   - Ajout du flux mensuel : (2024, 3)
2026-06-06 07:14:55,731 | INFO | scripts.import_formations_enriched | Import de la formation : TP Concepteur développeur d'applications (SIRET: 92051978200022)
2026-06-06 07:14:55,733 | INFO | scripts.import_formations_enriched |   - Ajout du flux mensuel : (2026, 2)
2026-06-06 07:14:55,739 | INFO | scripts.import_formations_enriched |   - Ajout du code ROME : M1805
2026-06-06 07:14:55,741 | INFO | scripts.import_formations_enriched |   - Ajout du flux mensuel : (2025, 12)
2026-06-06 07:14:55,743 | INFO | scripts.import_formations_enriched |   - Ajout du flux mensuel : (2026, 3)
2026-06-06 07:14:55,744 | INFO | scripts.import_formations_enriched |   - Ajout du flux mensuel : (2025, 10)
2026-06-06 07:14:55,745 | INFO | scripts.import_formations_enriched |   - Ajout du flux mensuel : (2025, 11)
2026-06-06 07:14:55,746 | INFO | scripts.import_formations_enriched |   - Ajout du flux mensuel : (2024, 5)
2026-06-06 07:14:55,747 | INFO | scripts.import_formations_enriched |   - Ajout du flux mensuel : (2026, 1)
2026-06-06 07:14:55,772 | INFO | scripts.import_formations_enriched | Import de la formation : TP Concepteur développeur d'applications (SIRET: 83208538500025)
2026-06-06 07:14:55,773 | INFO | scripts.import_formations_enriched |   - Ajout du flux mensuel : (2025, 3)
2026-06-06 07:14:55,780 | INFO | scripts.import_formations_enriched |   - Ajout du code ROME : M1805
2026-06-06 07:14:55,782 | INFO | scripts.import_formations_enriched |   - Ajout du flux mensuel : (2025, 1)
2026-06-06 07:14:55,783 | INFO | scripts.import_formations_enriched |   - Ajout du flux mensuel : (2025, 4)
2026-06-06 07:14:55,785 | INFO | scripts.import_formations_enriched |   - Ajout du flux mensuel : (2025, 2)
2026-06-06 07:14:55,785 | INFO | scripts.import_formations_enriched |   - Ajout du flux mensuel : (2025, 5)
2026-06-06 07:14:55,812 | INFO | scripts.import_formations_enriched | Import de la formation : TP Administrateur système DevOps (SIRET: 44321186700116)
2026-06-06 07:14:55,814 | INFO | scripts.import_formations_enriched |   - Ajout du flux mensuel : (2025, 12)
2026-06-06 07:14:55,819 | INFO | scripts.import_formations_enriched |   - Ajout du code ROME : M1801
2026-06-06 07:14:55,824 | INFO | scripts.import_formations_enriched |   - Ajout du code ROME : M1802
2026-06-06 07:14:55,826 | INFO | scripts.import_formations_enriched |   - Ajout du flux mensuel : (2026, 1)
2026-06-06 07:14:55,827 | INFO | scripts.import_formations_enriched |   - Ajout du flux mensuel : (2026, 3)
2026-06-06 07:14:55,851 | INFO | scripts.import_formations_enriched | Import de la formation : TP Administrateur système DevOps (SIRET: 79492606300247)
2026-06-06 07:14:55,853 | INFO | scripts.import_formations_enriched |   - Ajout du flux mensuel : (2024, 10)
2026-06-06 07:14:55,858 | INFO | scripts.import_formations_enriched |   - Ajout du code ROME : M1801
2026-06-06 07:14:55,863 | INFO | scripts.import_formations_enriched |   - Ajout du code ROME : M1802
2026-06-06 07:14:55,885 | INFO | scripts.import_formations_enriched | Import de la formation : TP Concepteur développeur d'applications (SIRET: 89745988900019)
2026-06-06 07:14:55,888 | INFO | scripts.import_formations_enriched |   - Ajout du flux mensuel : (2024, 4)
2026-06-06 07:14:55,893 | INFO | scripts.import_formations_enriched |   - Ajout du code ROME : M1805
2026-06-06 07:14:55,894 | INFO | scripts.import_formations_enriched |   - Ajout du flux mensuel : (2024, 5)
2026-06-06 07:14:55,918 | INFO | scripts.import_formations_enriched | Import de la formation : Licence Professionnelle Activités juridiques : mandataire judiciaire à la protection des majeurs (fiche nationale) (SIRET: 93249157400012)
2026-06-06 07:14:55,920 | INFO | scripts.import_formations_enriched |   - Ajout du flux mensuel : (2026, 2)
2026-06-06 07:14:55,926 | INFO | scripts.import_formations_enriched |   - Ajout du code ROME : K1102
2026-06-06 07:14:55,950 | INFO | scripts.import_formations_enriched | Import de la formation : MASTER Informatique (fiche nationale) (SIRET: 19691775100014)
2026-06-06 07:14:55,952 | INFO | scripts.import_formations_enriched |   - Ajout du flux mensuel : (2025, 11)
2026-06-06 07:14:55,959 | INFO | scripts.import_formations_enriched |   - Ajout du code ROME : M1801
2026-06-06 07:14:55,965 | INFO | scripts.import_formations_enriched |   - Ajout du code ROME : M1802
2026-06-06 07:14:55,970 | INFO | scripts.import_formations_enriched |   - Ajout du code ROME : M1803
2026-06-06 07:14:55,976 | INFO | scripts.import_formations_enriched |   - Ajout du code ROME : M1805
2026-06-06 07:14:55,980 | INFO | scripts.import_formations_enriched |   - Ajout du code ROME : M1806
2026-06-06 07:14:55,982 | INFO | scripts.import_formations_enriched |   - Ajout du flux mensuel : (2025, 10)
2026-06-06 07:14:55,983 | INFO | scripts.import_formations_enriched |   - Ajout du flux mensuel : (2024, 11)
2026-06-06 07:14:55,984 | INFO | scripts.import_formations_enriched |   - Ajout du flux mensuel : (2024, 10)
2026-06-06 07:14:55,986 | INFO | scripts.import_formations_enriched |   - Ajout du flux mensuel : (2024, 9)
2026-06-06 07:14:55,987 | INFO | scripts.import_formations_enriched |   - Ajout du flux mensuel : (2025, 9)
2026-06-06 07:14:56,018 | INFO | scripts.import_formations_enriched | Import de la formation : Concepteur développeur d'applications web (SIRET: 79494991700098)
2026-06-06 07:14:56,021 | INFO | scripts.import_formations_enriched |   - Ajout du flux mensuel : (2025, 1)
2026-06-06 07:14:56,026 | INFO | scripts.import_formations_enriched |   - Ajout du code ROME : E1205
2026-06-06 07:14:56,030 | INFO | scripts.import_formations_enriched |   - Ajout du code ROME : M1803
2026-06-06 07:14:56,042 | INFO | scripts.import_formations_enriched |   - Ajout du code ROME : M1805
2026-06-06 07:14:56,047 | INFO | scripts.import_formations_enriched |   - Ajout du flux mensuel : (2024, 10)
2026-06-06 07:14:56,070 | INFO | scripts.import_formations_enriched | Import de la formation : BUT Métiers du Multimédia et de l'Internet : Développement web et dispositifs interactifs (SIRET: 19931238000017)
2026-06-06 07:14:56,072 | INFO | scripts.import_formations_enriched |   - Ajout du flux mensuel : (2024, 9)
2026-06-06 07:14:56,077 | INFO | scripts.import_formations_enriched |   - Ajout du code ROME : E1104
2026-06-06 07:14:56,082 | INFO | scripts.import_formations_enriched |   - Ajout du code ROME : E1205
2026-06-06 07:14:56,087 | INFO | scripts.import_formations_enriched |   - Ajout du code ROME : M1801
2026-06-06 07:14:56,091 | INFO | scripts.import_formations_enriched |   - Ajout du code ROME : M1803
2026-06-06 07:14:56,096 | INFO | scripts.import_formations_enriched |   - Ajout du code ROME : M1805
2026-06-06 07:14:56,097 | INFO | scripts.import_formations_enriched |   - Ajout du flux mensuel : (2023, 11)
2026-06-06 07:14:56,098 | INFO | scripts.import_formations_enriched |   - Ajout du flux mensuel : (2024, 10)
2026-06-06 07:14:56,130 | INFO | scripts.import_formations_enriched | Import de la formation : TP Concepteur développeur d'applications (SIRET: 79841497500010)
2026-06-06 07:14:56,132 | INFO | scripts.import_formations_enriched |   - Ajout du flux mensuel : (2024, 11)
2026-06-06 07:14:56,138 | INFO | scripts.import_formations_enriched |   - Ajout du code ROME : M1805
2026-06-06 07:14:56,140 | INFO | scripts.import_formations_enriched |   - Ajout du flux mensuel : (2024, 12)
2026-06-06 07:14:56,143 | INFO | scripts.import_formations_enriched |   - Ajout du flux mensuel : (2025, 9)
2026-06-06 07:14:56,145 | INFO | scripts.import_formations_enriched |   - Ajout du flux mensuel : (2024, 5)
2026-06-06 07:14:56,167 | INFO | scripts.import_formations_enriched | Import de la formation : Chef de projet informatique (SIRET: 34270750200668)
2026-06-06 07:14:56,169 | INFO | scripts.import_formations_enriched |   - Ajout du flux mensuel : (2025, 4)
2026-06-06 07:14:56,174 | INFO | scripts.import_formations_enriched |   - Ajout du code ROME : M1801
2026-06-06 07:14:56,179 | INFO | scripts.import_formations_enriched |   - Ajout du code ROME : M1802
2026-06-06 07:14:56,184 | INFO | scripts.import_formations_enriched |   - Ajout du code ROME : M1803
2026-06-06 07:14:56,189 | INFO | scripts.import_formations_enriched |   - Ajout du code ROME : M1805
2026-06-06 07:14:56,194 | INFO | scripts.import_formations_enriched |   - Ajout du code ROME : M1806
2026-06-06 07:14:56,196 | INFO | scripts.import_formations_enriched |   - Ajout du flux mensuel : (2024, 2)
2026-06-06 07:14:56,224 | INFO | scripts.import_formations_enriched | Import de la formation : TP Développeur web et web mobile (SIRET: 83458371800020)
2026-06-06 07:14:56,226 | INFO | scripts.import_formations_enriched |   - Ajout du flux mensuel : (2024, 8)
2026-06-06 07:14:56,231 | INFO | scripts.import_formations_enriched |   - Ajout du code ROME : M1805
2026-06-06 07:14:56,233 | INFO | scripts.import_formations_enriched |   - Ajout du flux mensuel : (2024, 9)
2026-06-06 07:14:56,237 | INFO | scripts.import_formations_enriched |   - Ajout du flux mensuel : (2024, 5)
2026-06-06 07:14:56,238 | INFO | scripts.import_formations_enriched |   - Ajout du flux mensuel : (2024, 4)
2026-06-06 07:14:56,239 | INFO | scripts.import_formations_enriched |   - Ajout du flux mensuel : (2024, 10)
2026-06-06 07:14:56,267 | INFO | scripts.import_formations_enriched | Import de la formation : TP Développeur web et web mobile (SIRET: 53497556000028)
2026-06-06 07:14:56,270 | INFO | scripts.import_formations_enriched |   - Ajout du flux mensuel : (2024, 2)
2026-06-06 07:14:56,277 | INFO | scripts.import_formations_enriched |   - Ajout du code ROME : M1805
2026-06-06 07:14:56,279 | INFO | scripts.import_formations_enriched |   - Ajout du flux mensuel : (2024, 1)
2026-06-06 07:14:56,281 | INFO | scripts.import_formations_enriched |   - Ajout du flux mensuel : (2024, 4)
2026-06-06 07:14:56,282 | INFO | scripts.import_formations_enriched |   - Ajout du flux mensuel : (2023, 12)
2026-06-06 07:14:56,283 | INFO | scripts.import_formations_enriched |   - Ajout du flux mensuel : (2024, 6)
2026-06-06 07:14:56,285 | INFO | scripts.import_formations_enriched |   - Ajout du flux mensuel : (2023, 11)
2026-06-06 07:14:56,311 | INFO | scripts.import_formations_enriched | Import de la formation : TP Développeur web et web mobile (SIRET: 39913469100258)
2026-06-06 07:14:56,313 | INFO | scripts.import_formations_enriched |   - Ajout du flux mensuel : (2023, 9)
2026-06-06 07:14:56,318 | INFO | scripts.import_formations_enriched |   - Ajout du code ROME : M1805
2026-06-06 07:14:56,322 | INFO | scripts.import_formations_enriched |   - Ajout du flux mensuel : (2023, 12)
2026-06-06 07:14:56,324 | INFO | scripts.import_formations_enriched |   - Ajout du flux mensuel : (2023, 11)
2026-06-06 07:14:56,327 | INFO | scripts.import_formations_enriched |   - Ajout du flux mensuel : (2023, 10)
2026-06-06 07:14:56,329 | INFO | scripts.import_formations_enriched |   - Ajout du flux mensuel : (2024, 3)
2026-06-06 07:14:56,330 | INFO | scripts.import_formations_enriched |   - Ajout du flux mensuel : (2024, 1)
2026-06-06 07:14:56,331 | INFO | scripts.import_formations_enriched |   - Ajout du flux mensuel : (2024, 2)
2026-06-06 07:14:56,360 | INFO | scripts.import_formations_enriched | Import de la formation : TP Développeur web et web mobile (SIRET: 79492606300080)
2026-06-06 07:14:56,362 | INFO | scripts.import_formations_enriched |   - Ajout du flux mensuel : (2025, 3)
2026-06-06 07:14:56,368 | INFO | scripts.import_formations_enriched |   - Ajout du code ROME : M1805
2026-06-06 07:14:56,371 | INFO | scripts.import_formations_enriched |   - Ajout du flux mensuel : (2024, 2)
2026-06-06 07:14:56,373 | INFO | scripts.import_formations_enriched |   - Ajout du flux mensuel : (2024, 9)
2026-06-06 07:14:56,375 | INFO | scripts.import_formations_enriched |   - Ajout du flux mensuel : (2024, 4)
2026-06-06 07:14:56,376 | INFO | scripts.import_formations_enriched |   - Ajout du flux mensuel : (2024, 5)
2026-06-06 07:14:56,377 | INFO | scripts.import_formations_enriched |   - Ajout du flux mensuel : (2024, 3)
2026-06-06 07:14:56,379 | INFO | scripts.import_formations_enriched |   - Ajout du flux mensuel : (2024, 10)
2026-06-06 07:14:56,404 | INFO | scripts.import_formations_enriched | Import de la formation : TP Développeur web et web mobile (SIRET: 91462546200017)
2026-06-06 07:14:56,406 | INFO | scripts.import_formations_enriched |   - Ajout du flux mensuel : (2024, 10)
2026-06-06 07:14:56,412 | INFO | scripts.import_formations_enriched |   - Ajout du code ROME : M1805
2026-06-06 07:14:56,431 | INFO | scripts.import_formations_enriched | Import de la formation : TP Développeur web et web mobile (SIRET: 81999989700062)
2026-06-06 07:14:56,433 | INFO | scripts.import_formations_enriched |   - Ajout du flux mensuel : (2026, 1)
2026-06-06 07:14:56,445 | INFO | scripts.import_formations_enriched |   - Ajout du code ROME : M1805
2026-06-06 07:14:56,448 | INFO | scripts.import_formations_enriched |   - Ajout du flux mensuel : (2025, 11)
2026-06-06 07:14:56,449 | INFO | scripts.import_formations_enriched |   - Ajout du flux mensuel : (2025, 12)
2026-06-06 07:14:56,470 | INFO | scripts.import_formations_enriched | Import de la formation : TP Technicien d'intervention de réseaux de télécommunications en fibre optique (SIRET: 82409268800145)
2026-06-06 07:14:56,472 | INFO | scripts.import_formations_enriched |   - Ajout du flux mensuel : (2024, 6)
2026-06-06 07:14:56,479 | INFO | scripts.import_formations_enriched |   - Ajout du code ROME : I1307
2026-06-06 07:14:56,481 | INFO | scripts.import_formations_enriched |   - Ajout du flux mensuel : (2025, 3)
2026-06-06 07:14:56,510 | INFO | scripts.import_formations_enriched | Import de la formation : Développeur Web (SIRET: 84194487900037)
2026-06-06 07:14:56,511 | INFO | scripts.import_formations_enriched |   - Ajout du flux mensuel : (2025, 1)
2026-06-06 07:14:56,517 | INFO | scripts.import_formations_enriched |   - Ajout du code ROME : M1805
2026-06-06 07:14:56,519 | INFO | scripts.import_formations_enriched |   - Ajout du flux mensuel : (2025, 6)
2026-06-06 07:14:56,520 | INFO | scripts.import_formations_enriched |   - Ajout du flux mensuel : (2025, 7)
2026-06-06 07:14:56,522 | INFO | scripts.import_formations_enriched |   - Ajout du flux mensuel : (2025, 12)
2026-06-06 07:14:56,524 | INFO | scripts.import_formations_enriched |   - Ajout du flux mensuel : (2026, 2)
2026-06-06 07:14:56,548 | INFO | scripts.import_formations_enriched | Import de la formation : Développeur en intelligence artificielle (SIRET: 82951312600054)
2026-06-06 07:14:56,549 | INFO | scripts.import_formations_enriched |   - Ajout du flux mensuel : (2026, 2)
2026-06-06 07:14:56,554 | INFO | scripts.import_formations_enriched |   - Ajout du code ROME : M1805
2026-06-06 07:14:56,555 | INFO | scripts.import_formations_enriched |   - Ajout du flux mensuel : (2025, 12)
2026-06-06 07:14:56,558 | INFO | scripts.import_formations_enriched |   - Ajout du flux mensuel : (2025, 8)
2026-06-06 07:14:56,560 | INFO | scripts.import_formations_enriched |   - Ajout du flux mensuel : (2026, 5)
2026-06-06 07:14:56,561 | INFO | scripts.import_formations_enriched |   - Ajout du flux mensuel : (2025, 11)
2026-06-06 07:14:56,562 | INFO | scripts.import_formations_enriched |   - Ajout du flux mensuel : (2025, 1)
2026-06-06 07:14:56,563 | INFO | scripts.import_formations_enriched |   - Ajout du flux mensuel : (2025, 9)
2026-06-06 07:14:56,564 | INFO | scripts.import_formations_enriched |   - Ajout du flux mensuel : (2025, 4)
2026-06-06 07:14:56,565 | INFO | scripts.import_formations_enriched |   - Ajout du flux mensuel : (2025, 10)
2026-06-06 07:14:56,566 | INFO | scripts.import_formations_enriched |   - Ajout du flux mensuel : (2026, 1)
2026-06-06 07:14:56,593 | INFO | scripts.import_formations_enriched | Import de la formation : Développeur en intelligence artificielle (SIRET: 83467346900021)
2026-06-06 07:14:56,595 | INFO | scripts.import_formations_enriched |   - Ajout du flux mensuel : (2025, 11)
2026-06-06 07:14:56,600 | INFO | scripts.import_formations_enriched |   - Ajout du code ROME : M1805
2026-06-06 07:14:56,601 | INFO | scripts.import_formations_enriched |   - Ajout du flux mensuel : (2025, 12)
2026-06-06 07:14:56,604 | INFO | scripts.import_formations_enriched |   - Ajout du flux mensuel : (2026, 1)
2026-06-06 07:14:56,606 | INFO | scripts.import_formations_enriched |   - Ajout du flux mensuel : (2026, 3)
2026-06-06 07:14:56,608 | INFO | scripts.import_formations_enriched |   - Ajout du flux mensuel : (2026, 2)
2026-06-06 07:14:56,609 | INFO | scripts.import_formations_enriched |   - Ajout du flux mensuel : (2025, 10)
2026-06-06 07:14:56,632 | INFO | scripts.import_formations_enriched | Import de la formation : TP Technicien supérieur systèmes et réseaux (SIRET: 38436936900010)
2026-06-06 07:14:56,634 | INFO | scripts.import_formations_enriched |   - Ajout du flux mensuel : (2025, 4)
2026-06-06 07:14:56,638 | INFO | scripts.import_formations_enriched |   - Ajout du code ROME : I1401
2026-06-06 07:14:56,643 | INFO | scripts.import_formations_enriched |   - Ajout du code ROME : M1810
2026-06-06 07:14:56,644 | INFO | scripts.import_formations_enriched |   - Ajout du flux mensuel : (2023, 11)
2026-06-06 07:14:56,646 | INFO | scripts.import_formations_enriched |   - Ajout du flux mensuel : (2024, 4)
2026-06-06 07:14:56,647 | INFO | scripts.import_formations_enriched |   - Ajout du flux mensuel : (2025, 9)
2026-06-06 07:14:56,649 | INFO | scripts.import_formations_enriched |   - Ajout du flux mensuel : (2026, 4)
2026-06-06 07:14:56,650 | INFO | scripts.import_formations_enriched |   - Ajout du flux mensuel : (2024, 9)
2026-06-06 07:14:56,673 | INFO | scripts.import_formations_enriched | Import de la formation : TP Développeur web et web mobile (SIRET: 90455225400016)
2026-06-06 07:14:56,675 | INFO | scripts.import_formations_enriched |   - Ajout du flux mensuel : (2023, 12)
2026-06-06 07:14:56,679 | INFO | scripts.import_formations_enriched |   - Ajout du code ROME : M1805
2026-06-06 07:14:56,681 | INFO | scripts.import_formations_enriched |   - Ajout du flux mensuel : (2023, 10)
2026-06-06 07:14:56,682 | INFO | scripts.import_formations_enriched |   - Ajout du flux mensuel : (2023, 11)
2026-06-06 07:14:56,704 | INFO | scripts.import_formations_enriched | Import de la formation : TP Développeur web et web mobile (SIRET: 84194487900037)
2026-06-06 07:14:56,706 | INFO | scripts.import_formations_enriched |   - Ajout du flux mensuel : (2024, 1)
2026-06-06 07:14:56,710 | INFO | scripts.import_formations_enriched |   - Ajout du code ROME : M1805
2026-06-06 07:14:56,712 | INFO | scripts.import_formations_enriched |   - Ajout du flux mensuel : (2024, 4)
2026-06-06 07:14:56,713 | INFO | scripts.import_formations_enriched |   - Ajout du flux mensuel : (2024, 5)
2026-06-06 07:14:56,715 | INFO | scripts.import_formations_enriched |   - Ajout du flux mensuel : (2024, 2)
2026-06-06 07:14:56,716 | INFO | scripts.import_formations_enriched |   - Ajout du flux mensuel : (2024, 6)
2026-06-06 07:14:56,717 | INFO | scripts.import_formations_enriched |   - Ajout du flux mensuel : (2024, 8)
2026-06-06 07:14:56,719 | INFO | scripts.import_formations_enriched |   - Ajout du flux mensuel : (2024, 10)
2026-06-06 07:14:56,722 | INFO | scripts.import_formations_enriched |   - Ajout du flux mensuel : (2024, 7)
2026-06-06 07:14:56,723 | INFO | scripts.import_formations_enriched |   - Ajout du flux mensuel : (2024, 3)
2026-06-06 07:14:56,748 | INFO | scripts.import_formations_enriched | Import de la formation : Technicien systèmes et réseaux (SIRET: 34270750200791)
2026-06-06 07:14:56,750 | INFO | scripts.import_formations_enriched |   - Ajout du flux mensuel : (2025, 4)
2026-06-06 07:14:56,756 | INFO | scripts.import_formations_enriched |   - Ajout du code ROME : I1307
2026-06-06 07:14:56,761 | INFO | scripts.import_formations_enriched |   - Ajout du code ROME : I1401
2026-06-06 07:14:56,767 | INFO | scripts.import_formations_enriched |   - Ajout du code ROME : M1801
2026-06-06 07:14:56,771 | INFO | scripts.import_formations_enriched |   - Ajout du code ROME : M1810
2026-06-06 07:14:56,823 | INFO | scripts.import_formations_enriched | Import de la formation : TP Développeur web et web mobile (SIRET: 44158313500047)
2026-06-06 07:14:56,826 | INFO | scripts.import_formations_enriched |   - Ajout du flux mensuel : (2024, 3)
2026-06-06 07:14:56,851 | INFO | scripts.import_formations_enriched |   - Ajout du code ROME : M1805
2026-06-06 07:14:56,853 | INFO | scripts.import_formations_enriched |   - Ajout du flux mensuel : (2025, 11)
2026-06-06 07:14:56,860 | INFO | scripts.import_formations_enriched |   - Ajout du flux mensuel : (2025, 9)
2026-06-06 07:14:56,864 | INFO | scripts.import_formations_enriched |   - Ajout du flux mensuel : (2024, 5)
2026-06-06 07:14:56,865 | INFO | scripts.import_formations_enriched |   - Ajout du flux mensuel : (2025, 5)
2026-06-06 07:14:56,866 | INFO | scripts.import_formations_enriched |   - Ajout du flux mensuel : (2025, 2)
2026-06-06 07:14:56,867 | INFO | scripts.import_formations_enriched |   - Ajout du flux mensuel : (2023, 10)
2026-06-06 07:14:56,868 | INFO | scripts.import_formations_enriched |   - Ajout du flux mensuel : (2023, 12)
2026-06-06 07:14:56,868 | INFO | scripts.import_formations_enriched |   - Ajout du flux mensuel : (2024, 12)
2026-06-06 07:14:56,870 | INFO | scripts.import_formations_enriched |   - Ajout du flux mensuel : (2025, 1)
2026-06-06 07:14:56,872 | INFO | scripts.import_formations_enriched |   - Ajout du flux mensuel : (2026, 2)
2026-06-06 07:14:56,874 | INFO | scripts.import_formations_enriched |   - Ajout du flux mensuel : (2024, 10)
2026-06-06 07:14:56,908 | INFO | scripts.import_formations_enriched | Import de la formation : TP Développeur web et web mobile (SIRET: 70202279900028)
2026-06-06 07:14:56,910 | INFO | scripts.import_formations_enriched |   - Ajout du flux mensuel : (2023, 9)
2026-06-06 07:14:56,916 | INFO | scripts.import_formations_enriched |   - Ajout du code ROME : M1805
2026-06-06 07:14:56,918 | INFO | scripts.import_formations_enriched |   - Ajout du flux mensuel : (2025, 3)
2026-06-06 07:14:56,920 | INFO | scripts.import_formations_enriched |   - Ajout du flux mensuel : (2026, 3)
2026-06-06 07:14:56,922 | INFO | scripts.import_formations_enriched |   - Ajout du flux mensuel : (2023, 12)
2026-06-06 07:14:56,923 | INFO | scripts.import_formations_enriched |   - Ajout du flux mensuel : (2025, 8)
2026-06-06 07:14:56,926 | INFO | scripts.import_formations_enriched |   - Ajout du flux mensuel : (2023, 10)
2026-06-06 07:14:56,929 | INFO | scripts.import_formations_enriched |   - Ajout du flux mensuel : (2025, 1)
2026-06-06 07:14:56,930 | INFO | scripts.import_formations_enriched |   - Ajout du flux mensuel : (2024, 3)
2026-06-06 07:14:56,931 | INFO | scripts.import_formations_enriched |   - Ajout du flux mensuel : (2025, 6)
2026-06-06 07:14:56,932 | INFO | scripts.import_formations_enriched |   - Ajout du flux mensuel : (2025, 2)
2026-06-06 07:14:56,933 | INFO | scripts.import_formations_enriched |   - Ajout du flux mensuel : (2026, 4)
2026-06-06 07:14:56,934 | INFO | scripts.import_formations_enriched |   - Ajout du flux mensuel : (2023, 11)
2026-06-06 07:14:56,935 | INFO | scripts.import_formations_enriched |   - Ajout du flux mensuel : (2025, 9)
2026-06-06 07:14:56,937 | INFO | scripts.import_formations_enriched |   - Ajout du flux mensuel : (2024, 11)
2026-06-06 07:14:56,938 | INFO | scripts.import_formations_enriched |   - Ajout du flux mensuel : (2024, 1)
2026-06-06 07:14:57,012 | INFO | scripts.import_formations_enriched | Import de la formation : TP Technicien supérieur systèmes et réseaux (SIRET: 39846379400048)
2026-06-06 07:14:57,014 | INFO | scripts.import_formations_enriched |   - Ajout du flux mensuel : (2025, 1)
2026-06-06 07:14:57,028 | INFO | scripts.import_formations_enriched |   - Ajout du code ROME : I1401
2026-06-06 07:14:57,049 | INFO | scripts.import_formations_enriched |   - Ajout du code ROME : M1810
2026-06-06 07:14:57,067 | INFO | scripts.import_formations_enriched |   - Ajout du flux mensuel : (2025, 11)
2026-06-06 07:14:57,077 | INFO | scripts.import_formations_enriched |   - Ajout du flux mensuel : (2023, 10)
2026-06-06 07:14:57,078 | INFO | scripts.import_formations_enriched |   - Ajout du flux mensuel : (2024, 10)
2026-06-06 07:14:57,104 | INFO | scripts.import_formations_enriched | Import de la formation : TP Développeur web et web mobile (SIRET: 90465249200011)
2026-06-06 07:14:57,114 | INFO | scripts.import_formations_enriched |   - Ajout du flux mensuel : (2023, 11)
2026-06-06 07:14:57,131 | INFO | scripts.import_formations_enriched |   - Ajout du code ROME : M1805
2026-06-06 07:14:57,156 | INFO | scripts.import_formations_enriched | Import de la formation : Concepteur développeur d'applications web (SIRET: 82951312600054)
2026-06-06 07:14:57,383 | INFO | scripts.import_formations_enriched |   - Ajout du flux mensuel : (2026, 1)
2026-06-06 07:14:57,431 | INFO | scripts.import_formations_enriched |   - Ajout du code ROME : M1805
2026-06-06 07:14:57,442 | INFO | scripts.import_formations_enriched |   - Ajout du flux mensuel : (2025, 11)
2026-06-06 07:14:57,465 | INFO | scripts.import_formations_enriched |   - Ajout du flux mensuel : (2026, 5)
2026-06-06 07:14:57,485 | INFO | scripts.import_formations_enriched |   - Ajout du flux mensuel : (2025, 2)
2026-06-06 07:14:57,492 | INFO | scripts.import_formations_enriched |   - Ajout du flux mensuel : (2025, 1)
2026-06-06 07:14:57,507 | INFO | scripts.import_formations_enriched |   - Ajout du flux mensuel : (2025, 6)
2026-06-06 07:14:57,512 | INFO | scripts.import_formations_enriched |   - Ajout du flux mensuel : (2026, 3)
2026-06-06 07:14:57,607 | INFO | scripts.import_formations_enriched | Import de la formation : TP Développeur web et web mobile (SIRET: 83234145700014)
2026-06-06 07:14:57,631 | INFO | scripts.import_formations_enriched |   - Ajout du flux mensuel : (2024, 6)
2026-06-06 07:14:57,661 | INFO | scripts.import_formations_enriched |   - Ajout du code ROME : M1805
2026-06-06 07:14:57,707 | INFO | scripts.import_formations_enriched |   - Ajout du flux mensuel : (2024, 4)
2026-06-06 07:14:57,731 | INFO | scripts.import_formations_enriched |   - Ajout du flux mensuel : (2024, 7)
2026-06-06 07:14:57,763 | INFO | scripts.import_formations_enriched |   - Ajout du flux mensuel : (2024, 1)
2026-06-06 07:14:57,768 | INFO | scripts.import_formations_enriched |   - Ajout du flux mensuel : (2024, 3)
2026-06-06 07:14:57,771 | INFO | scripts.import_formations_enriched |   - Ajout du flux mensuel : (2024, 10)
2026-06-06 07:14:57,780 | INFO | scripts.import_formations_enriched |   - Ajout du flux mensuel : (2024, 5)
2026-06-06 07:14:57,784 | INFO | scripts.import_formations_enriched |   - Ajout du flux mensuel : (2024, 2)
2026-06-06 07:14:57,815 | INFO | scripts.import_formations_enriched | Import de la formation : TP Technicien supérieur systèmes et réseaux (SIRET: 90355382400017)
2026-06-06 07:14:57,817 | INFO | scripts.import_formations_enriched |   - Ajout du flux mensuel : (2023, 11)
2026-06-06 07:14:57,823 | INFO | scripts.import_formations_enriched |   - Ajout du code ROME : I1401
2026-06-06 07:14:57,826 | INFO | scripts.import_formations_enriched |   - Ajout du code ROME : M1810
2026-06-06 07:14:57,827 | INFO | scripts.import_formations_enriched |   - Ajout du flux mensuel : (2024, 8)
2026-06-06 07:14:57,827 | INFO | scripts.import_formations_enriched |   - Ajout du flux mensuel : (2024, 1)
2026-06-06 07:14:57,828 | INFO | scripts.import_formations_enriched |   - Ajout du flux mensuel : (2024, 3)
2026-06-06 07:14:57,829 | INFO | scripts.import_formations_enriched |   - Ajout du flux mensuel : (2024, 2)
2026-06-06 07:14:57,831 | INFO | scripts.import_formations_enriched |   - Ajout du flux mensuel : (2024, 9)
2026-06-06 07:14:57,831 | INFO | scripts.import_formations_enriched |   - Ajout du flux mensuel : (2023, 12)
2026-06-06 07:14:57,847 | INFO | scripts.import_formations_enriched | Import de la formation : Développeur Intégrateur Web (SIRET: 77573724000280)
2026-06-06 07:14:57,848 | INFO | scripts.import_formations_enriched |   - Ajout du flux mensuel : (2025, 5)
2026-06-06 07:14:57,850 | INFO | scripts.import_formations_enriched |   - Ajout du code ROME : M1805
2026-06-06 07:14:57,851 | INFO | scripts.import_formations_enriched |   - Ajout du flux mensuel : (2023, 10)
2026-06-06 07:14:57,852 | INFO | scripts.import_formations_enriched |   - Ajout du flux mensuel : (2024, 5)
2026-06-06 07:14:57,865 | INFO | scripts.import_formations_enriched | Import de la formation : TP Technicien supérieur systèmes et réseaux (SIRET: 43261313100049)
2026-06-06 07:14:57,866 | INFO | scripts.import_formations_enriched |   - Ajout du flux mensuel : (2024, 2)
2026-06-06 07:14:57,868 | INFO | scripts.import_formations_enriched |   - Ajout du code ROME : I1401
2026-06-06 07:14:57,874 | INFO | scripts.import_formations_enriched |   - Ajout du code ROME : M1810
2026-06-06 07:14:57,876 | INFO | scripts.import_formations_enriched |   - Ajout du flux mensuel : (2025, 9)
2026-06-06 07:14:57,877 | INFO | scripts.import_formations_enriched |   - Ajout du flux mensuel : (2025, 10)
2026-06-06 07:14:57,900 | INFO | scripts.import_formations_enriched | Import de la formation : TP Installateur de réseaux de télécommunications en fibre optique (SIRET: 44069524500025)
2026-06-06 07:14:57,900 | INFO | scripts.import_formations_enriched |   - Ajout du flux mensuel : (2025, 11)
2026-06-06 07:14:57,903 | INFO | scripts.import_formations_enriched |   - Ajout du code ROME : F1605
2026-06-06 07:14:57,904 | INFO | scripts.import_formations_enriched |   - Ajout du flux mensuel : (2026, 4)
2026-06-06 07:14:57,917 | INFO | scripts.import_formations_enriched | Import de la formation : Ingénieur en intelligence artificielle (MS) (SIRET: 18009202500162)
2026-06-06 07:14:57,917 | INFO | scripts.import_formations_enriched |   - Ajout du flux mensuel : (2026, 4)
2026-06-06 07:14:57,920 | INFO | scripts.import_formations_enriched |   - Ajout du code ROME : M1805
2026-06-06 07:14:57,922 | INFO | scripts.import_formations_enriched |   - Ajout du flux mensuel : (2025, 11)
2026-06-06 07:14:57,923 | INFO | scripts.import_formations_enriched |   - Ajout du flux mensuel : (2025, 9)
2026-06-06 07:14:57,924 | INFO | scripts.import_formations_enriched |   - Ajout du flux mensuel : (2026, 1)
2026-06-06 07:14:57,925 | INFO | scripts.import_formations_enriched |   - Ajout du flux mensuel : (2025, 10)
2026-06-06 07:14:57,940 | INFO | scripts.import_formations_enriched | Import de la formation : TP Développeur web et web mobile (SIRET: 88752731500014)
2026-06-06 07:14:57,941 | INFO | scripts.import_formations_enriched |   - Ajout du flux mensuel : (2023, 11)
2026-06-06 07:14:57,944 | INFO | scripts.import_formations_enriched |   - Ajout du code ROME : M1805
2026-06-06 07:14:57,945 | INFO | scripts.import_formations_enriched |   - Ajout du flux mensuel : (2024, 3)
2026-06-06 07:14:57,946 | INFO | scripts.import_formations_enriched |   - Ajout du flux mensuel : (2025, 1)
2026-06-06 07:14:57,947 | INFO | scripts.import_formations_enriched |   - Ajout du flux mensuel : (2024, 11)
2026-06-06 07:14:57,948 | INFO | scripts.import_formations_enriched |   - Ajout du flux mensuel : (2026, 3)
2026-06-06 07:14:57,949 | INFO | scripts.import_formations_enriched |   - Ajout du flux mensuel : (2025, 3)
2026-06-06 07:14:57,950 | INFO | scripts.import_formations_enriched |   - Ajout du flux mensuel : (2024, 7)
2026-06-06 07:14:57,951 | INFO | scripts.import_formations_enriched |   - Ajout du flux mensuel : (2025, 11)
2026-06-06 07:14:57,952 | INFO | scripts.import_formations_enriched |   - Ajout du flux mensuel : (2024, 4)
2026-06-06 07:14:57,954 | INFO | scripts.import_formations_enriched |   - Ajout du flux mensuel : (2023, 12)
2026-06-06 07:14:57,955 | INFO | scripts.import_formations_enriched |   - Ajout du flux mensuel : (2025, 7)
2026-06-06 07:14:57,956 | INFO | scripts.import_formations_enriched |   - Ajout du flux mensuel : (2024, 2)
2026-06-06 07:14:57,971 | INFO | scripts.import_formations_enriched | Import de la formation : TP Technicien informatique de proximité (SIRET: 39014842700094)
2026-06-06 07:14:57,972 | INFO | scripts.import_formations_enriched |   - Ajout du flux mensuel : (2026, 5)
2026-06-06 07:14:57,976 | INFO | scripts.import_formations_enriched |   - Ajout du code ROME : I1401
2026-06-06 07:14:57,977 | INFO | scripts.import_formations_enriched |   - Ajout du flux mensuel : (2026, 3)
2026-06-06 07:14:57,989 | INFO | scripts.import_formations_enriched | Import de la formation : Manager en infrastructures et cybersécurité des systèmes d'information (SIRET: 34270750200775)
2026-06-06 07:14:57,990 | INFO | scripts.import_formations_enriched |   - Ajout du flux mensuel : (2024, 7)
2026-06-06 07:14:57,994 | INFO | scripts.import_formations_enriched |   - Ajout du code ROME : M1801
2026-06-06 07:14:57,996 | INFO | scripts.import_formations_enriched |   - Ajout du code ROME : M1802
2026-06-06 07:14:57,999 | INFO | scripts.import_formations_enriched |   - Ajout du code ROME : M1803
2026-06-06 07:14:58,001 | INFO | scripts.import_formations_enriched |   - Ajout du code ROME : M1804
2026-06-06 07:14:58,005 | INFO | scripts.import_formations_enriched |   - Ajout du code ROME : M1810
2026-06-06 07:14:58,018 | INFO | scripts.import_formations_enriched | Import de la formation : MASTER Bioinformatique (fiche nationale) (SIRET: 13002975400012)
2026-06-06 07:14:58,018 | INFO | scripts.import_formations_enriched |   - Ajout du flux mensuel : (2025, 11)
2026-06-06 07:14:58,021 | INFO | scripts.import_formations_enriched |   - Ajout du code ROME : H1206
2026-06-06 07:14:58,024 | INFO | scripts.import_formations_enriched |   - Ajout du code ROME : K2402
2026-06-06 07:14:58,028 | INFO | scripts.import_formations_enriched |   - Ajout du code ROME : M1801
2026-06-06 07:14:58,032 | INFO | scripts.import_formations_enriched |   - Ajout du code ROME : M1802
2026-06-06 07:14:58,034 | INFO | scripts.import_formations_enriched |   - Ajout du code ROME : M1805
2026-06-06 07:14:58,049 | INFO | scripts.import_formations_enriched | Import de la formation : Chef de projet informatique (SIRET: 34270750200718)
2026-06-06 07:14:58,050 | INFO | scripts.import_formations_enriched |   - Ajout du flux mensuel : (2022, 6)
2026-06-06 07:14:58,053 | INFO | scripts.import_formations_enriched |   - Ajout du code ROME : M1801
2026-06-06 07:14:58,057 | INFO | scripts.import_formations_enriched |   - Ajout du code ROME : M1802
2026-06-06 07:14:58,060 | INFO | scripts.import_formations_enriched |   - Ajout du code ROME : M1803
2026-06-06 07:14:58,063 | INFO | scripts.import_formations_enriched |   - Ajout du code ROME : M1805
2026-06-06 07:14:58,067 | INFO | scripts.import_formations_enriched |   - Ajout du code ROME : M1806
2026-06-06 07:14:58,068 | INFO | scripts.import_formations_enriched |   - Ajout du flux mensuel : (2023, 12)
2026-06-06 07:14:58,069 | INFO | scripts.import_formations_enriched |   - Ajout du flux mensuel : (2022, 12)
2026-06-06 07:14:58,070 | INFO | scripts.import_formations_enriched |   - Ajout du flux mensuel : (2022, 10)
2026-06-06 07:14:58,084 | INFO | scripts.import_formations_enriched | Import de la formation : TP Technicien supérieur systèmes et réseaux (SIRET: 85119528900018)
2026-06-06 07:14:58,085 | INFO | scripts.import_formations_enriched |   - Ajout du flux mensuel : (2024, 12)
2026-06-06 07:14:58,090 | INFO | scripts.import_formations_enriched |   - Ajout du code ROME : I1401
2026-06-06 07:14:58,095 | INFO | scripts.import_formations_enriched |   - Ajout du code ROME : M1810
2026-06-06 07:14:58,097 | INFO | scripts.import_formations_enriched |   - Ajout du flux mensuel : (2024, 10)
2026-06-06 07:14:58,098 | INFO | scripts.import_formations_enriched |   - Ajout du flux mensuel : (2024, 2)
2026-06-06 07:14:58,099 | INFO | scripts.import_formations_enriched |   - Ajout du flux mensuel : (2024, 4)
2026-06-06 07:14:58,101 | INFO | scripts.import_formations_enriched |   - Ajout du flux mensuel : (2026, 2)
2026-06-06 07:14:58,102 | INFO | scripts.import_formations_enriched |   - Ajout du flux mensuel : (2025, 6)
2026-06-06 07:14:58,123 | INFO | scripts.import_formations_enriched | Import de la formation : TP Technicien supérieur systèmes et réseaux (SIRET: 98793352000015)
2026-06-06 07:14:58,125 | INFO | scripts.import_formations_enriched |   - Ajout du flux mensuel : (2026, 4)
2026-06-06 07:14:58,130 | INFO | scripts.import_formations_enriched |   - Ajout du code ROME : I1401
2026-06-06 07:14:58,134 | INFO | scripts.import_formations_enriched |   - Ajout du code ROME : M1810
2026-06-06 07:14:58,153 | INFO | scripts.import_formations_enriched | Import de la formation : TP Développeur web et web mobile (SIRET: 84501436400010)
2026-06-06 07:14:58,155 | INFO | scripts.import_formations_enriched |   - Ajout du flux mensuel : (2024, 9)
2026-06-06 07:14:58,159 | INFO | scripts.import_formations_enriched |   - Ajout du code ROME : M1805
2026-06-06 07:14:58,161 | INFO | scripts.import_formations_enriched |   - Ajout du flux mensuel : (2023, 12)
2026-06-06 07:14:58,162 | INFO | scripts.import_formations_enriched |   - Ajout du flux mensuel : (2024, 7)
2026-06-06 07:14:58,163 | INFO | scripts.import_formations_enriched |   - Ajout du flux mensuel : (2025, 1)
2026-06-06 07:14:58,164 | INFO | scripts.import_formations_enriched |   - Ajout du flux mensuel : (2024, 5)
2026-06-06 07:14:58,165 | INFO | scripts.import_formations_enriched |   - Ajout du flux mensuel : (2024, 4)
2026-06-06 07:14:58,166 | INFO | scripts.import_formations_enriched |   - Ajout du flux mensuel : (2024, 1)
2026-06-06 07:14:58,168 | INFO | scripts.import_formations_enriched |   - Ajout du flux mensuel : (2024, 3)
2026-06-06 07:14:58,169 | INFO | scripts.import_formations_enriched |   - Ajout du flux mensuel : (2024, 6)
2026-06-06 07:14:58,170 | INFO | scripts.import_formations_enriched |   - Ajout du flux mensuel : (2024, 11)
2026-06-06 07:14:58,172 | INFO | scripts.import_formations_enriched |   - Ajout du flux mensuel : (2024, 2)
2026-06-06 07:14:58,173 | INFO | scripts.import_formations_enriched |   - Ajout du flux mensuel : (2024, 10)
2026-06-06 07:14:58,174 | INFO | scripts.import_formations_enriched |   - Ajout du flux mensuel : (2024, 12)
2026-06-06 07:14:58,200 | INFO | scripts.import_formations_enriched | Import de la formation : Concepteur intégrateur d'infrastructures informatiques (systèmes et réseaux, applicatives, ou de sécurité) (SIRET: 43411361900119)
2026-06-06 07:14:58,202 | INFO | scripts.import_formations_enriched |   - Ajout du flux mensuel : (2025, 10)
2026-06-06 07:14:58,207 | INFO | scripts.import_formations_enriched |   - Ajout du code ROME : M1801
2026-06-06 07:14:58,212 | INFO | scripts.import_formations_enriched |   - Ajout du code ROME : M1805
2026-06-06 07:14:58,213 | INFO | scripts.import_formations_enriched |   - Ajout du flux mensuel : (2024, 10)
2026-06-06 07:14:58,234 | INFO | scripts.import_formations_enriched | Import de la formation : MASTER Bioinformatique (fiche nationale) (SIRET: 13003051300019)
2026-06-06 07:14:58,236 | INFO | scripts.import_formations_enriched |   - Ajout du flux mensuel : (2025, 9)
2026-06-06 07:14:58,240 | INFO | scripts.import_formations_enriched |   - Ajout du code ROME : H1206
2026-06-06 07:14:58,245 | INFO | scripts.import_formations_enriched |   - Ajout du code ROME : K2402
2026-06-06 07:14:58,249 | INFO | scripts.import_formations_enriched |   - Ajout du code ROME : M1801
2026-06-06 07:14:58,253 | INFO | scripts.import_formations_enriched |   - Ajout du code ROME : M1802
2026-06-06 07:14:58,257 | INFO | scripts.import_formations_enriched |   - Ajout du code ROME : M1805
2026-06-06 07:14:58,277 | INFO | scripts.import_formations_enriched | Import de la formation : Administrateur systèmes et réseaux (SIRET: 34270750200494)
2026-06-06 07:14:58,279 | INFO | scripts.import_formations_enriched |   - Ajout du flux mensuel : (2023, 5)
2026-06-06 07:14:58,283 | INFO | scripts.import_formations_enriched |   - Ajout du code ROME : M1801
2026-06-06 07:14:58,287 | INFO | scripts.import_formations_enriched |   - Ajout du code ROME : M1802
2026-06-06 07:14:58,291 | INFO | scripts.import_formations_enriched |   - Ajout du code ROME : M1805
2026-06-06 07:14:58,296 | INFO | scripts.import_formations_enriched |   - Ajout du code ROME : M1806
2026-06-06 07:14:58,301 | INFO | scripts.import_formations_enriched |   - Ajout du code ROME : M1810
2026-06-06 07:14:58,302 | INFO | scripts.import_formations_enriched |   - Ajout du flux mensuel : (2022, 10)
2026-06-06 07:14:58,303 | INFO | scripts.import_formations_enriched |   - Ajout du flux mensuel : (2023, 4)
2026-06-06 07:14:58,325 | INFO | scripts.import_formations_enriched | Import de la formation : TP Concepteur développeur d'applications (SIRET: 82951312600047)
2026-06-06 07:14:58,326 | INFO | scripts.import_formations_enriched |   - Ajout du flux mensuel : (2024, 8)
2026-06-06 07:14:58,331 | INFO | scripts.import_formations_enriched |   - Ajout du code ROME : M1805
2026-06-06 07:14:58,347 | INFO | scripts.import_formations_enriched | Import de la formation : Assistant web et marketing (SIRET: 48874104200052)
2026-06-06 07:14:58,349 | INFO | scripts.import_formations_enriched |   - Ajout du flux mensuel : (2025, 9)
2026-06-06 07:14:58,354 | INFO | scripts.import_formations_enriched |   - Ajout du code ROME : E1101
2026-06-06 07:14:58,359 | INFO | scripts.import_formations_enriched |   - Ajout du code ROME : E1205
2026-06-06 07:14:58,364 | INFO | scripts.import_formations_enriched |   - Ajout du code ROME : M1705
2026-06-06 07:14:58,365 | INFO | scripts.import_formations_enriched |   - Ajout du flux mensuel : (2025, 11)
2026-06-06 07:14:58,367 | INFO | scripts.import_formations_enriched |   - Ajout du flux mensuel : (2026, 2)
2026-06-06 07:14:58,368 | INFO | scripts.import_formations_enriched |   - Ajout du flux mensuel : (2025, 1)
2026-06-06 07:14:58,369 | INFO | scripts.import_formations_enriched |   - Ajout du flux mensuel : (2025, 3)
2026-06-06 07:14:58,370 | INFO | scripts.import_formations_enriched |   - Ajout du flux mensuel : (2026, 3)
2026-06-06 07:14:58,372 | INFO | scripts.import_formations_enriched |   - Ajout du flux mensuel : (2026, 4)
2026-06-06 07:14:58,373 | INFO | scripts.import_formations_enriched |   - Ajout du flux mensuel : (2025, 8)
2026-06-06 07:14:58,374 | INFO | scripts.import_formations_enriched |   - Ajout du flux mensuel : (2025, 2)
2026-06-06 07:14:58,376 | INFO | scripts.import_formations_enriched |   - Ajout du flux mensuel : (2024, 11)
2026-06-06 07:14:58,377 | INFO | scripts.import_formations_enriched |   - Ajout du flux mensuel : (2025, 4)
2026-06-06 07:14:58,405 | INFO | scripts.import_formations_enriched | Import de la formation : Concepteur développeur en intelligence artificielle et analyse big data (SIRET: 82815245400041)
2026-06-06 07:14:58,407 | INFO | scripts.import_formations_enriched |   - Ajout du flux mensuel : (2026, 5)
2026-06-06 07:14:58,412 | INFO | scripts.import_formations_enriched |   - Ajout du code ROME : M1403
2026-06-06 07:14:58,417 | INFO | scripts.import_formations_enriched |   - Ajout du code ROME : M1805
2026-06-06 07:14:58,418 | INFO | scripts.import_formations_enriched |   - Ajout du flux mensuel : (2025, 10)
2026-06-06 07:14:58,420 | INFO | scripts.import_formations_enriched |   - Ajout du flux mensuel : (2026, 4)
2026-06-06 07:14:58,421 | INFO | scripts.import_formations_enriched |   - Ajout du flux mensuel : (2025, 9)
2026-06-06 07:14:58,422 | INFO | scripts.import_formations_enriched |   - Ajout du flux mensuel : (2024, 10)
2026-06-06 07:14:58,423 | INFO | scripts.import_formations_enriched |   - Ajout du flux mensuel : (2025, 5)
2026-06-06 07:14:58,424 | INFO | scripts.import_formations_enriched |   - Ajout du flux mensuel : (2026, 2)
2026-06-06 07:14:58,425 | INFO | scripts.import_formations_enriched |   - Ajout du flux mensuel : (2025, 2)
2026-06-06 07:14:58,427 | INFO | scripts.import_formations_enriched |   - Ajout du flux mensuel : (2025, 4)
2026-06-06 07:14:58,429 | INFO | scripts.import_formations_enriched |   - Ajout du flux mensuel : (2026, 1)
2026-06-06 07:14:58,430 | INFO | scripts.import_formations_enriched |   - Ajout du flux mensuel : (2025, 12)
2026-06-06 07:14:58,431 | INFO | scripts.import_formations_enriched |   - Ajout du flux mensuel : (2025, 1)
2026-06-06 07:14:58,459 | INFO | scripts.import_formations_enriched | Import de la formation : Expert en contrôle de gestion, audit et gestion de système d'information (MS) (SIRET: 78370584100022)
2026-06-06 07:14:58,461 | INFO | scripts.import_formations_enriched |   - Ajout du flux mensuel : (2023, 2)
2026-06-06 07:14:58,466 | INFO | scripts.import_formations_enriched |   - Ajout du code ROME : M1202
2026-06-06 07:14:58,471 | INFO | scripts.import_formations_enriched |   - Ajout du code ROME : M1204
2026-06-06 07:14:58,476 | INFO | scripts.import_formations_enriched |   - Ajout du code ROME : M1205
2026-06-06 07:14:58,480 | INFO | scripts.import_formations_enriched |   - Ajout du code ROME : M1206
2026-06-06 07:14:58,481 | INFO | scripts.import_formations_enriched |   - Ajout du flux mensuel : (2023, 10)
2026-06-06 07:14:58,508 | INFO | scripts.import_formations_enriched | Import de la formation : Chef d'entreprise - développeur de PME (SIRET: 13002293200011)
2026-06-06 07:14:58,509 | INFO | scripts.import_formations_enriched |   - Ajout du flux mensuel : (2023, 10)
2026-06-06 07:14:58,514 | INFO | scripts.import_formations_enriched |   - Ajout du code ROME : M1302
2026-06-06 07:14:58,516 | INFO | scripts.import_formations_enriched |   - Ajout du flux mensuel : (2023, 12)
2026-06-06 07:14:58,517 | INFO | scripts.import_formations_enriched |   - Ajout du flux mensuel : (2023, 11)
2026-06-06 07:14:58,518 | INFO | scripts.import_formations_enriched |   - Ajout du flux mensuel : (2024, 10)
2026-06-06 07:14:58,542 | INFO | scripts.import_formations_enriched | Import de la formation : TP Concepteur développeur d'applications (SIRET: 44344472400027)
2026-06-06 07:14:58,544 | INFO | scripts.import_formations_enriched |   - Ajout du flux mensuel : (2025, 10)
2026-06-06 07:14:58,548 | INFO | scripts.import_formations_enriched |   - Ajout du code ROME : M1805
2026-06-06 07:14:58,550 | INFO | scripts.import_formations_enriched |   - Ajout du flux mensuel : (2024, 9)
2026-06-06 07:14:58,551 | INFO | scripts.import_formations_enriched |   - Ajout du flux mensuel : (2024, 10)
2026-06-06 07:14:58,552 | INFO | scripts.import_formations_enriched |   - Ajout du flux mensuel : (2024, 11)
2026-06-06 07:14:58,572 | INFO | scripts.import_formations_enriched | Import de la formation : Concepteur développeur d'applications web (SIRET: 79494991700106)
2026-06-06 07:14:58,574 | INFO | scripts.import_formations_enriched |   - Ajout du flux mensuel : (2024, 10)
2026-06-06 07:14:58,579 | INFO | scripts.import_formations_enriched |   - Ajout du code ROME : E1205
2026-06-06 07:14:58,584 | INFO | scripts.import_formations_enriched |   - Ajout du code ROME : M1803
2026-06-06 07:14:58,589 | INFO | scripts.import_formations_enriched |   - Ajout du code ROME : M1805
2026-06-06 07:14:58,590 | INFO | scripts.import_formations_enriched |   - Ajout du flux mensuel : (2025, 10)
2026-06-06 07:14:58,592 | INFO | scripts.import_formations_enriched |   - Ajout du flux mensuel : (2025, 7)
2026-06-06 07:14:58,593 | INFO | scripts.import_formations_enriched |   - Ajout du flux mensuel : (2026, 1)
2026-06-06 07:14:58,594 | INFO | scripts.import_formations_enriched |   - Ajout du flux mensuel : (2025, 1)
2026-06-06 07:14:58,596 | INFO | scripts.import_formations_enriched |   - Ajout du flux mensuel : (2025, 4)
2026-06-06 07:14:58,597 | INFO | scripts.import_formations_enriched |   - Ajout du flux mensuel : (2026, 4)
2026-06-06 07:14:58,623 | INFO | scripts.import_formations_enriched | Import de la formation : TP Développeur web et web mobile (SIRET: 43508628500077)
2026-06-06 07:14:58,625 | INFO | scripts.import_formations_enriched |   - Ajout du flux mensuel : (2025, 8)
2026-06-06 07:14:58,630 | INFO | scripts.import_formations_enriched |   - Ajout du code ROME : M1805
2026-06-06 07:14:58,631 | INFO | scripts.import_formations_enriched |   - Ajout du flux mensuel : (2025, 10)
2026-06-06 07:14:58,633 | INFO | scripts.import_formations_enriched |   - Ajout du flux mensuel : (2025, 7)
2026-06-06 07:14:58,634 | INFO | scripts.import_formations_enriched |   - Ajout du flux mensuel : (2025, 9)
2026-06-06 07:14:58,636 | INFO | scripts.import_formations_enriched |   - Ajout du flux mensuel : (2024, 3)
2026-06-06 07:14:58,637 | INFO | scripts.import_formations_enriched |   - Ajout du flux mensuel : (2023, 12)
2026-06-06 07:14:58,638 | INFO | scripts.import_formations_enriched |   - Ajout du flux mensuel : (2025, 5)
2026-06-06 07:14:58,639 | INFO | scripts.import_formations_enriched |   - Ajout du flux mensuel : (2025, 11)
2026-06-06 07:14:58,641 | INFO | scripts.import_formations_enriched |   - Ajout du flux mensuel : (2025, 12)
2026-06-06 07:14:58,642 | INFO | scripts.import_formations_enriched |   - Ajout du flux mensuel : (2024, 9)
2026-06-06 07:14:58,643 | INFO | scripts.import_formations_enriched |   - Ajout du flux mensuel : (2026, 4)
2026-06-06 07:14:58,644 | INFO | scripts.import_formations_enriched |   - Ajout du flux mensuel : (2024, 11)
2026-06-06 07:14:58,646 | INFO | scripts.import_formations_enriched |   - Ajout du flux mensuel : (2026, 3)
2026-06-06 07:14:58,647 | INFO | scripts.import_formations_enriched |   - Ajout du flux mensuel : (2023, 9)
2026-06-06 07:14:58,649 | INFO | scripts.import_formations_enriched |   - Ajout du flux mensuel : (2024, 1)
2026-06-06 07:14:58,650 | INFO | scripts.import_formations_enriched |   - Ajout du flux mensuel : (2025, 6)
2026-06-06 07:14:58,651 | INFO | scripts.import_formations_enriched |   - Ajout du flux mensuel : (2023, 11)
2026-06-06 07:14:58,653 | INFO | scripts.import_formations_enriched |   - Ajout du flux mensuel : (2024, 10)
2026-06-06 07:14:58,654 | INFO | scripts.import_formations_enriched |   - Ajout du flux mensuel : (2024, 5)
2026-06-06 07:14:58,656 | INFO | scripts.import_formations_enriched |   - Ajout du flux mensuel : (2024, 2)
2026-06-06 07:14:58,657 | INFO | scripts.import_formations_enriched |   - Ajout du flux mensuel : (2024, 8)
2026-06-06 07:14:58,658 | INFO | scripts.import_formations_enriched |   - Ajout du flux mensuel : (2024, 7)
2026-06-06 07:14:58,660 | INFO | scripts.import_formations_enriched |   - Ajout du flux mensuel : (2026, 1)
2026-06-06 07:14:58,661 | INFO | scripts.import_formations_enriched |   - Ajout du flux mensuel : (2023, 10)
2026-06-06 07:14:58,662 | INFO | scripts.import_formations_enriched |   - Ajout du flux mensuel : (2025, 1)
2026-06-06 07:14:58,664 | INFO | scripts.import_formations_enriched |   - Ajout du flux mensuel : (2025, 4)
2026-06-06 07:14:58,665 | INFO | scripts.import_formations_enriched |   - Ajout du flux mensuel : (2025, 2)
2026-06-06 07:14:58,667 | INFO | scripts.import_formations_enriched |   - Ajout du flux mensuel : (2026, 2)
2026-06-06 07:14:58,668 | INFO | scripts.import_formations_enriched |   - Ajout du flux mensuel : (2024, 12)
2026-06-06 07:14:58,670 | INFO | scripts.import_formations_enriched |   - Ajout du flux mensuel : (2025, 3)
2026-06-06 07:14:58,671 | INFO | scripts.import_formations_enriched |   - Ajout du flux mensuel : (2024, 4)
2026-06-06 07:14:58,672 | INFO | scripts.import_formations_enriched |   - Ajout du flux mensuel : (2026, 5)
2026-06-06 07:14:58,674 | INFO | scripts.import_formations_enriched |   - Ajout du flux mensuel : (2024, 6)
2026-06-06 07:14:58,710 | INFO | scripts.import_formations_enriched | Import de la formation : LICENCE Informatique (fiche nationale) (SIRET: 82456546900015)
2026-06-06 07:14:58,712 | INFO | scripts.import_formations_enriched |   - Ajout du flux mensuel : (2025, 10)
2026-06-06 07:14:58,716 | INFO | scripts.import_formations_enriched |   - Ajout du code ROME : I1401
2026-06-06 07:14:58,721 | INFO | scripts.import_formations_enriched |   - Ajout du code ROME : M1801
2026-06-06 07:14:58,726 | INFO | scripts.import_formations_enriched |   - Ajout du code ROME : M1802
2026-06-06 07:14:58,732 | INFO | scripts.import_formations_enriched |   - Ajout du code ROME : M1805
2026-06-06 07:14:58,737 | INFO | scripts.import_formations_enriched |   - Ajout du code ROME : M1810
2026-06-06 07:14:58,760 | INFO | scripts.import_formations_enriched | Import de la formation : TP Technicien supérieur systèmes et réseaux (SIRET: 48909912700024)
2026-06-06 07:14:58,762 | INFO | scripts.import_formations_enriched |   - Ajout du flux mensuel : (2025, 12)
2026-06-06 07:14:58,767 | INFO | scripts.import_formations_enriched |   - Ajout du code ROME : I1401
2026-06-06 07:14:58,773 | INFO | scripts.import_formations_enriched |   - Ajout du code ROME : M1810
2026-06-06 07:14:58,774 | INFO | scripts.import_formations_enriched |   - Ajout du flux mensuel : (2026, 1)
2026-06-06 07:14:58,776 | INFO | scripts.import_formations_enriched |   - Ajout du flux mensuel : (2026, 4)
2026-06-06 07:14:58,777 | INFO | scripts.import_formations_enriched |   - Ajout du flux mensuel : (2025, 10)
2026-06-06 07:14:58,779 | INFO | scripts.import_formations_enriched |   - Ajout du flux mensuel : (2024, 8)
2026-06-06 07:14:58,780 | INFO | scripts.import_formations_enriched |   - Ajout du flux mensuel : (2024, 9)
2026-06-06 07:14:58,782 | INFO | scripts.import_formations_enriched |   - Ajout du flux mensuel : (2024, 11)
2026-06-06 07:14:58,783 | INFO | scripts.import_formations_enriched |   - Ajout du flux mensuel : (2025, 5)
2026-06-06 07:14:58,785 | INFO | scripts.import_formations_enriched |   - Ajout du flux mensuel : (2023, 10)
2026-06-06 07:14:58,786 | INFO | scripts.import_formations_enriched |   - Ajout du flux mensuel : (2025, 7)
2026-06-06 07:14:58,787 | INFO | scripts.import_formations_enriched |   - Ajout du flux mensuel : (2024, 5)
2026-06-06 07:14:58,814 | INFO | scripts.import_formations_enriched | Import de la formation : Développeur Intégrateur Web (SIRET: 44321186700025)
2026-06-06 07:14:58,815 | INFO | scripts.import_formations_enriched |   - Ajout du flux mensuel : (2025, 3)
2026-06-06 07:14:58,820 | INFO | scripts.import_formations_enriched |   - Ajout du code ROME : M1805
2026-06-06 07:14:58,822 | INFO | scripts.import_formations_enriched |   - Ajout du flux mensuel : (2025, 1)
2026-06-06 07:14:58,823 | INFO | scripts.import_formations_enriched |   - Ajout du flux mensuel : (2025, 2)
2026-06-06 07:14:58,846 | INFO | scripts.import_formations_enriched | Import de la formation : Gestionnaire de la sécurité des données, des réseaux et des systèmes (SIRET: 83145006900024)
2026-06-06 07:14:58,849 | INFO | scripts.import_formations_enriched |   - Ajout du flux mensuel : (2025, 3)
2026-06-06 07:14:58,856 | INFO | scripts.import_formations_enriched |   - Ajout du code ROME : M1802
2026-06-06 07:14:58,863 | INFO | scripts.import_formations_enriched |   - Ajout du code ROME : M1810
2026-06-06 07:14:58,865 | INFO | scripts.import_formations_enriched |   - Ajout du flux mensuel : (2024, 9)
2026-06-06 07:14:58,867 | INFO | scripts.import_formations_enriched |   - Ajout du flux mensuel : (2026, 4)
2026-06-06 07:14:58,869 | INFO | scripts.import_formations_enriched |   - Ajout du flux mensuel : (2025, 11)
2026-06-06 07:14:58,870 | INFO | scripts.import_formations_enriched |   - Ajout du flux mensuel : (2024, 6)
2026-06-06 07:14:58,872 | INFO | scripts.import_formations_enriched |   - Ajout du flux mensuel : (2024, 12)
2026-06-06 07:14:58,875 | INFO | scripts.import_formations_enriched |   - Ajout du flux mensuel : (2026, 3)
2026-06-06 07:14:58,876 | INFO | scripts.import_formations_enriched |   - Ajout du flux mensuel : (2025, 1)
2026-06-06 07:14:58,878 | INFO | scripts.import_formations_enriched |   - Ajout du flux mensuel : (2025, 9)
2026-06-06 07:14:58,879 | INFO | scripts.import_formations_enriched |   - Ajout du flux mensuel : (2024, 11)
2026-06-06 07:14:58,881 | INFO | scripts.import_formations_enriched |   - Ajout du flux mensuel : (2026, 1)
2026-06-06 07:14:58,883 | INFO | scripts.import_formations_enriched |   - Ajout du flux mensuel : (2024, 3)
2026-06-06 07:14:58,884 | INFO | scripts.import_formations_enriched |   - Ajout du flux mensuel : (2025, 4)
2026-06-06 07:14:58,922 | INFO | scripts.import_formations_enriched | Import de la formation : Expert en gouvernance de la sécurité des réseaux et des systèmes (MS) (SIRET: 18009202500055)
2026-06-06 07:14:58,925 | INFO | scripts.import_formations_enriched |   - Ajout du flux mensuel : (2025, 12)
2026-06-06 07:14:58,930 | INFO | scripts.import_formations_enriched |   - Ajout du code ROME : M1802
2026-06-06 07:14:58,936 | INFO | scripts.import_formations_enriched |   - Ajout du code ROME : M1805
2026-06-06 07:14:58,939 | INFO | scripts.import_formations_enriched |   - Ajout du flux mensuel : (2025, 9)
2026-06-06 07:14:58,941 | INFO | scripts.import_formations_enriched |   - Ajout du flux mensuel : (2023, 9)
2026-06-06 07:14:58,943 | INFO | scripts.import_formations_enriched |   - Ajout du flux mensuel : (2024, 9)
2026-06-06 07:14:58,965 | INFO | scripts.import_formations_enriched | Import de la formation : TP Développeur web et web mobile (SIRET: 79841311800018)
2026-06-06 07:14:58,966 | INFO | scripts.import_formations_enriched |   - Ajout du flux mensuel : (2024, 5)
2026-06-06 07:14:58,971 | INFO | scripts.import_formations_enriched |   - Ajout du code ROME : M1805
2026-06-06 07:14:58,973 | INFO | scripts.import_formations_enriched |   - Ajout du flux mensuel : (2024, 4)
2026-06-06 07:14:58,976 | INFO | scripts.import_formations_enriched |   - Ajout du flux mensuel : (2023, 10)
2026-06-06 07:14:58,977 | INFO | scripts.import_formations_enriched |   - Ajout du flux mensuel : (2025, 1)
2026-06-06 07:14:58,979 | INFO | scripts.import_formations_enriched |   - Ajout du flux mensuel : (2023, 11)
2026-06-06 07:14:58,980 | INFO | scripts.import_formations_enriched |   - Ajout du flux mensuel : (2024, 2)
2026-06-06 07:14:58,981 | INFO | scripts.import_formations_enriched |   - Ajout du flux mensuel : (2024, 10)
2026-06-06 07:14:58,982 | INFO | scripts.import_formations_enriched |   - Ajout du flux mensuel : (2024, 1)
2026-06-06 07:14:58,984 | INFO | scripts.import_formations_enriched |   - Ajout du flux mensuel : (2024, 3)
2026-06-06 07:14:58,985 | INFO | scripts.import_formations_enriched |   - Ajout du flux mensuel : (2024, 12)
2026-06-06 07:14:58,986 | INFO | scripts.import_formations_enriched |   - Ajout du flux mensuel : (2023, 12)
2026-06-06 07:14:59,013 | INFO | scripts.import_formations_enriched | Import de la formation : TP Concepteur développeur d'applications (SIRET: 90765644100017)
2026-06-06 07:14:59,015 | INFO | scripts.import_formations_enriched |   - Ajout du flux mensuel : (2024, 1)
2026-06-06 07:14:59,020 | INFO | scripts.import_formations_enriched |   - Ajout du code ROME : M1805
2026-06-06 07:14:59,025 | INFO | scripts.import_formations_enriched |   - Ajout du flux mensuel : (2024, 2)
2026-06-06 07:14:59,051 | INFO | scripts.import_formations_enriched | Import de la formation : TP Technicien supérieur systèmes et réseaux (SIRET: 42998754800162)
2026-06-06 07:14:59,053 | INFO | scripts.import_formations_enriched |   - Ajout du flux mensuel : (2026, 1)
2026-06-06 07:14:59,061 | INFO | scripts.import_formations_enriched |   - Ajout du code ROME : I1401
2026-06-06 07:14:59,067 | INFO | scripts.import_formations_enriched |   - Ajout du code ROME : M1810
2026-06-06 07:14:59,068 | INFO | scripts.import_formations_enriched |   - Ajout du flux mensuel : (2026, 4)
2026-06-06 07:14:59,070 | INFO | scripts.import_formations_enriched |   - Ajout du flux mensuel : (2025, 5)
2026-06-06 07:14:59,072 | INFO | scripts.import_formations_enriched |   - Ajout du flux mensuel : (2025, 4)
2026-06-06 07:14:59,074 | INFO | scripts.import_formations_enriched |   - Ajout du flux mensuel : (2025, 7)
2026-06-06 07:14:59,075 | INFO | scripts.import_formations_enriched |   - Ajout du flux mensuel : (2025, 10)
2026-06-06 07:14:59,076 | INFO | scripts.import_formations_enriched |   - Ajout du flux mensuel : (2024, 10)
2026-06-06 07:14:59,113 | INFO | scripts.import_formations_enriched | Import de la formation : Administrateur systèmes et réseaux (SIRET: 34270750200502)
2026-06-06 07:14:59,115 | INFO | scripts.import_formations_enriched |   - Ajout du flux mensuel : (2024, 1)
2026-06-06 07:14:59,124 | INFO | scripts.import_formations_enriched |   - Ajout du code ROME : M1801
2026-06-06 07:14:59,133 | INFO | scripts.import_formations_enriched |   - Ajout du code ROME : M1802
2026-06-06 07:14:59,140 | INFO | scripts.import_formations_enriched |   - Ajout du code ROME : M1805
2026-06-06 07:14:59,164 | INFO | scripts.import_formations_enriched |   - Ajout du code ROME : M1806
2026-06-06 07:14:59,183 | INFO | scripts.import_formations_enriched |   - Ajout du code ROME : M1810
2026-06-06 07:14:59,227 | INFO | scripts.import_formations_enriched | Import de la formation : TP Technicien supérieur systèmes et réseaux (SIRET: 82409268800244)
2026-06-06 07:14:59,233 | INFO | scripts.import_formations_enriched |   - Ajout du flux mensuel : (2025, 9)
2026-06-06 07:14:59,247 | INFO | scripts.import_formations_enriched |   - Ajout du code ROME : I1401
2026-06-06 07:14:59,265 | INFO | scripts.import_formations_enriched |   - Ajout du code ROME : M1810
2026-06-06 07:14:59,268 | INFO | scripts.import_formations_enriched |   - Ajout du flux mensuel : (2025, 3)
2026-06-06 07:14:59,277 | INFO | scripts.import_formations_enriched |   - Ajout du flux mensuel : (2025, 11)
2026-06-06 07:14:59,280 | INFO | scripts.import_formations_enriched |   - Ajout du flux mensuel : (2025, 4)
2026-06-06 07:14:59,284 | INFO | scripts.import_formations_enriched |   - Ajout du flux mensuel : (2026, 3)
2026-06-06 07:14:59,322 | INFO | scripts.import_formations_enriched | Import de la formation : TP Développeur web et web mobile (SIRET: 90493432000014)
2026-06-06 07:14:59,326 | INFO | scripts.import_formations_enriched |   - Ajout du flux mensuel : (2024, 1)
2026-06-06 07:14:59,332 | INFO | scripts.import_formations_enriched |   - Ajout du code ROME : M1805
2026-06-06 07:14:59,333 | INFO | scripts.import_formations_enriched |   - Ajout du flux mensuel : (2024, 5)
2026-06-06 07:14:59,335 | INFO | scripts.import_formations_enriched |   - Ajout du flux mensuel : (2024, 7)
2026-06-06 07:14:59,338 | INFO | scripts.import_formations_enriched |   - Ajout du flux mensuel : (2024, 4)
2026-06-06 07:14:59,339 | INFO | scripts.import_formations_enriched |   - Ajout du flux mensuel : (2024, 2)
2026-06-06 07:14:59,344 | INFO | scripts.import_formations_enriched |   - Ajout du flux mensuel : (2024, 6)
2026-06-06 07:14:59,346 | INFO | scripts.import_formations_enriched |   - Ajout du flux mensuel : (2023, 12)
2026-06-06 07:14:59,350 | INFO | scripts.import_formations_enriched |   - Ajout du flux mensuel : (2024, 3)
2026-06-06 07:14:59,379 | INFO | scripts.import_formations_enriched | Import de la formation : TP Concepteur développeur d'applications (SIRET: 90819720500010)
2026-06-06 07:14:59,382 | INFO | scripts.import_formations_enriched |   - Ajout du flux mensuel : (2023, 10)
2026-06-06 07:14:59,388 | INFO | scripts.import_formations_enriched |   - Ajout du code ROME : M1805
2026-06-06 07:14:59,412 | INFO | scripts.import_formations_enriched | Import de la formation : Chef d'entreprise - développeur de PME (SIRET: 13002271800014)
2026-06-06 07:14:59,418 | INFO | scripts.import_formations_enriched |   - Ajout du flux mensuel : (2024, 11)
2026-06-06 07:14:59,428 | INFO | scripts.import_formations_enriched |   - Ajout du code ROME : M1302
2026-06-06 07:14:59,432 | INFO | scripts.import_formations_enriched |   - Ajout du flux mensuel : (2024, 1)
2026-06-06 07:14:59,448 | INFO | scripts.import_formations_enriched |   - Ajout du flux mensuel : (2025, 9)
2026-06-06 07:14:59,476 | INFO | scripts.import_formations_enriched | Import de la formation : TP Technicien supérieur en automatique et informatique industrielle (SIRET: 82409268800095)
2026-06-06 07:14:59,478 | INFO | scripts.import_formations_enriched |   - Ajout du flux mensuel : (2025, 1)
2026-06-06 07:14:59,483 | INFO | scripts.import_formations_enriched |   - Ajout du code ROME : H1208
2026-06-06 07:14:59,484 | INFO | scripts.import_formations_enriched |   - Ajout du flux mensuel : (2025, 2)
2026-06-06 07:14:59,510 | INFO | scripts.import_formations_enriched | Import de la formation : BUT Informatique : Réalisation d'applications : conception, développement, validation (SIRET: 19730858800015)
2026-06-06 07:14:59,514 | INFO | scripts.import_formations_enriched |   - Ajout du flux mensuel : (2024, 11)
2026-06-06 07:14:59,519 | INFO | scripts.import_formations_enriched |   - Ajout du code ROME : M1802
2026-06-06 07:14:59,528 | INFO | scripts.import_formations_enriched |   - Ajout du code ROME : M1805
2026-06-06 07:14:59,551 | INFO | scripts.import_formations_enriched | Import de la formation : TP Développeur web et web mobile (SIRET: 84835981600024)
2026-06-06 07:14:59,566 | INFO | scripts.import_formations_enriched |   - Ajout du flux mensuel : (2023, 10)
2026-06-06 07:14:59,590 | INFO | scripts.import_formations_enriched |   - Ajout du code ROME : M1805
2026-06-06 07:14:59,593 | INFO | scripts.import_formations_enriched |   - Ajout du flux mensuel : (2024, 1)
2026-06-06 07:14:59,625 | INFO | scripts.import_formations_enriched | Import de la formation : TP Technicien supérieur systèmes et réseaux (SIRET: 51176260100017)
2026-06-06 07:14:59,629 | INFO | scripts.import_formations_enriched |   - Ajout du flux mensuel : (2025, 4)
2026-06-06 07:14:59,634 | INFO | scripts.import_formations_enriched |   - Ajout du code ROME : I1401
2026-06-06 07:14:59,644 | INFO | scripts.import_formations_enriched |   - Ajout du code ROME : M1810
2026-06-06 07:14:59,652 | INFO | scripts.import_formations_enriched |   - Ajout du flux mensuel : (2025, 3)
2026-06-06 07:14:59,655 | INFO | scripts.import_formations_enriched |   - Ajout du flux mensuel : (2026, 3)
2026-06-06 07:14:59,680 | INFO | scripts.import_formations_enriched | Import de la formation : Concepteur développeur en intelligence artificielle et analyse big data (SIRET: 79494991700023)
2026-06-06 07:14:59,682 | INFO | scripts.import_formations_enriched |   - Ajout du flux mensuel : (2024, 5)
2026-06-06 07:14:59,688 | INFO | scripts.import_formations_enriched |   - Ajout du code ROME : M1403
2026-06-06 07:14:59,693 | INFO | scripts.import_formations_enriched |   - Ajout du code ROME : M1805
2026-06-06 07:14:59,706 | INFO | scripts.import_formations_enriched |   - Ajout du flux mensuel : (2026, 2)
2026-06-06 07:14:59,714 | INFO | scripts.import_formations_enriched |   - Ajout du flux mensuel : (2025, 6)
2026-06-06 07:14:59,716 | INFO | scripts.import_formations_enriched |   - Ajout du flux mensuel : (2026, 4)
2026-06-06 07:14:59,718 | INFO | scripts.import_formations_enriched |   - Ajout du flux mensuel : (2026, 5)
2026-06-06 07:14:59,722 | INFO | scripts.import_formations_enriched |   - Ajout du flux mensuel : (2025, 10)
2026-06-06 07:14:59,730 | INFO | scripts.import_formations_enriched |   - Ajout du flux mensuel : (2024, 10)
2026-06-06 07:14:59,732 | INFO | scripts.import_formations_enriched |   - Ajout du flux mensuel : (2025, 11)
2026-06-06 07:14:59,734 | INFO | scripts.import_formations_enriched |   - Ajout du flux mensuel : (2025, 7)
2026-06-06 07:14:59,736 | INFO | scripts.import_formations_enriched |   - Ajout du flux mensuel : (2024, 11)
2026-06-06 07:14:59,742 | INFO | scripts.import_formations_enriched |   - Ajout du flux mensuel : (2025, 1)
2026-06-06 07:14:59,744 | INFO | scripts.import_formations_enriched |   - Ajout du flux mensuel : (2024, 9)
2026-06-06 07:14:59,746 | INFO | scripts.import_formations_enriched |   - Ajout du flux mensuel : (2025, 8)
2026-06-06 07:14:59,747 | INFO | scripts.import_formations_enriched |   - Ajout du flux mensuel : (2024, 7)
2026-06-06 07:14:59,749 | INFO | scripts.import_formations_enriched |   - Ajout du flux mensuel : (2025, 5)
2026-06-06 07:14:59,750 | INFO | scripts.import_formations_enriched |   - Ajout du flux mensuel : (2025, 9)
2026-06-06 07:14:59,752 | INFO | scripts.import_formations_enriched |   - Ajout du flux mensuel : (2024, 3)
2026-06-06 07:14:59,755 | INFO | scripts.import_formations_enriched |   - Ajout du flux mensuel : (2024, 6)
2026-06-06 07:14:59,759 | INFO | scripts.import_formations_enriched |   - Ajout du flux mensuel : (2024, 4)
2026-06-06 07:14:59,760 | INFO | scripts.import_formations_enriched |   - Ajout du flux mensuel : (2026, 3)
2026-06-06 07:14:59,762 | INFO | scripts.import_formations_enriched |   - Ajout du flux mensuel : (2026, 1)
2026-06-06 07:14:59,764 | INFO | scripts.import_formations_enriched |   - Ajout du flux mensuel : (2025, 2)
2026-06-06 07:14:59,766 | INFO | scripts.import_formations_enriched |   - Ajout du flux mensuel : (2025, 4)
2026-06-06 07:14:59,802 | INFO | scripts.import_formations_enriched | Import de la formation : TP Technicien supérieur systèmes et réseaux (SIRET: 83052386600010)
2026-06-06 07:14:59,804 | INFO | scripts.import_formations_enriched |   - Ajout du flux mensuel : (2025, 9)
2026-06-06 07:14:59,809 | INFO | scripts.import_formations_enriched |   - Ajout du code ROME : I1401
2026-06-06 07:14:59,813 | INFO | scripts.import_formations_enriched |   - Ajout du code ROME : M1810
2026-06-06 07:14:59,815 | INFO | scripts.import_formations_enriched |   - Ajout du flux mensuel : (2024, 10)
2026-06-06 07:14:59,816 | INFO | scripts.import_formations_enriched |   - Ajout du flux mensuel : (2024, 9)
2026-06-06 07:14:59,817 | INFO | scripts.import_formations_enriched |   - Ajout du flux mensuel : (2024, 4)
2026-06-06 07:14:59,818 | INFO | scripts.import_formations_enriched |   - Ajout du flux mensuel : (2024, 1)
2026-06-06 07:14:59,835 | INFO | scripts.import_formations_enriched | Import de la formation : Technicien systèmes et réseaux (SIRET: 34270750200718)
2026-06-06 07:14:59,836 | INFO | scripts.import_formations_enriched |   - Ajout du flux mensuel : (2024, 2)
2026-06-06 07:14:59,838 | INFO | scripts.import_formations_enriched |   - Ajout du code ROME : I1307
2026-06-06 07:14:59,840 | INFO | scripts.import_formations_enriched |   - Ajout du code ROME : I1401
2026-06-06 07:14:59,843 | INFO | scripts.import_formations_enriched |   - Ajout du code ROME : M1801
2026-06-06 07:14:59,847 | INFO | scripts.import_formations_enriched |   - Ajout du code ROME : M1810
2026-06-06 07:14:59,862 | INFO | scripts.import_formations_enriched | Import de la formation : Responsable de projet webmarketing et communication digitale (SIRET: 44321186700116)
2026-06-06 07:14:59,863 | INFO | scripts.import_formations_enriched |   - Ajout du flux mensuel : (2026, 2)
2026-06-06 07:14:59,866 | INFO | scripts.import_formations_enriched |   - Ajout du code ROME : E1103
2026-06-06 07:14:59,868 | INFO | scripts.import_formations_enriched |   - Ajout du code ROME : E1402
2026-06-06 07:14:59,872 | INFO | scripts.import_formations_enriched |   - Ajout du code ROME : M1705
2026-06-06 07:14:59,873 | INFO | scripts.import_formations_enriched |   - Ajout du flux mensuel : (2025, 12)
2026-06-06 07:14:59,874 | INFO | scripts.import_formations_enriched |   - Ajout du flux mensuel : (2025, 11)
2026-06-06 07:14:59,875 | INFO | scripts.import_formations_enriched |   - Ajout du flux mensuel : (2026, 3)
2026-06-06 07:14:59,876 | INFO | scripts.import_formations_enriched |   - Ajout du flux mensuel : (2025, 9)
2026-06-06 07:14:59,877 | INFO | scripts.import_formations_enriched |   - Ajout du flux mensuel : (2026, 4)
2026-06-06 07:14:59,878 | INFO | scripts.import_formations_enriched |   - Ajout du flux mensuel : (2025, 10)
2026-06-06 07:14:59,879 | INFO | scripts.import_formations_enriched |   - Ajout du flux mensuel : (2026, 1)
2026-06-06 07:14:59,894 | INFO | scripts.import_formations_enriched | Import de la formation : MASTER Informatique (fiche nationale) (SIRET: 19754692200018)
2026-06-06 07:14:59,896 | INFO | scripts.import_formations_enriched |   - Ajout du flux mensuel : (2025, 10)
2026-06-06 07:14:59,899 | INFO | scripts.import_formations_enriched |   - Ajout du code ROME : M1801
2026-06-06 07:14:59,901 | INFO | scripts.import_formations_enriched |   - Ajout du code ROME : M1802
2026-06-06 07:14:59,904 | INFO | scripts.import_formations_enriched |   - Ajout du code ROME : M1803
2026-06-06 07:14:59,908 | INFO | scripts.import_formations_enriched |   - Ajout du code ROME : M1805
2026-06-06 07:14:59,911 | INFO | scripts.import_formations_enriched |   - Ajout du code ROME : M1806
2026-06-06 07:14:59,912 | INFO | scripts.import_formations_enriched |   - Ajout du flux mensuel : (2024, 10)
2026-06-06 07:14:59,913 | INFO | scripts.import_formations_enriched |   - Ajout du flux mensuel : (2026, 3)
2026-06-06 07:14:59,914 | INFO | scripts.import_formations_enriched |   - Ajout du flux mensuel : (2025, 3)
2026-06-06 07:14:59,914 | INFO | scripts.import_formations_enriched |   - Ajout du flux mensuel : (2024, 11)
2026-06-06 07:14:59,931 | INFO | scripts.import_formations_enriched | Import de la formation : TP Développeur web et web mobile (SIRET: 92185376800015)
2026-06-06 07:14:59,932 | INFO | scripts.import_formations_enriched |   - Ajout du flux mensuel : (2026, 5)
2026-06-06 07:14:59,935 | INFO | scripts.import_formations_enriched |   - Ajout du code ROME : M1805
2026-06-06 07:14:59,935 | INFO | scripts.import_formations_enriched |   - Ajout du flux mensuel : (2026, 1)
2026-06-06 07:14:59,937 | INFO | scripts.import_formations_enriched |   - Ajout du flux mensuel : (2025, 9)
2026-06-06 07:14:59,938 | INFO | scripts.import_formations_enriched |   - Ajout du flux mensuel : (2025, 12)
2026-06-06 07:14:59,939 | INFO | scripts.import_formations_enriched |   - Ajout du flux mensuel : (2026, 3)
2026-06-06 07:14:59,940 | INFO | scripts.import_formations_enriched |   - Ajout du flux mensuel : (2025, 4)
2026-06-06 07:14:59,941 | INFO | scripts.import_formations_enriched |   - Ajout du flux mensuel : (2025, 8)
2026-06-06 07:14:59,942 | INFO | scripts.import_formations_enriched |   - Ajout du flux mensuel : (2026, 4)
2026-06-06 07:14:59,956 | INFO | scripts.import_formations_enriched | Import de la formation : TP Développeur web et web mobile (SIRET: 38876048000029)
2026-06-06 07:14:59,958 | INFO | scripts.import_formations_enriched |   - Ajout du flux mensuel : (2026, 2)
2026-06-06 07:14:59,961 | INFO | scripts.import_formations_enriched |   - Ajout du code ROME : M1805
2026-06-06 07:14:59,961 | INFO | scripts.import_formations_enriched |   - Ajout du flux mensuel : (2026, 3)
2026-06-06 07:14:59,975 | INFO | scripts.import_formations_enriched | Import de la formation : TP Développeur web et web mobile (SIRET: 81227101300045)
2026-06-06 07:14:59,976 | INFO | scripts.import_formations_enriched |   - Ajout du flux mensuel : (2024, 2)
2026-06-06 07:14:59,979 | INFO | scripts.import_formations_enriched |   - Ajout du code ROME : M1805
2026-06-06 07:14:59,980 | INFO | scripts.import_formations_enriched |   - Ajout du flux mensuel : (2026, 2)
2026-06-06 07:14:59,981 | INFO | scripts.import_formations_enriched |   - Ajout du flux mensuel : (2023, 12)
2026-06-06 07:14:59,982 | INFO | scripts.import_formations_enriched |   - Ajout du flux mensuel : (2026, 3)
2026-06-06 07:14:59,983 | INFO | scripts.import_formations_enriched |   - Ajout du flux mensuel : (2023, 11)
2026-06-06 07:14:59,984 | INFO | scripts.import_formations_enriched |   - Ajout du flux mensuel : (2025, 12)
2026-06-06 07:14:59,984 | INFO | scripts.import_formations_enriched |   - Ajout du flux mensuel : (2024, 6)
2026-06-06 07:14:59,985 | INFO | scripts.import_formations_enriched |   - Ajout du flux mensuel : (2024, 9)
2026-06-06 07:14:59,986 | INFO | scripts.import_formations_enriched |   - Ajout du flux mensuel : (2025, 10)
2026-06-06 07:14:59,988 | INFO | scripts.import_formations_enriched |   - Ajout du flux mensuel : (2024, 1)
2026-06-06 07:14:59,989 | INFO | scripts.import_formations_enriched |   - Ajout du flux mensuel : (2024, 4)
2026-06-06 07:14:59,990 | INFO | scripts.import_formations_enriched |   - Ajout du flux mensuel : (2026, 4)
2026-06-06 07:14:59,991 | INFO | scripts.import_formations_enriched |   - Ajout du flux mensuel : (2025, 3)
2026-06-06 07:14:59,992 | INFO | scripts.import_formations_enriched |   - Ajout du flux mensuel : (2024, 7)
2026-06-06 07:14:59,993 | INFO | scripts.import_formations_enriched |   - Ajout du flux mensuel : (2024, 11)
2026-06-06 07:14:59,994 | INFO | scripts.import_formations_enriched |   - Ajout du flux mensuel : (2025, 6)
2026-06-06 07:14:59,995 | INFO | scripts.import_formations_enriched |   - Ajout du flux mensuel : (2024, 12)
2026-06-06 07:14:59,996 | INFO | scripts.import_formations_enriched |   - Ajout du flux mensuel : (2025, 7)
2026-06-06 07:14:59,997 | INFO | scripts.import_formations_enriched |   - Ajout du flux mensuel : (2025, 2)
2026-06-06 07:14:59,998 | INFO | scripts.import_formations_enriched |   - Ajout du flux mensuel : (2024, 10)
2026-06-06 07:14:59,998 | INFO | scripts.import_formations_enriched |   - Ajout du flux mensuel : (2025, 5)
2026-06-06 07:15:00,018 | INFO | scripts.import_formations_enriched | Import de la formation : DEUST Informatique d'organisation et systèmes d'information (fiche nationale) (SIRET: 82456546900015)
2026-06-06 07:15:00,020 | INFO | scripts.import_formations_enriched |   - Ajout du flux mensuel : (2024, 10)
2026-06-06 07:15:00,024 | INFO | scripts.import_formations_enriched |   - Ajout du code ROME : M1805
2026-06-06 07:15:00,026 | INFO | scripts.import_formations_enriched |   - Ajout du code ROME : M1810
2026-06-06 07:15:00,027 | INFO | scripts.import_formations_enriched |   - Ajout du flux mensuel : (2025, 10)
2026-06-06 07:15:00,043 | INFO | scripts.import_formations_enriched | Import de la formation : TP Concepteur développeur d'applications (SIRET: 79414695100023)
2026-06-06 07:15:00,045 | INFO | scripts.import_formations_enriched |   - Ajout du flux mensuel : (2025, 4)
2026-06-06 07:15:00,048 | INFO | scripts.import_formations_enriched |   - Ajout du code ROME : M1805
2026-06-06 07:15:00,049 | INFO | scripts.import_formations_enriched |   - Ajout du flux mensuel : (2025, 7)
2026-06-06 07:15:00,050 | INFO | scripts.import_formations_enriched |   - Ajout du flux mensuel : (2025, 6)
2026-06-06 07:15:00,064 | INFO | scripts.import_formations_enriched | Import de la formation : TP Technicien d'intervention de réseaux de télécommunications en fibre optique (SIRET: 82409268800160)
2026-06-06 07:15:00,065 | INFO | scripts.import_formations_enriched |   - Ajout du flux mensuel : (2024, 12)
2026-06-06 07:15:00,069 | INFO | scripts.import_formations_enriched |   - Ajout du code ROME : I1307
2026-06-06 07:15:00,080 | INFO | scripts.import_formations_enriched | Import de la formation : Manager en infrastructures et cybersécurité des systèmes d'information (SIRET: 34270750200791)
2026-06-06 07:15:00,081 | INFO | scripts.import_formations_enriched |   - Ajout du flux mensuel : (2026, 5)
2026-06-06 07:15:00,084 | INFO | scripts.import_formations_enriched |   - Ajout du code ROME : M1801
2026-06-06 07:15:00,087 | INFO | scripts.import_formations_enriched |   - Ajout du code ROME : M1802
2026-06-06 07:15:00,092 | INFO | scripts.import_formations_enriched |   - Ajout du code ROME : M1803
2026-06-06 07:15:00,095 | INFO | scripts.import_formations_enriched |   - Ajout du code ROME : M1804
2026-06-06 07:15:00,097 | INFO | scripts.import_formations_enriched |   - Ajout du code ROME : M1810
2026-06-06 07:15:00,111 | INFO | scripts.import_formations_enriched | Import de la formation : TP Développeur web et web mobile (SIRET: 79492606300262)
2026-06-06 07:15:00,113 | INFO | scripts.import_formations_enriched |   - Ajout du flux mensuel : (2024, 10)
2026-06-06 07:15:00,115 | INFO | scripts.import_formations_enriched |   - Ajout du code ROME : M1805
2026-06-06 07:15:00,117 | INFO | scripts.import_formations_enriched |   - Ajout du flux mensuel : (2024, 9)
2026-06-06 07:15:00,118 | INFO | scripts.import_formations_enriched |   - Ajout du flux mensuel : (2024, 2)
2026-06-06 07:15:00,119 | INFO | scripts.import_formations_enriched |   - Ajout du flux mensuel : (2024, 3)
2026-06-06 07:15:00,121 | INFO | scripts.import_formations_enriched |   - Ajout du flux mensuel : (2025, 3)
2026-06-06 07:15:00,142 | INFO | scripts.import_formations_enriched | Import de la formation : Technicien bureau d'études en réseaux numériques (SIRET: 49327519200026)
2026-06-06 07:15:00,143 | INFO | scripts.import_formations_enriched |   - Ajout du flux mensuel : (2025, 1)
2026-06-06 07:15:00,148 | INFO | scripts.import_formations_enriched |   - Ajout du code ROME : F1106
2026-06-06 07:15:00,152 | INFO | scripts.import_formations_enriched |   - Ajout du code ROME : H1202
2026-06-06 07:15:00,157 | INFO | scripts.import_formations_enriched |   - Ajout du code ROME : H1209
2026-06-06 07:15:00,175 | INFO | scripts.import_formations_enriched | Import de la formation : Concepteur développeur en intelligence artificielle et analyse big data (SIRET: 79494991700130)
2026-06-06 07:15:00,177 | INFO | scripts.import_formations_enriched |   - Ajout du flux mensuel : (2025, 10)
2026-06-06 07:15:00,182 | INFO | scripts.import_formations_enriched |   - Ajout du code ROME : M1403
2026-06-06 07:15:00,186 | INFO | scripts.import_formations_enriched |   - Ajout du code ROME : M1805
2026-06-06 07:15:00,191 | INFO | scripts.import_formations_enriched |   - Ajout du flux mensuel : (2025, 7)
2026-06-06 07:15:00,192 | INFO | scripts.import_formations_enriched |   - Ajout du flux mensuel : (2025, 4)
2026-06-06 07:15:00,193 | INFO | scripts.import_formations_enriched |   - Ajout du flux mensuel : (2026, 4)
2026-06-06 07:15:00,195 | INFO | scripts.import_formations_enriched |   - Ajout du flux mensuel : (2026, 1)
2026-06-06 07:15:00,217 | INFO | scripts.import_formations_enriched | Import de la formation : TP Concepteur développeur d'applications (SIRET: 91021173900016)
2026-06-06 07:15:00,219 | INFO | scripts.import_formations_enriched |   - Ajout du flux mensuel : (2024, 10)
2026-06-06 07:15:00,224 | INFO | scripts.import_formations_enriched |   - Ajout du code ROME : M1805
2026-06-06 07:15:00,225 | INFO | scripts.import_formations_enriched |   - Ajout du flux mensuel : (2024, 9)
2026-06-06 07:15:00,227 | INFO | scripts.import_formations_enriched |   - Ajout du flux mensuel : (2024, 6)
2026-06-06 07:15:00,247 | INFO | scripts.import_formations_enriched | Import de la formation : Développeur Web (SIRET: 75243460500107)
2026-06-06 07:15:00,249 | INFO | scripts.import_formations_enriched |   - Ajout du flux mensuel : (2024, 7)
2026-06-06 07:15:00,254 | INFO | scripts.import_formations_enriched |   - Ajout du code ROME : M1805
2026-06-06 07:15:00,255 | INFO | scripts.import_formations_enriched |   - Ajout du flux mensuel : (2024, 9)
2026-06-06 07:15:00,257 | INFO | scripts.import_formations_enriched |   - Ajout du flux mensuel : (2025, 6)
2026-06-06 07:15:00,277 | INFO | scripts.import_formations_enriched | Import de la formation : MASTER Informatique (fiche nationale) (SIRET: 19940607500036)
2026-06-06 07:15:00,279 | INFO | scripts.import_formations_enriched |   - Ajout du flux mensuel : (2025, 9)
2026-06-06 07:15:00,284 | INFO | scripts.import_formations_enriched |   - Ajout du code ROME : M1801
2026-06-06 07:15:00,289 | INFO | scripts.import_formations_enriched |   - Ajout du code ROME : M1802
2026-06-06 07:15:00,294 | INFO | scripts.import_formations_enriched |   - Ajout du code ROME : M1803
2026-06-06 07:15:00,298 | INFO | scripts.import_formations_enriched |   - Ajout du code ROME : M1805
2026-06-06 07:15:00,302 | INFO | scripts.import_formations_enriched |   - Ajout du code ROME : M1806
2026-06-06 07:15:00,323 | INFO | scripts.import_formations_enriched | Import de la formation : Développeur full stack (SIRET: 81501410500010)
2026-06-06 07:15:00,324 | INFO | scripts.import_formations_enriched |   - Ajout du flux mensuel : (2025, 7)
2026-06-06 07:15:00,328 | INFO | scripts.import_formations_enriched |   - Ajout du code ROME : M1805
2026-06-06 07:15:00,331 | INFO | scripts.import_formations_enriched |   - Ajout du code ROME : M1806
2026-06-06 07:15:00,334 | INFO | scripts.import_formations_enriched |   - Ajout du code ROME : M1810
2026-06-06 07:15:00,335 | INFO | scripts.import_formations_enriched |   - Ajout du flux mensuel : (2025, 6)
2026-06-06 07:15:00,336 | INFO | scripts.import_formations_enriched |   - Ajout du flux mensuel : (2025, 2)
2026-06-06 07:15:00,338 | INFO | scripts.import_formations_enriched |   - Ajout du flux mensuel : (2025, 8)
2026-06-06 07:15:00,339 | INFO | scripts.import_formations_enriched |   - Ajout du flux mensuel : (2024, 12)
2026-06-06 07:15:00,340 | INFO | scripts.import_formations_enriched |   - Ajout du flux mensuel : (2025, 1)
2026-06-06 07:15:00,363 | INFO | scripts.import_formations_enriched | Import de la formation : TP Concepteur développeur d'applications (SIRET: 89055839800032)
2026-06-06 07:15:00,365 | INFO | scripts.import_formations_enriched |   - Ajout du flux mensuel : (2024, 8)
2026-06-06 07:15:00,370 | INFO | scripts.import_formations_enriched |   - Ajout du code ROME : M1805
2026-06-06 07:15:00,371 | INFO | scripts.import_formations_enriched |   - Ajout du flux mensuel : (2024, 2)
2026-06-06 07:15:00,373 | INFO | scripts.import_formations_enriched |   - Ajout du flux mensuel : (2026, 4)
2026-06-06 07:15:00,374 | INFO | scripts.import_formations_enriched |   - Ajout du flux mensuel : (2026, 2)
2026-06-06 07:15:00,375 | INFO | scripts.import_formations_enriched |   - Ajout du flux mensuel : (2025, 3)
2026-06-06 07:15:00,376 | INFO | scripts.import_formations_enriched |   - Ajout du flux mensuel : (2024, 4)
2026-06-06 07:15:00,377 | INFO | scripts.import_formations_enriched |   - Ajout du flux mensuel : (2024, 6)
2026-06-06 07:15:00,378 | INFO | scripts.import_formations_enriched |   - Ajout du flux mensuel : (2026, 5)
2026-06-06 07:15:00,379 | INFO | scripts.import_formations_enriched |   - Ajout du flux mensuel : (2023, 12)
2026-06-06 07:15:00,380 | INFO | scripts.import_formations_enriched |   - Ajout du flux mensuel : (2024, 3)
2026-06-06 07:15:00,381 | INFO | scripts.import_formations_enriched |   - Ajout du flux mensuel : (2024, 7)
2026-06-06 07:15:00,385 | INFO | scripts.import_formations_enriched |   - Ajout du flux mensuel : (2026, 3)
2026-06-06 07:15:00,388 | INFO | scripts.import_formations_enriched |   - Ajout du flux mensuel : (2024, 12)
2026-06-06 07:15:00,389 | INFO | scripts.import_formations_enriched |   - Ajout du flux mensuel : (2023, 11)
2026-06-06 07:15:00,390 | INFO | scripts.import_formations_enriched |   - Ajout du flux mensuel : (2024, 9)
2026-06-06 07:15:00,391 | INFO | scripts.import_formations_enriched |   - Ajout du flux mensuel : (2023, 10)
2026-06-06 07:15:00,392 | INFO | scripts.import_formations_enriched |   - Ajout du flux mensuel : (2024, 11)
2026-06-06 07:15:00,393 | INFO | scripts.import_formations_enriched |   - Ajout du flux mensuel : (2024, 1)
2026-06-06 07:15:00,413 | INFO | scripts.import_formations_enriched | Import de la formation : Expert en cybersécurité (MS) (SIRET: 19101060200032)
2026-06-06 07:15:00,414 | INFO | scripts.import_formations_enriched |   - Ajout du flux mensuel : (2026, 3)
2026-06-06 07:15:00,419 | INFO | scripts.import_formations_enriched |   - Ajout du code ROME : M1801
2026-06-06 07:15:00,424 | INFO | scripts.import_formations_enriched |   - Ajout du code ROME : M1802
2026-06-06 07:15:00,429 | INFO | scripts.import_formations_enriched |   - Ajout du code ROME : M1806
2026-06-06 07:15:00,430 | INFO | scripts.import_formations_enriched |   - Ajout du flux mensuel : (2025, 9)
2026-06-06 07:15:00,431 | INFO | scripts.import_formations_enriched |   - Ajout du flux mensuel : (2025, 10)
2026-06-06 07:15:00,433 | INFO | scripts.import_formations_enriched |   - Ajout du flux mensuel : (2026, 4)
2026-06-06 07:15:00,454 | INFO | scripts.import_formations_enriched | Import de la formation : TP Développeur web et web mobile (SIRET: 95119874600012)
2026-06-06 07:15:00,456 | INFO | scripts.import_formations_enriched |   - Ajout du flux mensuel : (2026, 1)
2026-06-06 07:15:00,461 | INFO | scripts.import_formations_enriched |   - Ajout du code ROME : M1805
2026-06-06 07:15:00,462 | INFO | scripts.import_formations_enriched |   - Ajout du flux mensuel : (2026, 4)
2026-06-06 07:15:00,463 | INFO | scripts.import_formations_enriched |   - Ajout du flux mensuel : (2026, 3)
2026-06-06 07:15:00,465 | INFO | scripts.import_formations_enriched |   - Ajout du flux mensuel : (2026, 5)
2026-06-06 07:15:00,484 | INFO | scripts.import_formations_enriched | Import de la formation : Concepteur développeur en intelligence artificielle et analyse big data (SIRET: 79494991700106)
2026-06-06 07:15:00,485 | INFO | scripts.import_formations_enriched |   - Ajout du flux mensuel : (2024, 7)
2026-06-06 07:15:00,490 | INFO | scripts.import_formations_enriched |   - Ajout du code ROME : M1403
2026-06-06 07:15:00,494 | INFO | scripts.import_formations_enriched |   - Ajout du code ROME : M1805
2026-06-06 07:15:00,495 | INFO | scripts.import_formations_enriched |   - Ajout du flux mensuel : (2025, 4)
2026-06-06 07:15:00,497 | INFO | scripts.import_formations_enriched |   - Ajout du flux mensuel : (2025, 7)
2026-06-06 07:15:00,498 | INFO | scripts.import_formations_enriched |   - Ajout du flux mensuel : (2025, 1)
2026-06-06 07:15:00,499 | INFO | scripts.import_formations_enriched |   - Ajout du flux mensuel : (2024, 4)
2026-06-06 07:15:00,500 | INFO | scripts.import_formations_enriched |   - Ajout du flux mensuel : (2024, 10)
2026-06-06 07:15:00,501 | INFO | scripts.import_formations_enriched |   - Ajout du flux mensuel : (2026, 4)
2026-06-06 07:15:00,503 | INFO | scripts.import_formations_enriched |   - Ajout du flux mensuel : (2026, 1)
2026-06-06 07:15:00,504 | INFO | scripts.import_formations_enriched |   - Ajout du flux mensuel : (2025, 10)
2026-06-06 07:15:00,528 | INFO | scripts.import_formations_enriched | Import de la formation : MASTER Méthodes informatiques appliquées à la gestion des entreprises - MIAGE (fiche nationale) (SIRET: 13001835100010)
2026-06-06 07:15:00,529 | INFO | scripts.import_formations_enriched |   - Ajout du flux mensuel : (2026, 2)
2026-06-06 07:15:00,534 | INFO | scripts.import_formations_enriched |   - Ajout du code ROME : M1801
2026-06-06 07:15:00,538 | INFO | scripts.import_formations_enriched |   - Ajout du code ROME : M1802
2026-06-06 07:15:00,542 | INFO | scripts.import_formations_enriched |   - Ajout du code ROME : M1803
2026-06-06 07:15:00,546 | INFO | scripts.import_formations_enriched |   - Ajout du code ROME : M1805
2026-06-06 07:15:00,550 | INFO | scripts.import_formations_enriched |   - Ajout du code ROME : M1806
2026-06-06 07:15:00,551 | INFO | scripts.import_formations_enriched |   - Ajout du flux mensuel : (2025, 7)
2026-06-06 07:15:00,553 | INFO | scripts.import_formations_enriched |   - Ajout du flux mensuel : (2025, 2)
2026-06-06 07:15:00,575 | INFO | scripts.import_formations_enriched | Import de la formation : MASTER Informatique (fiche nationale) (SIRET: 13002608100013)
2026-06-06 07:15:00,577 | INFO | scripts.import_formations_enriched |   - Ajout du flux mensuel : (2025, 9)
2026-06-06 07:15:00,581 | INFO | scripts.import_formations_enriched |   - Ajout du code ROME : M1801
2026-06-06 07:15:00,586 | INFO | scripts.import_formations_enriched |   - Ajout du code ROME : M1802
2026-06-06 07:15:00,591 | INFO | scripts.import_formations_enriched |   - Ajout du code ROME : M1803
2026-06-06 07:15:00,595 | INFO | scripts.import_formations_enriched |   - Ajout du code ROME : M1805
2026-06-06 07:15:00,599 | INFO | scripts.import_formations_enriched |   - Ajout du code ROME : M1806
2026-06-06 07:15:00,601 | INFO | scripts.import_formations_enriched |   - Ajout du flux mensuel : (2024, 10)
2026-06-06 07:15:00,602 | INFO | scripts.import_formations_enriched |   - Ajout du flux mensuel : (2024, 9)
2026-06-06 07:15:00,623 | INFO | scripts.import_formations_enriched | Import de la formation : TP Développeur web et web mobile (SIRET: 90765644100017)
2026-06-06 07:15:00,624 | INFO | scripts.import_formations_enriched |   - Ajout du flux mensuel : (2023, 12)
2026-06-06 07:15:00,629 | INFO | scripts.import_formations_enriched |   - Ajout du code ROME : M1805
2026-06-06 07:15:00,630 | INFO | scripts.import_formations_enriched |   - Ajout du flux mensuel : (2023, 10)
2026-06-06 07:15:00,631 | INFO | scripts.import_formations_enriched |   - Ajout du flux mensuel : (2024, 1)
2026-06-06 07:15:00,632 | INFO | scripts.import_formations_enriched |   - Ajout du flux mensuel : (2024, 2)
2026-06-06 07:15:00,634 | INFO | scripts.import_formations_enriched |   - Ajout du flux mensuel : (2023, 11)
2026-06-06 07:15:00,655 | INFO | scripts.import_formations_enriched | Import de la formation : TP Développeur web et web mobile (SIRET: 41273026900179)
2026-06-06 07:15:00,657 | INFO | scripts.import_formations_enriched |   - Ajout du flux mensuel : (2024, 4)
2026-06-06 07:15:00,661 | INFO | scripts.import_formations_enriched |   - Ajout du code ROME : M1805
2026-06-06 07:15:00,663 | INFO | scripts.import_formations_enriched |   - Ajout du flux mensuel : (2025, 11)
2026-06-06 07:15:00,664 | INFO | scripts.import_formations_enriched |   - Ajout du flux mensuel : (2024, 5)
2026-06-06 07:15:00,665 | INFO | scripts.import_formations_enriched |   - Ajout du flux mensuel : (2025, 4)
2026-06-06 07:15:00,665 | INFO | scripts.import_formations_enriched |   - Ajout du flux mensuel : (2025, 5)
2026-06-06 07:15:00,666 | INFO | scripts.import_formations_enriched |   - Ajout du flux mensuel : (2025, 10)
2026-06-06 07:15:00,667 | INFO | scripts.import_formations_enriched |   - Ajout du flux mensuel : (2026, 4)
2026-06-06 07:15:00,669 | INFO | scripts.import_formations_enriched |   - Ajout du flux mensuel : (2024, 10)
2026-06-06 07:15:00,671 | INFO | scripts.import_formations_enriched |   - Ajout du flux mensuel : (2024, 11)
2026-06-06 07:15:00,696 | INFO | scripts.import_formations_enriched | Import de la formation : Titre ingénieur Ingénieur diplômé du Conservatoire national des arts et métiers, spécialité Informatique (SIRET: 32439762900118)
2026-06-06 07:15:00,698 | INFO | scripts.import_formations_enriched |   - Ajout du flux mensuel : (2025, 3)
2026-06-06 07:15:00,703 | INFO | scripts.import_formations_enriched |   - Ajout du code ROME : M1803
2026-06-06 07:15:00,708 | INFO | scripts.import_formations_enriched |   - Ajout du code ROME : M1804
2026-06-06 07:15:00,713 | INFO | scripts.import_formations_enriched |   - Ajout du code ROME : M1805
2026-06-06 07:15:00,716 | INFO | scripts.import_formations_enriched |   - Ajout du code ROME : M1806
2026-06-06 07:15:00,717 | INFO | scripts.import_formations_enriched |   - Ajout du flux mensuel : (2025, 10)
2026-06-06 07:15:00,718 | INFO | scripts.import_formations_enriched |   - Ajout du flux mensuel : (2025, 9)
2026-06-06 07:15:00,739 | INFO | scripts.import_formations_enriched | Import de la formation : TP Concepteur développeur d'applications (SIRET: 83767023100021)
2026-06-06 07:15:00,740 | INFO | scripts.import_formations_enriched |   - Ajout du flux mensuel : (2024, 4)
2026-06-06 07:15:00,746 | INFO | scripts.import_formations_enriched |   - Ajout du code ROME : M1805
2026-06-06 07:15:00,747 | INFO | scripts.import_formations_enriched |   - Ajout du flux mensuel : (2024, 9)
2026-06-06 07:15:00,748 | INFO | scripts.import_formations_enriched |   - Ajout du flux mensuel : (2024, 6)
2026-06-06 07:15:00,750 | INFO | scripts.import_formations_enriched |   - Ajout du flux mensuel : (2024, 3)
2026-06-06 07:15:00,781 | INFO | scripts.import_formations_enriched | Import de la formation : TP Concepteur développeur d'applications (SIRET: 50218786700010)
2026-06-06 07:15:00,789 | INFO | scripts.import_formations_enriched |   - Ajout du flux mensuel : (2024, 6)
2026-06-06 07:15:00,797 | INFO | scripts.import_formations_enriched |   - Ajout du code ROME : M1805
2026-06-06 07:15:00,798 | INFO | scripts.import_formations_enriched |   - Ajout du flux mensuel : (2024, 2)
2026-06-06 07:15:00,799 | INFO | scripts.import_formations_enriched |   - Ajout du flux mensuel : (2024, 3)
2026-06-06 07:15:00,818 | INFO | scripts.import_formations_enriched |   - Ajout du flux mensuel : (2024, 10)
2026-06-06 07:15:00,827 | INFO | scripts.import_formations_enriched |   - Ajout du flux mensuel : (2024, 5)
2026-06-06 07:15:00,829 | INFO | scripts.import_formations_enriched |   - Ajout du flux mensuel : (2024, 4)
2026-06-06 07:15:00,846 | INFO | scripts.import_formations_enriched | Import de la formation : TP Développeur web et web mobile (SIRET: 91147350200019)
2026-06-06 07:15:00,847 | INFO | scripts.import_formations_enriched |   - Ajout du flux mensuel : (2024, 1)
2026-06-06 07:15:00,852 | INFO | scripts.import_formations_enriched |   - Ajout du code ROME : M1805
2026-06-06 07:15:00,857 | INFO | scripts.import_formations_enriched |   - Ajout du flux mensuel : (2023, 10)
2026-06-06 07:15:00,867 | INFO | scripts.import_formations_enriched |   - Ajout du flux mensuel : (2023, 12)
2026-06-06 07:15:00,870 | INFO | scripts.import_formations_enriched |   - Ajout du flux mensuel : (2023, 11)
2026-06-06 07:15:00,912 | INFO | scripts.import_formations_enriched | Import de la formation : Chef de projet informatique (SIRET: 34270750200643)
2026-06-06 07:15:00,915 | INFO | scripts.import_formations_enriched |   - Ajout du flux mensuel : (2026, 3)
2026-06-06 07:15:00,920 | INFO | scripts.import_formations_enriched |   - Ajout du code ROME : M1801
2026-06-06 07:15:00,930 | INFO | scripts.import_formations_enriched |   - Ajout du code ROME : M1802
2026-06-06 07:15:00,934 | INFO | scripts.import_formations_enriched |   - Ajout du code ROME : M1803
2026-06-06 07:15:00,972 | INFO | scripts.import_formations_enriched |   - Ajout du code ROME : M1805
2026-06-06 07:15:00,982 | INFO | scripts.import_formations_enriched |   - Ajout du code ROME : M1806
2026-06-06 07:15:01,055 | INFO | scripts.import_formations_enriched | Import de la formation : TP Concepteur développeur d'applications (SIRET: 90313054000011)
2026-06-06 07:15:01,060 | INFO | scripts.import_formations_enriched |   - Ajout du flux mensuel : (2023, 9)
2026-06-06 07:15:01,067 | INFO | scripts.import_formations_enriched |   - Ajout du code ROME : M1805
2026-06-06 07:15:01,073 | INFO | scripts.import_formations_enriched |   - Ajout du flux mensuel : (2024, 1)
2026-06-06 07:15:01,078 | INFO | scripts.import_formations_enriched |   - Ajout du flux mensuel : (2023, 8)
2026-06-06 07:15:01,081 | INFO | scripts.import_formations_enriched |   - Ajout du flux mensuel : (2023, 12)
2026-06-06 07:15:01,103 | INFO | scripts.import_formations_enriched | Import de la formation : TP Technicien informatique de proximité (SIRET: 82907572000013)
2026-06-06 07:15:01,110 | INFO | scripts.import_formations_enriched |   - Ajout du flux mensuel : (2026, 2)
2026-06-06 07:15:01,116 | INFO | scripts.import_formations_enriched |   - Ajout du code ROME : I1401
2026-06-06 07:15:01,207 | INFO | scripts.import_formations_enriched | Import de la formation : Chef d'entreprise - développeur de PME (SIRET: 18860003500177)
2026-06-06 07:15:01,235 | INFO | scripts.import_formations_enriched |   - Ajout du flux mensuel : (2024, 6)
2026-06-06 07:15:01,249 | INFO | scripts.import_formations_enriched |   - Ajout du code ROME : M1302
2026-06-06 07:15:01,270 | INFO | scripts.import_formations_enriched |   - Ajout du flux mensuel : (2024, 7)
2026-06-06 07:15:01,357 | INFO | scripts.import_formations_enriched | Import de la formation : Data analyst (SIRET: 49386136300098)
2026-06-06 07:15:01,394 | INFO | scripts.import_formations_enriched |   - Ajout du flux mensuel : (2026, 3)
2026-06-06 07:15:01,456 | INFO | scripts.import_formations_enriched |   - Ajout du code ROME : M1403
2026-06-06 07:15:01,480 | INFO | scripts.import_formations_enriched |   - Ajout du code ROME : M1805
2026-06-06 07:15:01,483 | INFO | scripts.import_formations_enriched |   - Ajout du flux mensuel : (2026, 5)
2026-06-06 07:15:01,495 | INFO | scripts.import_formations_enriched |   - Ajout du flux mensuel : (2026, 4)
2026-06-06 07:15:01,550 | INFO | scripts.import_formations_enriched | Import de la formation : TP Développeur web et web mobile (SIRET: 38876048000011)
2026-06-06 07:15:01,566 | INFO | scripts.import_formations_enriched |   - Ajout du flux mensuel : (2025, 9)
2026-06-06 07:15:01,585 | INFO | scripts.import_formations_enriched |   - Ajout du code ROME : M1805
2026-06-06 07:15:01,600 | INFO | scripts.import_formations_enriched |   - Ajout du flux mensuel : (2025, 5)
2026-06-06 07:15:01,616 | INFO | scripts.import_formations_enriched |   - Ajout du flux mensuel : (2025, 3)
2026-06-06 07:15:01,622 | INFO | scripts.import_formations_enriched |   - Ajout du flux mensuel : (2025, 12)
2026-06-06 07:15:01,635 | INFO | scripts.import_formations_enriched |   - Ajout du flux mensuel : (2024, 2)
2026-06-06 07:15:01,650 | INFO | scripts.import_formations_enriched |   - Ajout du flux mensuel : (2024, 3)
2026-06-06 07:15:01,669 | INFO | scripts.import_formations_enriched |   - Ajout du flux mensuel : (2025, 4)
2026-06-06 07:15:01,686 | INFO | scripts.import_formations_enriched |   - Ajout du flux mensuel : (2025, 8)
2026-06-06 07:15:01,688 | INFO | scripts.import_formations_enriched |   - Ajout du flux mensuel : (2024, 1)
2026-06-06 07:15:01,733 | INFO | scripts.import_formations_enriched | Import de la formation : TP Concepteur développeur d'applications (SIRET: 84953220500036)
2026-06-06 07:15:01,739 | INFO | scripts.import_formations_enriched |   - Ajout du flux mensuel : (2025, 9)
2026-06-06 07:15:01,754 | INFO | scripts.import_formations_enriched |   - Ajout du code ROME : M1805
2026-06-06 07:15:01,766 | INFO | scripts.import_formations_enriched |   - Ajout du flux mensuel : (2024, 10)
2026-06-06 07:15:01,776 | INFO | scripts.import_formations_enriched |   - Ajout du flux mensuel : (2024, 1)
2026-06-06 07:15:01,782 | INFO | scripts.import_formations_enriched |   - Ajout du flux mensuel : (2024, 7)
2026-06-06 07:15:01,796 | INFO | scripts.import_formations_enriched |   - Ajout du flux mensuel : (2025, 2)
2026-06-06 07:15:01,833 | INFO | scripts.import_formations_enriched |   - Ajout du flux mensuel : (2025, 1)
2026-06-06 07:15:01,851 | INFO | scripts.import_formations_enriched |   - Ajout du flux mensuel : (2025, 10)
2026-06-06 07:15:01,865 | INFO | scripts.import_formations_enriched |   - Ajout du flux mensuel : (2024, 5)
2026-06-06 07:15:01,872 | INFO | scripts.import_formations_enriched |   - Ajout du flux mensuel : (2024, 9)
2026-06-06 07:15:01,882 | INFO | scripts.import_formations_enriched |   - Ajout du flux mensuel : (2024, 4)
2026-06-06 07:15:01,889 | INFO | scripts.import_formations_enriched |   - Ajout du flux mensuel : (2024, 6)
2026-06-06 07:15:01,895 | INFO | scripts.import_formations_enriched |   - Ajout du flux mensuel : (2025, 6)
2026-06-06 07:15:01,900 | INFO | scripts.import_formations_enriched |   - Ajout du flux mensuel : (2024, 3)
2026-06-06 07:15:01,915 | INFO | scripts.import_formations_enriched |   - Ajout du flux mensuel : (2025, 5)
2026-06-06 07:15:01,920 | INFO | scripts.import_formations_enriched |   - Ajout du flux mensuel : (2026, 1)
2026-06-06 07:15:01,927 | INFO | scripts.import_formations_enriched |   - Ajout du flux mensuel : (2026, 5)
2026-06-06 07:15:01,928 | INFO | scripts.import_formations_enriched |   - Ajout du flux mensuel : (2024, 11)
2026-06-06 07:15:01,930 | INFO | scripts.import_formations_enriched |   - Ajout du flux mensuel : (2026, 2)
2026-06-06 07:15:01,932 | INFO | scripts.import_formations_enriched |   - Ajout du flux mensuel : (2024, 2)
2026-06-06 07:15:01,943 | INFO | scripts.import_formations_enriched |   - Ajout du flux mensuel : (2024, 12)
2026-06-06 07:15:02,017 | INFO | scripts.import_formations_enriched | Import de la formation : Administrateur systèmes et réseaux (SIRET: 34270750200718)
2026-06-06 07:15:02,018 | INFO | scripts.import_formations_enriched |   - Ajout du flux mensuel : (2025, 10)
2026-06-06 07:15:02,023 | INFO | scripts.import_formations_enriched |   - Ajout du code ROME : M1801
2026-06-06 07:15:02,028 | INFO | scripts.import_formations_enriched |   - Ajout du code ROME : M1802
2026-06-06 07:15:02,033 | INFO | scripts.import_formations_enriched |   - Ajout du code ROME : M1805
2026-06-06 07:15:02,038 | INFO | scripts.import_formations_enriched |   - Ajout du code ROME : M1806
2026-06-06 07:15:02,042 | INFO | scripts.import_formations_enriched |   - Ajout du code ROME : M1810
2026-06-06 07:15:02,043 | INFO | scripts.import_formations_enriched |   - Ajout du flux mensuel : (2024, 3)
2026-06-06 07:15:02,045 | INFO | scripts.import_formations_enriched |   - Ajout du flux mensuel : (2022, 12)
2026-06-06 07:15:02,046 | INFO | scripts.import_formations_enriched |   - Ajout du flux mensuel : (2023, 10)
2026-06-06 07:15:02,048 | INFO | scripts.import_formations_enriched |   - Ajout du flux mensuel : (2026, 1)
2026-06-06 07:15:02,049 | INFO | scripts.import_formations_enriched |   - Ajout du flux mensuel : (2024, 4)
2026-06-06 07:15:02,065 | INFO | scripts.import_formations_enriched | Import de la formation : TP Développeur web et web mobile (SIRET: 89832336500012)
2026-06-06 07:15:02,066 | INFO | scripts.import_formations_enriched |   - Ajout du flux mensuel : (2023, 11)
2026-06-06 07:15:02,070 | INFO | scripts.import_formations_enriched |   - Ajout du code ROME : M1805
2026-06-06 07:15:02,072 | INFO | scripts.import_formations_enriched |   - Ajout du flux mensuel : (2024, 2)
2026-06-06 07:15:02,073 | INFO | scripts.import_formations_enriched |   - Ajout du flux mensuel : (2024, 1)
2026-06-06 07:15:02,074 | INFO | scripts.import_formations_enriched |   - Ajout du flux mensuel : (2023, 10)
2026-06-06 07:15:02,091 | INFO | scripts.import_formations_enriched | Import de la formation : TP Conducteur de travaux en voirie et réseaux divers (SIRET: 82189572900019)
2026-06-06 07:15:02,092 | INFO | scripts.import_formations_enriched |   - Ajout du flux mensuel : (2025, 12)
2026-06-06 07:15:02,097 | INFO | scripts.import_formations_enriched |   - Ajout du code ROME : F1201
2026-06-06 07:15:02,098 | INFO | scripts.import_formations_enriched |   - Ajout du flux mensuel : (2026, 2)
2026-06-06 07:15:02,099 | INFO | scripts.import_formations_enriched |   - Ajout du flux mensuel : (2025, 11)
2026-06-06 07:15:02,100 | INFO | scripts.import_formations_enriched |   - Ajout du flux mensuel : (2026, 1)
2026-06-06 07:15:02,102 | INFO | scripts.import_formations_enriched |   - Ajout du flux mensuel : (2026, 4)
2026-06-06 07:15:02,103 | INFO | scripts.import_formations_enriched |   - Ajout du flux mensuel : (2026, 3)
2026-06-06 07:15:02,104 | INFO | scripts.import_formations_enriched |   - Ajout du flux mensuel : (2026, 5)
2026-06-06 07:15:02,123 | INFO | scripts.import_formations_enriched | Import de la formation : Manager de projets informatiques (SIRET: 43261313100049)
2026-06-06 07:15:02,124 | INFO | scripts.import_formations_enriched |   - Ajout du flux mensuel : (2025, 9)
2026-06-06 07:15:02,128 | INFO | scripts.import_formations_enriched |   - Ajout du code ROME : M1803
2026-06-06 07:15:02,131 | INFO | scripts.import_formations_enriched |   - Ajout du code ROME : M1806
2026-06-06 07:15:02,144 | INFO | scripts.import_formations_enriched | Import de la formation : TP Développeur web et web mobile (SIRET: 83859323400019)
2026-06-06 07:15:02,146 | INFO | scripts.import_formations_enriched |   - Ajout du flux mensuel : (2024, 2)
2026-06-06 07:15:02,150 | INFO | scripts.import_formations_enriched |   - Ajout du code ROME : M1805
2026-06-06 07:15:02,151 | INFO | scripts.import_formations_enriched |   - Ajout du flux mensuel : (2024, 3)
2026-06-06 07:15:02,152 | INFO | scripts.import_formations_enriched |   - Ajout du flux mensuel : (2024, 4)
2026-06-06 07:15:02,168 | INFO | scripts.import_formations_enriched | Import de la formation : Concepteur développeur en intelligence artificielle et analyse big data (SIRET: 79494991700098)
2026-06-06 07:15:02,169 | INFO | scripts.import_formations_enriched |   - Ajout du flux mensuel : (2024, 4)
2026-06-06 07:15:02,174 | INFO | scripts.import_formations_enriched |   - Ajout du code ROME : M1403
2026-06-06 07:15:02,178 | INFO | scripts.import_formations_enriched |   - Ajout du code ROME : M1805
2026-06-06 07:15:02,179 | INFO | scripts.import_formations_enriched |   - Ajout du flux mensuel : (2024, 10)
2026-06-06 07:15:02,180 | INFO | scripts.import_formations_enriched |   - Ajout du flux mensuel : (2025, 1)
2026-06-06 07:15:02,182 | INFO | scripts.import_formations_enriched |   - Ajout du flux mensuel : (2024, 7)
2026-06-06 07:15:02,196 | INFO | scripts.import_formations_enriched | Import de la formation : Développeur web (SIRET: 42385519600014)
2026-06-06 07:15:02,197 | INFO | scripts.import_formations_enriched |   - Ajout du flux mensuel : (2024, 2)
2026-06-06 07:15:02,201 | INFO | scripts.import_formations_enriched |   - Ajout du code ROME : M1801
2026-06-06 07:15:02,205 | INFO | scripts.import_formations_enriched |   - Ajout du code ROME : M1803
2026-06-06 07:15:02,208 | INFO | scripts.import_formations_enriched |   - Ajout du code ROME : M1805
2026-06-06 07:15:02,224 | INFO | scripts.import_formations_enriched | Import de la formation : Concepteur UI et webdesign (SIRET: 89836398100017)
2026-06-06 07:15:02,226 | INFO | scripts.import_formations_enriched |   - Ajout du flux mensuel : (2025, 10)
2026-06-06 07:15:02,231 | INFO | scripts.import_formations_enriched |   - Ajout du code ROME : E1205
2026-06-06 07:15:02,232 | INFO | scripts.import_formations_enriched |   - Ajout du flux mensuel : (2024, 11)
2026-06-06 07:15:02,251 | INFO | scripts.import_formations_enriched | Import de la formation : TP Technicien supérieur systèmes et réseaux (SIRET: 90765644100017)
2026-06-06 07:15:02,252 | INFO | scripts.import_formations_enriched |   - Ajout du flux mensuel : (2024, 1)
2026-06-06 07:15:02,257 | INFO | scripts.import_formations_enriched |   - Ajout du code ROME : I1401
2026-06-06 07:15:02,261 | INFO | scripts.import_formations_enriched |   - Ajout du code ROME : M1810
2026-06-06 07:15:02,262 | INFO | scripts.import_formations_enriched |   - Ajout du flux mensuel : (2024, 2)
2026-06-06 07:15:02,263 | INFO | scripts.import_formations_enriched |   - Ajout du flux mensuel : (2023, 9)
2026-06-06 07:15:02,264 | INFO | scripts.import_formations_enriched |   - Ajout du flux mensuel : (2023, 12)
2026-06-06 07:15:02,283 | INFO | scripts.import_formations_enriched | Import de la formation : Chef de projet informatique (SIRET: 34270750200569)
2026-06-06 07:15:02,285 | INFO | scripts.import_formations_enriched |   - Ajout du flux mensuel : (2022, 10)
2026-06-06 07:15:02,289 | INFO | scripts.import_formations_enriched |   - Ajout du code ROME : M1801
2026-06-06 07:15:02,293 | INFO | scripts.import_formations_enriched |   - Ajout du code ROME : M1802
2026-06-06 07:15:02,297 | INFO | scripts.import_formations_enriched |   - Ajout du code ROME : M1803
2026-06-06 07:15:02,301 | INFO | scripts.import_formations_enriched |   - Ajout du code ROME : M1805
2026-06-06 07:15:02,305 | INFO | scripts.import_formations_enriched |   - Ajout du code ROME : M1806
2026-06-06 07:15:02,324 | INFO | scripts.import_formations_enriched | Import de la formation : TP Développeur web et web mobile (SIRET: 79492606300296)
2026-06-06 07:15:02,326 | INFO | scripts.import_formations_enriched |   - Ajout du flux mensuel : (2024, 10)
2026-06-06 07:15:02,330 | INFO | scripts.import_formations_enriched |   - Ajout du code ROME : M1805
2026-06-06 07:15:02,331 | INFO | scripts.import_formations_enriched |   - Ajout du flux mensuel : (2025, 3)
2026-06-06 07:15:02,332 | INFO | scripts.import_formations_enriched |   - Ajout du flux mensuel : (2024, 9)
2026-06-06 07:15:02,351 | INFO | scripts.import_formations_enriched | Import de la formation : TP Développeur web et web mobile (SIRET: 89739259300017)
2026-06-06 07:15:02,352 | INFO | scripts.import_formations_enriched |   - Ajout du flux mensuel : (2023, 12)
2026-06-06 07:15:02,357 | INFO | scripts.import_formations_enriched |   - Ajout du code ROME : M1805
2026-06-06 07:15:02,359 | INFO | scripts.import_formations_enriched |   - Ajout du flux mensuel : (2024, 6)
2026-06-06 07:15:02,360 | INFO | scripts.import_formations_enriched |   - Ajout du flux mensuel : (2024, 2)
2026-06-06 07:15:02,361 | INFO | scripts.import_formations_enriched |   - Ajout du flux mensuel : (2023, 11)
2026-06-06 07:15:02,362 | INFO | scripts.import_formations_enriched |   - Ajout du flux mensuel : (2024, 5)
2026-06-06 07:15:02,364 | INFO | scripts.import_formations_enriched |   - Ajout du flux mensuel : (2024, 3)
2026-06-06 07:15:02,365 | INFO | scripts.import_formations_enriched |   - Ajout du flux mensuel : (2024, 1)
2026-06-06 07:15:02,366 | INFO | scripts.import_formations_enriched |   - Ajout du flux mensuel : (2024, 4)
2026-06-06 07:15:02,387 | INFO | scripts.import_formations_enriched | Import de la formation : LICENCE Informatique (fiche nationale) (SIRET: 19311381800150)
2026-06-06 07:15:02,389 | INFO | scripts.import_formations_enriched |   - Ajout du flux mensuel : (2026, 3)
2026-06-06 07:15:02,392 | INFO | scripts.import_formations_enriched |   - Ajout du code ROME : I1401
2026-06-06 07:15:02,396 | INFO | scripts.import_formations_enriched |   - Ajout du code ROME : M1801
2026-06-06 07:15:02,400 | INFO | scripts.import_formations_enriched |   - Ajout du code ROME : M1802
2026-06-06 07:15:02,403 | INFO | scripts.import_formations_enriched |   - Ajout du code ROME : M1805
2026-06-06 07:15:02,408 | INFO | scripts.import_formations_enriched |   - Ajout du code ROME : M1810
2026-06-06 07:15:02,409 | INFO | scripts.import_formations_enriched |   - Ajout du flux mensuel : (2025, 12)
2026-06-06 07:15:02,410 | INFO | scripts.import_formations_enriched |   - Ajout du flux mensuel : (2025, 10)
2026-06-06 07:15:02,431 | INFO | scripts.import_formations_enriched | Import de la formation : TP Développeur web et web mobile (SIRET: 90446333800015)
2026-06-06 07:15:02,433 | INFO | scripts.import_formations_enriched |   - Ajout du flux mensuel : (2024, 4)
2026-06-06 07:15:02,436 | INFO | scripts.import_formations_enriched |   - Ajout du code ROME : M1805
2026-06-06 07:15:02,438 | INFO | scripts.import_formations_enriched |   - Ajout du flux mensuel : (2024, 6)
2026-06-06 07:15:02,439 | INFO | scripts.import_formations_enriched |   - Ajout du flux mensuel : (2024, 5)
2026-06-06 07:15:02,458 | INFO | scripts.import_formations_enriched | Import de la formation : LICENCE Informatique (fiche nationale) (SIRET: 82434427900149)
2026-06-06 07:15:02,459 | INFO | scripts.import_formations_enriched |   - Ajout du flux mensuel : (2025, 3)
2026-06-06 07:15:02,464 | INFO | scripts.import_formations_enriched |   - Ajout du code ROME : I1401
2026-06-06 07:15:02,467 | INFO | scripts.import_formations_enriched |   - Ajout du code ROME : M1801
2026-06-06 07:15:02,471 | INFO | scripts.import_formations_enriched |   - Ajout du code ROME : M1802
2026-06-06 07:15:02,475 | INFO | scripts.import_formations_enriched |   - Ajout du code ROME : M1805
2026-06-06 07:15:02,479 | INFO | scripts.import_formations_enriched |   - Ajout du code ROME : M1810
2026-06-06 07:15:02,480 | INFO | scripts.import_formations_enriched |   - Ajout du flux mensuel : (2025, 10)
2026-06-06 07:15:02,501 | INFO | scripts.import_formations_enriched | Import de la formation : TP Concepteur développeur d'applications (SIRET: 44321186700116)
2026-06-06 07:15:02,502 | INFO | scripts.import_formations_enriched |   - Ajout du flux mensuel : (2025, 12)
2026-06-06 07:15:02,507 | INFO | scripts.import_formations_enriched |   - Ajout du code ROME : M1805
2026-06-06 07:15:02,523 | INFO | scripts.import_formations_enriched | Import de la formation : TP Technicien supérieur systèmes et réseaux (SIRET: 95119874600012)
2026-06-06 07:15:02,524 | INFO | scripts.import_formations_enriched |   - Ajout du flux mensuel : (2026, 3)
2026-06-06 07:15:02,528 | INFO | scripts.import_formations_enriched |   - Ajout du code ROME : I1401
2026-06-06 07:15:02,532 | INFO | scripts.import_formations_enriched |   - Ajout du code ROME : M1810
2026-06-06 07:15:02,533 | INFO | scripts.import_formations_enriched |   - Ajout du flux mensuel : (2026, 5)
2026-06-06 07:15:02,535 | INFO | scripts.import_formations_enriched |   - Ajout du flux mensuel : (2026, 2)
2026-06-06 07:15:02,536 | INFO | scripts.import_formations_enriched |   - Ajout du flux mensuel : (2025, 12)
2026-06-06 07:15:02,557 | INFO | scripts.import_formations_enriched | Import de la formation : TP Technicien supérieur systèmes et réseaux (SIRET: 38480937200046)
2026-06-06 07:15:02,558 | INFO | scripts.import_formations_enriched |   - Ajout du flux mensuel : (2025, 1)
2026-06-06 07:15:02,561 | INFO | scripts.import_formations_enriched |   - Ajout du code ROME : I1401
2026-06-06 07:15:02,564 | INFO | scripts.import_formations_enriched |   - Ajout du code ROME : M1810
2026-06-06 07:15:02,580 | INFO | scripts.import_formations_enriched | Import de la formation : Administrateur systèmes et réseaux (SIRET: 34270750200627)
2026-06-06 07:15:02,582 | INFO | scripts.import_formations_enriched |   - Ajout du flux mensuel : (2023, 10)
2026-06-06 07:15:02,586 | INFO | scripts.import_formations_enriched |   - Ajout du code ROME : M1801
2026-06-06 07:15:02,589 | INFO | scripts.import_formations_enriched |   - Ajout du code ROME : M1802
2026-06-06 07:15:02,592 | INFO | scripts.import_formations_enriched |   - Ajout du code ROME : M1805
2026-06-06 07:15:02,595 | INFO | scripts.import_formations_enriched |   - Ajout du code ROME : M1806
2026-06-06 07:15:02,598 | INFO | scripts.import_formations_enriched |   - Ajout du code ROME : M1810
2026-06-06 07:15:02,599 | INFO | scripts.import_formations_enriched |   - Ajout du flux mensuel : (2024, 10)
2026-06-06 07:15:02,614 | INFO | scripts.import_formations_enriched | Import de la formation : TP Développeur web et web mobile (SIRET: 91273345800018)
2026-06-06 07:15:02,615 | INFO | scripts.import_formations_enriched |   - Ajout du flux mensuel : (2024, 4)
2026-06-06 07:15:02,618 | INFO | scripts.import_formations_enriched |   - Ajout du code ROME : M1805
2026-06-06 07:15:02,619 | INFO | scripts.import_formations_enriched |   - Ajout du flux mensuel : (2024, 6)
2026-06-06 07:15:02,619 | INFO | scripts.import_formations_enriched |   - Ajout du flux mensuel : (2024, 9)
2026-06-06 07:15:02,620 | INFO | scripts.import_formations_enriched |   - Ajout du flux mensuel : (2024, 2)
2026-06-06 07:15:02,621 | INFO | scripts.import_formations_enriched |   - Ajout du flux mensuel : (2024, 7)
2026-06-06 07:15:02,637 | INFO | scripts.import_formations_enriched | Import de la formation : TP Développeur web et web mobile (SIRET: 82409268800178)
2026-06-06 07:15:02,638 | INFO | scripts.import_formations_enriched |   - Ajout du flux mensuel : (2026, 5)
2026-06-06 07:15:02,642 | INFO | scripts.import_formations_enriched |   - Ajout du code ROME : M1805
2026-06-06 07:15:02,652 | INFO | scripts.import_formations_enriched | Import de la formation : TP Technicien supérieur systèmes et réseaux (SIRET: 39280706100024)
2026-06-06 07:15:02,654 | INFO | scripts.import_formations_enriched |   - Ajout du flux mensuel : (2026, 3)
2026-06-06 07:15:02,658 | INFO | scripts.import_formations_enriched |   - Ajout du code ROME : I1401
2026-06-06 07:15:02,661 | INFO | scripts.import_formations_enriched |   - Ajout du code ROME : M1810
2026-06-06 07:15:02,662 | INFO | scripts.import_formations_enriched |   - Ajout du flux mensuel : (2025, 11)
2026-06-06 07:15:02,663 | INFO | scripts.import_formations_enriched |   - Ajout du flux mensuel : (2024, 10)
2026-06-06 07:15:02,664 | INFO | scripts.import_formations_enriched |   - Ajout du flux mensuel : (2025, 3)
2026-06-06 07:15:02,665 | INFO | scripts.import_formations_enriched |   - Ajout du flux mensuel : (2025, 9)
2026-06-06 07:15:02,665 | INFO | scripts.import_formations_enriched |   - Ajout du flux mensuel : (2026, 5)
2026-06-06 07:15:02,666 | INFO | scripts.import_formations_enriched |   - Ajout du flux mensuel : (2025, 1)
2026-06-06 07:15:02,667 | INFO | scripts.import_formations_enriched |   - Ajout du flux mensuel : (2025, 6)
2026-06-06 07:15:02,668 | INFO | scripts.import_formations_enriched |   - Ajout du flux mensuel : (2024, 11)
2026-06-06 07:15:02,669 | INFO | scripts.import_formations_enriched |   - Ajout du flux mensuel : (2026, 2)
2026-06-06 07:15:02,670 | INFO | scripts.import_formations_enriched |   - Ajout du flux mensuel : (2025, 5)
2026-06-06 07:15:02,671 | INFO | scripts.import_formations_enriched |   - Ajout du flux mensuel : (2026, 1)
2026-06-06 07:15:02,672 | INFO | scripts.import_formations_enriched |   - Ajout du flux mensuel : (2025, 4)
2026-06-06 07:15:02,673 | INFO | scripts.import_formations_enriched |   - Ajout du flux mensuel : (2024, 1)
2026-06-06 07:15:02,674 | INFO | scripts.import_formations_enriched |   - Ajout du flux mensuel : (2025, 10)
2026-06-06 07:15:02,675 | INFO | scripts.import_formations_enriched |   - Ajout du flux mensuel : (2024, 12)
2026-06-06 07:15:02,698 | INFO | scripts.import_formations_enriched | Import de la formation : Développeur Web (SIRET: 92051978200022)
2026-06-06 07:15:02,699 | INFO | scripts.import_formations_enriched |   - Ajout du flux mensuel : (2025, 4)
2026-06-06 07:15:02,702 | INFO | scripts.import_formations_enriched |   - Ajout du code ROME : M1805
2026-06-06 07:15:02,703 | INFO | scripts.import_formations_enriched |   - Ajout du flux mensuel : (2025, 6)
2026-06-06 07:15:02,703 | INFO | scripts.import_formations_enriched |   - Ajout du flux mensuel : (2026, 2)
2026-06-06 07:15:02,704 | INFO | scripts.import_formations_enriched |   - Ajout du flux mensuel : (2025, 10)
2026-06-06 07:15:02,706 | INFO | scripts.import_formations_enriched |   - Ajout du flux mensuel : (2026, 1)
2026-06-06 07:15:02,707 | INFO | scripts.import_formations_enriched |   - Ajout du flux mensuel : (2025, 3)
2026-06-06 07:15:02,708 | INFO | scripts.import_formations_enriched |   - Ajout du flux mensuel : (2025, 7)
2026-06-06 07:15:02,709 | INFO | scripts.import_formations_enriched |   - Ajout du flux mensuel : (2025, 2)
2026-06-06 07:15:02,710 | INFO | scripts.import_formations_enriched |   - Ajout du flux mensuel : (2026, 5)
2026-06-06 07:15:02,711 | INFO | scripts.import_formations_enriched |   - Ajout du flux mensuel : (2025, 8)
2026-06-06 07:15:02,712 | INFO | scripts.import_formations_enriched |   - Ajout du flux mensuel : (2024, 12)
2026-06-06 07:15:02,713 | INFO | scripts.import_formations_enriched |   - Ajout du flux mensuel : (2025, 5)
2026-06-06 07:15:02,714 | INFO | scripts.import_formations_enriched |   - Ajout du flux mensuel : (2026, 4)
2026-06-06 07:15:02,715 | INFO | scripts.import_formations_enriched |   - Ajout du flux mensuel : (2025, 12)
2026-06-06 07:15:02,715 | INFO | scripts.import_formations_enriched |   - Ajout du flux mensuel : (2026, 3)
2026-06-06 07:15:02,716 | INFO | scripts.import_formations_enriched |   - Ajout du flux mensuel : (2025, 1)
2026-06-06 07:15:02,717 | INFO | scripts.import_formations_enriched |   - Ajout du flux mensuel : (2025, 11)
2026-06-06 07:15:02,718 | INFO | scripts.import_formations_enriched |   - Ajout du flux mensuel : (2025, 9)
2026-06-06 07:15:02,737 | INFO | scripts.import_formations_enriched | Import de la formation : Manager de la cybersécurité (SIRET: 44321186700116)
2026-06-06 07:15:02,739 | INFO | scripts.import_formations_enriched |   - Ajout du flux mensuel : (2026, 2)
2026-06-06 07:15:02,743 | INFO | scripts.import_formations_enriched |   - Ajout du code ROME : M1802
2026-06-06 07:15:02,745 | INFO | scripts.import_formations_enriched |   - Ajout du flux mensuel : (2025, 12)
2026-06-06 07:15:02,746 | INFO | scripts.import_formations_enriched |   - Ajout du flux mensuel : (2026, 3)
2026-06-06 07:15:02,747 | INFO | scripts.import_formations_enriched |   - Ajout du flux mensuel : (2026, 4)
2026-06-06 07:15:02,748 | INFO | scripts.import_formations_enriched |   - Ajout du flux mensuel : (2025, 10)
2026-06-06 07:15:02,768 | INFO | scripts.import_formations_enriched | Import de la formation : Manager de projets informatiques (SIRET: 48908897100093)
2026-06-06 07:15:02,769 | INFO | scripts.import_formations_enriched |   - Ajout du flux mensuel : (2026, 4)
2026-06-06 07:15:02,773 | INFO | scripts.import_formations_enriched |   - Ajout du code ROME : M1803
2026-06-06 07:15:02,778 | INFO | scripts.import_formations_enriched |   - Ajout du code ROME : M1806
2026-06-06 07:15:02,779 | INFO | scripts.import_formations_enriched |   - Ajout du flux mensuel : (2025, 10)
2026-06-06 07:15:02,781 | INFO | scripts.import_formations_enriched |   - Ajout du flux mensuel : (2025, 12)
2026-06-06 07:15:02,782 | INFO | scripts.import_formations_enriched |   - Ajout du flux mensuel : (2024, 8)
2026-06-06 07:15:02,783 | INFO | scripts.import_formations_enriched |   - Ajout du flux mensuel : (2026, 3)
2026-06-06 07:15:02,804 | INFO | scripts.import_formations_enriched | Import de la formation : TP Technicien informatique de proximité (SIRET: 41273026900179)
2026-06-06 07:15:02,806 | INFO | scripts.import_formations_enriched |   - Ajout du flux mensuel : (2026, 4)
2026-06-06 07:15:02,810 | INFO | scripts.import_formations_enriched |   - Ajout du code ROME : I1401
2026-06-06 07:15:02,828 | INFO | scripts.import_formations_enriched | Import de la formation : TP Concepteur développeur d'applications (SIRET: 88752731500014)
2026-06-06 07:15:02,829 | INFO | scripts.import_formations_enriched |   - Ajout du flux mensuel : (2024, 2)
2026-06-06 07:15:02,834 | INFO | scripts.import_formations_enriched |   - Ajout du code ROME : M1805
2026-06-06 07:15:02,835 | INFO | scripts.import_formations_enriched |   - Ajout du flux mensuel : (2023, 12)
2026-06-06 07:15:02,854 | INFO | scripts.import_formations_enriched | Import de la formation : Expert en cybersécurité (SIRET: 91114836900018)
2026-06-06 07:15:02,856 | INFO | scripts.import_formations_enriched |   - Ajout du flux mensuel : (2025, 10)
2026-06-06 07:15:02,861 | INFO | scripts.import_formations_enriched |   - Ajout du code ROME : M1802
2026-06-06 07:15:02,865 | INFO | scripts.import_formations_enriched |   - Ajout du code ROME : M1803
2026-06-06 07:15:02,869 | INFO | scripts.import_formations_enriched |   - Ajout du code ROME : M1805
2026-06-06 07:15:02,873 | INFO | scripts.import_formations_enriched |   - Ajout du code ROME : M1806
2026-06-06 07:15:02,874 | INFO | scripts.import_formations_enriched |   - Ajout du flux mensuel : (2026, 2)
2026-06-06 07:15:02,876 | INFO | scripts.import_formations_enriched |   - Ajout du flux mensuel : (2026, 1)
2026-06-06 07:15:02,877 | INFO | scripts.import_formations_enriched |   - Ajout du flux mensuel : (2026, 4)
2026-06-06 07:15:02,878 | INFO | scripts.import_formations_enriched |   - Ajout du flux mensuel : (2025, 11)
2026-06-06 07:15:02,879 | INFO | scripts.import_formations_enriched |   - Ajout du flux mensuel : (2026, 3)
2026-06-06 07:15:02,880 | INFO | scripts.import_formations_enriched |   - Ajout du flux mensuel : (2025, 12)
2026-06-06 07:15:02,881 | INFO | scripts.import_formations_enriched |   - Ajout du flux mensuel : (2026, 5)
2026-06-06 07:15:02,898 | INFO | scripts.import_formations_enriched | Import de la formation : TP Développeur web et web mobile (SIRET: 89034821200022)
2026-06-06 07:15:02,899 | INFO | scripts.import_formations_enriched |   - Ajout du flux mensuel : (2024, 2)
2026-06-06 07:15:02,902 | INFO | scripts.import_formations_enriched |   - Ajout du code ROME : M1805
2026-06-06 07:15:02,903 | INFO | scripts.import_formations_enriched |   - Ajout du flux mensuel : (2023, 11)
2026-06-06 07:15:02,905 | INFO | scripts.import_formations_enriched |   - Ajout du flux mensuel : (2024, 1)
2026-06-06 07:15:02,920 | INFO | scripts.import_formations_enriched | Import de la formation : TP Technicien supérieur systèmes et réseaux (SIRET: 90313054000011)
2026-06-06 07:15:02,922 | INFO | scripts.import_formations_enriched |   - Ajout du flux mensuel : (2023, 11)
2026-06-06 07:15:02,926 | INFO | scripts.import_formations_enriched |   - Ajout du code ROME : I1401
2026-06-06 07:15:02,930 | INFO | scripts.import_formations_enriched |   - Ajout du code ROME : M1810
2026-06-06 07:15:02,931 | INFO | scripts.import_formations_enriched |   - Ajout du flux mensuel : (2023, 9)
2026-06-06 07:15:02,932 | INFO | scripts.import_formations_enriched |   - Ajout du flux mensuel : (2023, 10)
2026-06-06 07:15:02,933 | INFO | scripts.import_formations_enriched |   - Ajout du flux mensuel : (2023, 12)
2026-06-06 07:15:02,951 | INFO | scripts.import_formations_enriched | Import de la formation : TP Développeur web et web mobile (SIRET: 89333944000040)
2026-06-06 07:15:02,953 | INFO | scripts.import_formations_enriched |   - Ajout du flux mensuel : (2024, 3)
2026-06-06 07:15:02,956 | INFO | scripts.import_formations_enriched |   - Ajout du code ROME : M1805
2026-06-06 07:15:02,957 | INFO | scripts.import_formations_enriched |   - Ajout du flux mensuel : (2024, 12)
2026-06-06 07:15:02,959 | INFO | scripts.import_formations_enriched |   - Ajout du flux mensuel : (2026, 1)
2026-06-06 07:15:02,960 | INFO | scripts.import_formations_enriched |   - Ajout du flux mensuel : (2024, 7)
2026-06-06 07:15:02,961 | INFO | scripts.import_formations_enriched |   - Ajout du flux mensuel : (2025, 4)
2026-06-06 07:15:02,962 | INFO | scripts.import_formations_enriched |   - Ajout du flux mensuel : (2025, 3)
2026-06-06 07:15:02,963 | INFO | scripts.import_formations_enriched |   - Ajout du flux mensuel : (2025, 7)
2026-06-06 07:15:02,964 | INFO | scripts.import_formations_enriched |   - Ajout du flux mensuel : (2025, 11)
2026-06-06 07:15:02,965 | INFO | scripts.import_formations_enriched |   - Ajout du flux mensuel : (2026, 3)
2026-06-06 07:15:02,966 | INFO | scripts.import_formations_enriched |   - Ajout du flux mensuel : (2024, 11)
2026-06-06 07:15:02,991 | INFO | scripts.import_formations_enriched | Import de la formation : TP Développeur web et web mobile (SIRET: 82247307000016)
2026-06-06 07:15:02,992 | INFO | scripts.import_formations_enriched |   - Ajout du flux mensuel : (2024, 4)
2026-06-06 07:15:02,996 | INFO | scripts.import_formations_enriched |   - Ajout du code ROME : M1805
2026-06-06 07:15:02,998 | INFO | scripts.import_formations_enriched |   - Ajout du flux mensuel : (2024, 2)
2026-06-06 07:15:02,999 | INFO | scripts.import_formations_enriched |   - Ajout du flux mensuel : (2024, 3)
2026-06-06 07:15:03,019 | INFO | scripts.import_formations_enriched | Import de la formation : TP Concepteur développeur d'applications (SIRET: 79492606300247)
2026-06-06 07:15:03,020 | INFO | scripts.import_formations_enriched |   - Ajout du flux mensuel : (2025, 5)
2026-06-06 07:15:03,025 | INFO | scripts.import_formations_enriched |   - Ajout du code ROME : M1805
2026-06-06 07:15:03,027 | INFO | scripts.import_formations_enriched |   - Ajout du flux mensuel : (2025, 4)
2026-06-06 07:15:03,028 | INFO | scripts.import_formations_enriched |   - Ajout du flux mensuel : (2025, 2)
2026-06-06 07:15:03,029 | INFO | scripts.import_formations_enriched |   - Ajout du flux mensuel : (2025, 3)
2026-06-06 07:15:03,030 | INFO | scripts.import_formations_enriched |   - Ajout du flux mensuel : (2024, 9)
2026-06-06 07:15:03,051 | INFO | scripts.import_formations_enriched | Import de la formation : Développeur concepteur logiciel (SIRET: 49386136300098)
2026-06-06 07:15:03,053 | INFO | scripts.import_formations_enriched |   - Ajout du flux mensuel : (2026, 3)
2026-06-06 07:15:03,059 | INFO | scripts.import_formations_enriched |   - Ajout du code ROME : M1805
2026-06-06 07:15:03,061 | INFO | scripts.import_formations_enriched |   - Ajout du flux mensuel : (2026, 4)
2026-06-06 07:15:03,062 | INFO | scripts.import_formations_enriched |   - Ajout du flux mensuel : (2026, 5)
2026-06-06 07:15:03,079 | INFO | scripts.import_formations_enriched | Import de la formation : TP Technicien supérieur systèmes et réseaux (SIRET: 89049529400013)
2026-06-06 07:15:03,081 | INFO | scripts.import_formations_enriched |   - Ajout du flux mensuel : (2024, 5)
2026-06-06 07:15:03,084 | INFO | scripts.import_formations_enriched |   - Ajout du code ROME : I1401
2026-06-06 07:15:03,087 | INFO | scripts.import_formations_enriched |   - Ajout du code ROME : M1810
2026-06-06 07:15:03,089 | INFO | scripts.import_formations_enriched |   - Ajout du flux mensuel : (2024, 4)
2026-06-06 07:15:03,090 | INFO | scripts.import_formations_enriched |   - Ajout du flux mensuel : (2024, 6)
2026-06-06 07:15:03,105 | INFO | scripts.import_formations_enriched | Import de la formation : CS Cybersécurité (SIRET: 90216372400013)
2026-06-06 07:15:03,107 | INFO | scripts.import_formations_enriched |   - Ajout du flux mensuel : (2025, 8)
2026-06-06 07:15:03,111 | INFO | scripts.import_formations_enriched |   - Ajout du code ROME : M1801
2026-06-06 07:15:03,113 | INFO | scripts.import_formations_enriched |   - Ajout du code ROME : M1802
2026-06-06 07:15:03,116 | INFO | scripts.import_formations_enriched |   - Ajout du code ROME : M1810
2026-06-06 07:15:03,117 | INFO | scripts.import_formations_enriched |   - Ajout du flux mensuel : (2026, 2)
2026-06-06 07:15:03,118 | INFO | scripts.import_formations_enriched |   - Ajout du flux mensuel : (2026, 1)
2026-06-06 07:15:03,119 | INFO | scripts.import_formations_enriched |   - Ajout du flux mensuel : (2025, 5)
2026-06-06 07:15:03,120 | INFO | scripts.import_formations_enriched |   - Ajout du flux mensuel : (2025, 12)
2026-06-06 07:15:03,122 | INFO | scripts.import_formations_enriched |   - Ajout du flux mensuel : (2026, 3)
2026-06-06 07:15:03,123 | INFO | scripts.import_formations_enriched |   - Ajout du flux mensuel : (2025, 4)
2026-06-06 07:15:03,124 | INFO | scripts.import_formations_enriched |   - Ajout du flux mensuel : (2024, 12)
2026-06-06 07:15:03,125 | INFO | scripts.import_formations_enriched |   - Ajout du flux mensuel : (2025, 7)
2026-06-06 07:15:03,126 | INFO | scripts.import_formations_enriched |   - Ajout du flux mensuel : (2026, 5)
2026-06-06 07:15:03,145 | INFO | scripts.import_formations_enriched | Import de la formation : TP Administrateur système DevOps (SIRET: 44321186700025)
2026-06-06 07:15:03,147 | INFO | scripts.import_formations_enriched |   - Ajout du flux mensuel : (2025, 4)
2026-06-06 07:15:03,150 | INFO | scripts.import_formations_enriched |   - Ajout du code ROME : M1801
2026-06-06 07:15:03,154 | INFO | scripts.import_formations_enriched |   - Ajout du code ROME : M1802
2026-06-06 07:15:03,155 | INFO | scripts.import_formations_enriched |   - Ajout du flux mensuel : (2025, 1)
2026-06-06 07:15:03,156 | INFO | scripts.import_formations_enriched |   - Ajout du flux mensuel : (2025, 3)
2026-06-06 07:15:03,158 | INFO | scripts.import_formations_enriched |   - Ajout du flux mensuel : (2025, 6)
2026-06-06 07:15:03,159 | INFO | scripts.import_formations_enriched |   - Ajout du flux mensuel : (2025, 9)
2026-06-06 07:15:03,160 | INFO | scripts.import_formations_enriched |   - Ajout du flux mensuel : (2025, 2)
2026-06-06 07:15:03,161 | INFO | scripts.import_formations_enriched |   - Ajout du flux mensuel : (2025, 5)
2026-06-06 07:15:03,183 | INFO | scripts.import_formations_enriched | Import de la formation : Concepteur développeur d'applications web (SIRET: 79494991700064)
2026-06-06 07:15:03,185 | INFO | scripts.import_formations_enriched |   - Ajout du flux mensuel : (2024, 10)
2026-06-06 07:15:03,189 | INFO | scripts.import_formations_enriched |   - Ajout du code ROME : E1205
2026-06-06 07:15:03,193 | INFO | scripts.import_formations_enriched |   - Ajout du code ROME : M1803
2026-06-06 07:15:03,198 | INFO | scripts.import_formations_enriched |   - Ajout du code ROME : M1805
2026-06-06 07:15:03,216 | INFO | scripts.import_formations_enriched | Import de la formation : TP Développeur web et web mobile (SIRET: 92233236600017)
2026-06-06 07:15:03,218 | INFO | scripts.import_formations_enriched |   - Ajout du flux mensuel : (2025, 1)
2026-06-06 07:15:03,223 | INFO | scripts.import_formations_enriched |   - Ajout du code ROME : M1805
2026-06-06 07:15:03,224 | INFO | scripts.import_formations_enriched |   - Ajout du flux mensuel : (2025, 3)
2026-06-06 07:15:03,225 | INFO | scripts.import_formations_enriched |   - Ajout du flux mensuel : (2026, 2)
2026-06-06 07:15:03,226 | INFO | scripts.import_formations_enriched |   - Ajout du flux mensuel : (2025, 10)
2026-06-06 07:15:03,245 | INFO | scripts.import_formations_enriched | Import de la formation : TP Développeur web et web mobile (SIRET: 82409268800012)
2026-06-06 07:15:03,247 | INFO | scripts.import_formations_enriched |   - Ajout du flux mensuel : (2025, 4)
2026-06-06 07:15:03,251 | INFO | scripts.import_formations_enriched |   - Ajout du code ROME : M1805
2026-06-06 07:15:03,253 | INFO | scripts.import_formations_enriched |   - Ajout du flux mensuel : (2025, 10)
2026-06-06 07:15:03,254 | INFO | scripts.import_formations_enriched |   - Ajout du flux mensuel : (2025, 12)
2026-06-06 07:15:03,255 | INFO | scripts.import_formations_enriched |   - Ajout du flux mensuel : (2026, 2)
2026-06-06 07:15:03,276 | INFO | scripts.import_formations_enriched | Import de la formation : TP Développeur web et web mobile (SIRET: 90126472100019)
2026-06-06 07:15:03,277 | INFO | scripts.import_formations_enriched |   - Ajout du flux mensuel : (2024, 4)
2026-06-06 07:15:03,280 | INFO | scripts.import_formations_enriched |   - Ajout du code ROME : M1805
2026-06-06 07:15:03,281 | INFO | scripts.import_formations_enriched |   - Ajout du flux mensuel : (2025, 6)
2026-06-06 07:15:03,282 | INFO | scripts.import_formations_enriched |   - Ajout du flux mensuel : (2025, 3)
2026-06-06 07:15:03,283 | INFO | scripts.import_formations_enriched |   - Ajout du flux mensuel : (2024, 11)
2026-06-06 07:15:03,284 | INFO | scripts.import_formations_enriched |   - Ajout du flux mensuel : (2024, 7)
2026-06-06 07:15:03,285 | INFO | scripts.import_formations_enriched |   - Ajout du flux mensuel : (2025, 7)
2026-06-06 07:15:03,287 | INFO | scripts.import_formations_enriched |   - Ajout du flux mensuel : (2026, 3)
2026-06-06 07:15:03,288 | INFO | scripts.import_formations_enriched |   - Ajout du flux mensuel : (2025, 11)
2026-06-06 07:15:03,304 | INFO | scripts.import_formations_enriched | Import de la formation : Chef de projet informatique (SIRET: 34270750200494)
2026-06-06 07:15:03,306 | INFO | scripts.import_formations_enriched |   - Ajout du flux mensuel : (2022, 12)
2026-06-06 07:15:03,310 | INFO | scripts.import_formations_enriched |   - Ajout du code ROME : M1801
2026-06-06 07:15:03,313 | INFO | scripts.import_formations_enriched |   - Ajout du code ROME : M1802
2026-06-06 07:15:03,316 | INFO | scripts.import_formations_enriched |   - Ajout du code ROME : M1803
2026-06-06 07:15:03,319 | INFO | scripts.import_formations_enriched |   - Ajout du code ROME : M1805
2026-06-06 07:15:03,323 | INFO | scripts.import_formations_enriched |   - Ajout du code ROME : M1806
2026-06-06 07:15:03,324 | INFO | scripts.import_formations_enriched |   - Ajout du flux mensuel : (2023, 5)
2026-06-06 07:15:03,325 | INFO | scripts.import_formations_enriched |   - Ajout du flux mensuel : (2024, 11)
2026-06-06 07:15:03,326 | INFO | scripts.import_formations_enriched |   - Ajout du flux mensuel : (2023, 12)
2026-06-06 07:15:03,326 | INFO | scripts.import_formations_enriched |   - Ajout du flux mensuel : (2023, 10)
2026-06-06 07:15:03,342 | INFO | scripts.import_formations_enriched | Import de la formation : Expert en ingénierie de l'intelligence artificielle (SIRET: 83069794200027)
2026-06-06 07:15:03,343 | INFO | scripts.import_formations_enriched |   - Ajout du flux mensuel : (2025, 7)
2026-06-06 07:15:03,347 | INFO | scripts.import_formations_enriched |   - Ajout du code ROME : M1802
2026-06-06 07:15:03,350 | INFO | scripts.import_formations_enriched |   - Ajout du code ROME : M1803
2026-06-06 07:15:03,353 | INFO | scripts.import_formations_enriched |   - Ajout du code ROME : M1805
2026-06-06 07:15:03,358 | INFO | scripts.import_formations_enriched |   - Ajout du code ROME : M1810
2026-06-06 07:15:03,359 | INFO | scripts.import_formations_enriched |   - Ajout du flux mensuel : (2026, 1)
2026-06-06 07:15:03,360 | INFO | scripts.import_formations_enriched |   - Ajout du flux mensuel : (2025, 9)
2026-06-06 07:15:03,361 | INFO | scripts.import_formations_enriched |   - Ajout du flux mensuel : (2025, 8)
2026-06-06 07:15:03,362 | INFO | scripts.import_formations_enriched |   - Ajout du flux mensuel : (2026, 5)
2026-06-06 07:15:03,363 | INFO | scripts.import_formations_enriched |   - Ajout du flux mensuel : (2025, 12)
2026-06-06 07:15:03,364 | INFO | scripts.import_formations_enriched |   - Ajout du flux mensuel : (2025, 6)
2026-06-06 07:15:03,365 | INFO | scripts.import_formations_enriched |   - Ajout du flux mensuel : (2026, 4)
2026-06-06 07:15:03,366 | INFO | scripts.import_formations_enriched |   - Ajout du flux mensuel : (2026, 2)
2026-06-06 07:15:03,367 | INFO | scripts.import_formations_enriched |   - Ajout du flux mensuel : (2025, 11)
2026-06-06 07:15:03,367 | INFO | scripts.import_formations_enriched |   - Ajout du flux mensuel : (2025, 10)
2026-06-06 07:15:03,369 | INFO | scripts.import_formations_enriched |   - Ajout du flux mensuel : (2026, 3)
2026-06-06 07:15:03,393 | INFO | scripts.import_formations_enriched | Import de la formation : TP Technicien informatique de proximité (SIRET: 19750712200046)
2026-06-06 07:15:03,395 | INFO | scripts.import_formations_enriched |   - Ajout du flux mensuel : (2025, 11)
2026-06-06 07:15:03,399 | INFO | scripts.import_formations_enriched |   - Ajout du code ROME : I1401
2026-06-06 07:15:03,417 | INFO | scripts.import_formations_enriched | Import de la formation : MASTER Informatique (fiche nationale) (SIRET: 19381912500017)
2026-06-06 07:15:03,419 | INFO | scripts.import_formations_enriched |   - Ajout du flux mensuel : (2025, 4)
2026-06-06 07:15:03,423 | INFO | scripts.import_formations_enriched |   - Ajout du code ROME : M1801
2026-06-06 07:15:03,434 | INFO | scripts.import_formations_enriched |   - Ajout du code ROME : M1802
2026-06-06 07:15:03,439 | INFO | scripts.import_formations_enriched |   - Ajout du code ROME : M1803
2026-06-06 07:15:03,443 | INFO | scripts.import_formations_enriched |   - Ajout du code ROME : M1805
2026-06-06 07:15:03,445 | INFO | scripts.import_formations_enriched |   - Ajout du code ROME : M1806
2026-06-06 07:15:03,465 | INFO | scripts.import_formations_enriched | Import de la formation : TP Technicien supérieur systèmes et réseaux (SIRET: 81824197800050)
2026-06-06 07:15:03,467 | INFO | scripts.import_formations_enriched |   - Ajout du flux mensuel : (2025, 10)
2026-06-06 07:15:03,471 | INFO | scripts.import_formations_enriched |   - Ajout du code ROME : I1401
2026-06-06 07:15:03,475 | INFO | scripts.import_formations_enriched |   - Ajout du code ROME : M1810
2026-06-06 07:15:03,477 | INFO | scripts.import_formations_enriched |   - Ajout du flux mensuel : (2025, 9)
2026-06-06 07:15:03,491 | INFO | scripts.import_formations_enriched | Import de la formation : TP Concepteur développeur d'applications (SIRET: 42998754800162)
2026-06-06 07:15:03,492 | INFO | scripts.import_formations_enriched |   - Ajout du flux mensuel : (2025, 7)
2026-06-06 07:15:03,495 | INFO | scripts.import_formations_enriched |   - Ajout du code ROME : M1805
2026-06-06 07:15:03,508 | INFO | scripts.import_formations_enriched | Import de la formation : TP Développeur web et web mobile (SIRET: 88137643800019)
2026-06-06 07:15:03,510 | INFO | scripts.import_formations_enriched |   - Ajout du flux mensuel : (2024, 10)
2026-06-06 07:15:03,513 | INFO | scripts.import_formations_enriched |   - Ajout du code ROME : M1805
2026-06-06 07:15:03,514 | INFO | scripts.import_formations_enriched |   - Ajout du flux mensuel : (2024, 11)
2026-06-06 07:15:03,514 | INFO | scripts.import_formations_enriched |   - Ajout du flux mensuel : (2024, 9)
2026-06-06 07:15:03,515 | INFO | scripts.import_formations_enriched |   - Ajout du flux mensuel : (2025, 2)
2026-06-06 07:15:03,516 | INFO | scripts.import_formations_enriched |   - Ajout du flux mensuel : (2024, 8)
2026-06-06 07:15:03,531 | INFO | scripts.import_formations_enriched | Import de la formation : TP Technicien supérieur systèmes et réseaux (SIRET: 79279132900016)
2026-06-06 07:15:03,532 | INFO | scripts.import_formations_enriched |   - Ajout du flux mensuel : (2026, 2)
2026-06-06 07:15:03,535 | INFO | scripts.import_formations_enriched |   - Ajout du code ROME : I1401
2026-06-06 07:15:03,539 | INFO | scripts.import_formations_enriched |   - Ajout du code ROME : M1810
2026-06-06 07:15:03,540 | INFO | scripts.import_formations_enriched |   - Ajout du flux mensuel : (2026, 5)
2026-06-06 07:15:03,541 | INFO | scripts.import_formations_enriched |   - Ajout du flux mensuel : (2025, 11)
2026-06-06 07:15:03,541 | INFO | scripts.import_formations_enriched |   - Ajout du flux mensuel : (2025, 10)
2026-06-06 07:15:03,555 | INFO | scripts.import_formations_enriched | Import de la formation : Technicien systèmes réseaux et sécurité (SIRET: 44321186700025)
2026-06-06 07:15:03,556 | INFO | scripts.import_formations_enriched |   - Ajout du flux mensuel : (2024, 7)
2026-06-06 07:15:03,559 | INFO | scripts.import_formations_enriched |   - Ajout du code ROME : H1101
2026-06-06 07:15:03,562 | INFO | scripts.import_formations_enriched |   - Ajout du code ROME : M1801
2026-06-06 07:15:03,565 | INFO | scripts.import_formations_enriched |   - Ajout du code ROME : M1810
2026-06-06 07:15:03,566 | INFO | scripts.import_formations_enriched |   - Ajout du flux mensuel : (2024, 9)
2026-06-06 07:15:03,567 | INFO | scripts.import_formations_enriched |   - Ajout du flux mensuel : (2025, 6)
2026-06-06 07:15:03,568 | INFO | scripts.import_formations_enriched |   - Ajout du flux mensuel : (2025, 5)
2026-06-06 07:15:03,569 | INFO | scripts.import_formations_enriched |   - Ajout du flux mensuel : (2024, 1)
2026-06-06 07:15:03,570 | INFO | scripts.import_formations_enriched |   - Ajout du flux mensuel : (2025, 1)
2026-06-06 07:15:03,571 | INFO | scripts.import_formations_enriched |   - Ajout du flux mensuel : (2025, 4)
2026-06-06 07:15:03,572 | INFO | scripts.import_formations_enriched |   - Ajout du flux mensuel : (2024, 6)
2026-06-06 07:15:03,587 | INFO | scripts.import_formations_enriched | Import de la formation : TP Développeur web et web mobile (SIRET: 91163834400018)
2026-06-06 07:15:03,588 | INFO | scripts.import_formations_enriched |   - Ajout du flux mensuel : (2024, 10)
2026-06-06 07:15:03,592 | INFO | scripts.import_formations_enriched |   - Ajout du code ROME : M1805
2026-06-06 07:15:03,593 | INFO | scripts.import_formations_enriched |   - Ajout du flux mensuel : (2024, 3)
2026-06-06 07:15:03,605 | INFO | scripts.import_formations_enriched | Import de la formation : Titre ingénieur Ingénieur diplômé du CESI, spécialité informatique (SIRET: 77572257200366)
2026-06-06 07:15:03,607 | INFO | scripts.import_formations_enriched |   - Ajout du flux mensuel : (2026, 1)
2026-06-06 07:15:03,610 | INFO | scripts.import_formations_enriched |   - Ajout du code ROME : M1802
2026-06-06 07:15:03,614 | INFO | scripts.import_formations_enriched |   - Ajout du code ROME : M1803
2026-06-06 07:15:03,618 | INFO | scripts.import_formations_enriched |   - Ajout du code ROME : M1804
2026-06-06 07:15:03,621 | INFO | scripts.import_formations_enriched |   - Ajout du code ROME : M1805
2026-06-06 07:15:03,625 | INFO | scripts.import_formations_enriched |   - Ajout du code ROME : M1806
2026-06-06 07:15:03,645 | INFO | scripts.import_formations_enriched | Import de la formation : TP Technicien supérieur systèmes et réseaux (SIRET: 39014842700094)
2026-06-06 07:15:03,646 | INFO | scripts.import_formations_enriched |   - Ajout du flux mensuel : (2025, 8)
2026-06-06 07:15:03,651 | INFO | scripts.import_formations_enriched |   - Ajout du code ROME : I1401
2026-06-06 07:15:03,656 | INFO | scripts.import_formations_enriched |   - Ajout du code ROME : M1810
2026-06-06 07:15:03,658 | INFO | scripts.import_formations_enriched |   - Ajout du flux mensuel : (2026, 2)
2026-06-06 07:15:03,659 | INFO | scripts.import_formations_enriched |   - Ajout du flux mensuel : (2024, 11)
2026-06-06 07:15:03,661 | INFO | scripts.import_formations_enriched |   - Ajout du flux mensuel : (2026, 4)
2026-06-06 07:15:03,662 | INFO | scripts.import_formations_enriched |   - Ajout du flux mensuel : (2025, 12)
2026-06-06 07:15:03,663 | INFO | scripts.import_formations_enriched |   - Ajout du flux mensuel : (2025, 2)
2026-06-06 07:15:03,665 | INFO | scripts.import_formations_enriched |   - Ajout du flux mensuel : (2025, 11)
2026-06-06 07:15:03,666 | INFO | scripts.import_formations_enriched |   - Ajout du flux mensuel : (2026, 5)
2026-06-06 07:15:03,688 | INFO | scripts.import_formations_enriched | Import de la formation : TP Développeur web et web mobile (SIRET: 89898864700019)
2026-06-06 07:15:03,690 | INFO | scripts.import_formations_enriched |   - Ajout du flux mensuel : (2023, 12)
2026-06-06 07:15:03,694 | INFO | scripts.import_formations_enriched |   - Ajout du code ROME : M1805
2026-06-06 07:15:03,696 | INFO | scripts.import_formations_enriched |   - Ajout du flux mensuel : (2024, 1)
2026-06-06 07:15:03,713 | INFO | scripts.import_formations_enriched | Import de la formation : TP Administrateur système DevOps (SIRET: 82951312600054)
2026-06-06 07:15:03,717 | INFO | scripts.import_formations_enriched |   - Ajout du flux mensuel : (2025, 3)
2026-06-06 07:15:03,722 | INFO | scripts.import_formations_enriched |   - Ajout du code ROME : M1801
2026-06-06 07:15:03,726 | INFO | scripts.import_formations_enriched |   - Ajout du code ROME : M1802
2026-06-06 07:15:03,727 | INFO | scripts.import_formations_enriched |   - Ajout du flux mensuel : (2025, 9)
2026-06-06 07:15:03,742 | INFO | scripts.import_formations_enriched | Import de la formation : TP Concepteur développeur d'applications (SIRET: 81824197800050)
2026-06-06 07:15:03,744 | INFO | scripts.import_formations_enriched |   - Ajout du flux mensuel : (2024, 10)
2026-06-06 07:15:03,747 | INFO | scripts.import_formations_enriched |   - Ajout du code ROME : M1805
2026-06-06 07:15:03,748 | INFO | scripts.import_formations_enriched |   - Ajout du flux mensuel : (2026, 1)
2026-06-06 07:15:03,749 | INFO | scripts.import_formations_enriched |   - Ajout du flux mensuel : (2025, 2)
2026-06-06 07:15:03,750 | INFO | scripts.import_formations_enriched |   - Ajout du flux mensuel : (2024, 9)
2026-06-06 07:15:03,752 | INFO | scripts.import_formations_enriched |   - Ajout du flux mensuel : (2024, 3)
2026-06-06 07:15:03,753 | INFO | scripts.import_formations_enriched |   - Ajout du flux mensuel : (2025, 10)
2026-06-06 07:15:03,767 | INFO | scripts.import_formations_enriched | Import de la formation : TP Développeur web et web mobile (SIRET: 53820308400024)
2026-06-06 07:15:03,768 | INFO | scripts.import_formations_enriched |   - Ajout du flux mensuel : (2024, 10)
2026-06-06 07:15:03,772 | INFO | scripts.import_formations_enriched |   - Ajout du code ROME : M1805
2026-06-06 07:15:03,773 | INFO | scripts.import_formations_enriched |   - Ajout du flux mensuel : (2024, 9)
2026-06-06 07:15:03,774 | INFO | scripts.import_formations_enriched |   - Ajout du flux mensuel : (2024, 8)
2026-06-06 07:15:03,774 | INFO | scripts.import_formations_enriched |   - Ajout du flux mensuel : (2024, 7)
2026-06-06 07:15:03,788 | INFO | scripts.import_formations_enriched | Import de la formation : TP Concepteur développeur d'applications (SIRET: 82277112700039)
2026-06-06 07:15:03,790 | INFO | scripts.import_formations_enriched |   - Ajout du flux mensuel : (2025, 10)
2026-06-06 07:15:03,793 | INFO | scripts.import_formations_enriched |   - Ajout du code ROME : M1805
2026-06-06 07:15:03,794 | INFO | scripts.import_formations_enriched |   - Ajout du flux mensuel : (2025, 4)
2026-06-06 07:15:03,795 | INFO | scripts.import_formations_enriched |   - Ajout du flux mensuel : (2024, 10)
2026-06-06 07:15:03,796 | INFO | scripts.import_formations_enriched |   - Ajout du flux mensuel : (2026, 4)
2026-06-06 07:15:03,797 | INFO | scripts.import_formations_enriched |   - Ajout du flux mensuel : (2025, 9)
2026-06-06 07:15:03,798 | INFO | scripts.import_formations_enriched |   - Ajout du flux mensuel : (2026, 2)
2026-06-06 07:15:03,799 | INFO | scripts.import_formations_enriched |   - Ajout du flux mensuel : (2025, 7)
2026-06-06 07:15:03,800 | INFO | scripts.import_formations_enriched |   - Ajout du flux mensuel : (2025, 3)
2026-06-06 07:15:03,800 | INFO | scripts.import_formations_enriched |   - Ajout du flux mensuel : (2025, 2)
2026-06-06 07:15:03,819 | INFO | scripts.import_formations_enriched | Import de la formation : TP Concepteur développeur d'applications (SIRET: 89021350700027)
2026-06-06 07:15:03,821 | INFO | scripts.import_formations_enriched |   - Ajout du flux mensuel : (2026, 3)
2026-06-06 07:15:03,824 | INFO | scripts.import_formations_enriched |   - Ajout du code ROME : M1805
2026-06-06 07:15:03,826 | INFO | scripts.import_formations_enriched |   - Ajout du flux mensuel : (2025, 9)
2026-06-06 07:15:03,826 | INFO | scripts.import_formations_enriched |   - Ajout du flux mensuel : (2025, 10)
2026-06-06 07:15:03,827 | INFO | scripts.import_formations_enriched |   - Ajout du flux mensuel : (2025, 11)
2026-06-06 07:15:03,828 | INFO | scripts.import_formations_enriched |   - Ajout du flux mensuel : (2025, 8)
2026-06-06 07:15:03,829 | INFO | scripts.import_formations_enriched |   - Ajout du flux mensuel : (2026, 4)
2026-06-06 07:15:03,830 | INFO | scripts.import_formations_enriched |   - Ajout du flux mensuel : (2026, 1)
2026-06-06 07:15:03,831 | INFO | scripts.import_formations_enriched |   - Ajout du flux mensuel : (2026, 2)
2026-06-06 07:15:03,832 | INFO | scripts.import_formations_enriched |   - Ajout du flux mensuel : (2025, 12)
2026-06-06 07:15:03,833 | INFO | scripts.import_formations_enriched |   - Ajout du flux mensuel : (2026, 5)
2026-06-06 07:15:03,856 | INFO | scripts.import_formations_enriched | Import de la formation : Titre ingénieur Ingénieur diplômé de l'École nationale supérieure en génie des technologies industrielles de l'université de Pau, spécialité génie électrique et informatique industrielle (SIRET: 19640251500239)
2026-06-06 07:15:03,857 | INFO | scripts.import_formations_enriched |   - Ajout du flux mensuel : (2025, 1)
2026-06-06 07:15:03,862 | INFO | scripts.import_formations_enriched |   - Ajout du code ROME : H1206
2026-06-06 07:15:03,866 | INFO | scripts.import_formations_enriched |   - Ajout du code ROME : H1208
2026-06-06 07:15:03,870 | INFO | scripts.import_formations_enriched |   - Ajout du code ROME : H1302
2026-06-06 07:15:03,874 | INFO | scripts.import_formations_enriched |   - Ajout du code ROME : H2502
2026-06-06 07:15:03,879 | INFO | scripts.import_formations_enriched |   - Ajout du code ROME : I1102
2026-06-06 07:15:03,900 | INFO | scripts.import_formations_enriched | Import de la formation : TP Développeur web et web mobile (SIRET: 84124789300032)
2026-06-06 07:15:03,902 | INFO | scripts.import_formations_enriched |   - Ajout du flux mensuel : (2025, 1)
2026-06-06 07:15:03,907 | INFO | scripts.import_formations_enriched |   - Ajout du code ROME : M1805
2026-06-06 07:15:03,924 | INFO | scripts.import_formations_enriched | Import de la formation : Concepteur développeur en intelligence artificielle et analyse big data (SIRET: 79494991700056)
2026-06-06 07:15:03,926 | INFO | scripts.import_formations_enriched |   - Ajout du flux mensuel : (2024, 4)
2026-06-06 07:15:03,930 | INFO | scripts.import_formations_enriched |   - Ajout du code ROME : M1403
2026-06-06 07:15:03,934 | INFO | scripts.import_formations_enriched |   - Ajout du code ROME : M1805
2026-06-06 07:15:03,935 | INFO | scripts.import_formations_enriched |   - Ajout du flux mensuel : (2024, 7)
2026-06-06 07:15:03,936 | INFO | scripts.import_formations_enriched |   - Ajout du flux mensuel : (2024, 10)
2026-06-06 07:15:03,937 | INFO | scripts.import_formations_enriched |   - Ajout du flux mensuel : (2025, 4)
2026-06-06 07:15:03,939 | INFO | scripts.import_formations_enriched |   - Ajout du flux mensuel : (2025, 7)
2026-06-06 07:15:03,940 | INFO | scripts.import_formations_enriched |   - Ajout du flux mensuel : (2025, 1)
2026-06-06 07:15:03,961 | INFO | scripts.import_formations_enriched | Import de la formation : TP Administrateur système DevOps (SIRET: 48909912700024)
2026-06-06 07:15:03,963 | INFO | scripts.import_formations_enriched |   - Ajout du flux mensuel : (2025, 2)
2026-06-06 07:15:03,967 | INFO | scripts.import_formations_enriched |   - Ajout du code ROME : M1801
2026-06-06 07:15:03,971 | INFO | scripts.import_formations_enriched |   - Ajout du code ROME : M1802
2026-06-06 07:15:03,972 | INFO | scripts.import_formations_enriched |   - Ajout du flux mensuel : (2024, 2)
2026-06-06 07:15:03,974 | INFO | scripts.import_formations_enriched |   - Ajout du flux mensuel : (2025, 3)
2026-06-06 07:15:03,993 | INFO | scripts.import_formations_enriched | Import de la formation : TP Concepteur développeur d'applications (SIRET: 89287485000019)
2026-06-06 07:15:03,995 | INFO | scripts.import_formations_enriched |   - Ajout du flux mensuel : (2024, 6)
2026-06-06 07:15:03,999 | INFO | scripts.import_formations_enriched |   - Ajout du code ROME : M1805
2026-06-06 07:15:04,000 | INFO | scripts.import_formations_enriched |   - Ajout du flux mensuel : (2023, 11)
2026-06-06 07:15:04,001 | INFO | scripts.import_formations_enriched |   - Ajout du flux mensuel : (2024, 4)
2026-06-06 07:15:04,003 | INFO | scripts.import_formations_enriched |   - Ajout du flux mensuel : (2024, 2)
2026-06-06 07:15:04,004 | INFO | scripts.import_formations_enriched |   - Ajout du flux mensuel : (2024, 7)
2026-06-06 07:15:04,005 | INFO | scripts.import_formations_enriched |   - Ajout du flux mensuel : (2024, 5)
2026-06-06 07:15:04,006 | INFO | scripts.import_formations_enriched |   - Ajout du flux mensuel : (2023, 12)
2026-06-06 07:15:04,008 | INFO | scripts.import_formations_enriched |   - Ajout du flux mensuel : (2024, 3)
2026-06-06 07:15:04,009 | INFO | scripts.import_formations_enriched |   - Ajout du flux mensuel : (2024, 1)
2026-06-06 07:15:04,031 | INFO | scripts.import_formations_enriched | Import de la formation : TP Concepteur développeur d'applications (SIRET: 82409268800095)
2026-06-06 07:15:04,033 | INFO | scripts.import_formations_enriched |   - Ajout du flux mensuel : (2024, 9)
2026-06-06 07:15:04,038 | INFO | scripts.import_formations_enriched |   - Ajout du code ROME : M1805
2026-06-06 07:15:04,054 | INFO | scripts.import_formations_enriched | Import de la formation : TP Concepteur développeur d'applications (SIRET: 90222643000012)
2026-06-06 07:15:04,055 | INFO | scripts.import_formations_enriched |   - Ajout du flux mensuel : (2024, 4)
2026-06-06 07:15:04,060 | INFO | scripts.import_formations_enriched |   - Ajout du code ROME : M1805
2026-06-06 07:15:04,061 | INFO | scripts.import_formations_enriched |   - Ajout du flux mensuel : (2024, 7)
2026-06-06 07:15:04,062 | INFO | scripts.import_formations_enriched |   - Ajout du flux mensuel : (2024, 8)
2026-06-06 07:15:04,081 | INFO | scripts.import_formations_enriched | Import de la formation : TP Technicien supérieur systèmes et réseaux (SIRET: 82409268800228)
2026-06-06 07:15:04,082 | INFO | scripts.import_formations_enriched |   - Ajout du flux mensuel : (2025, 7)
2026-06-06 07:15:04,087 | INFO | scripts.import_formations_enriched |   - Ajout du code ROME : I1401
2026-06-06 07:15:04,091 | INFO | scripts.import_formations_enriched |   - Ajout du code ROME : M1810
2026-06-06 07:15:04,093 | INFO | scripts.import_formations_enriched |   - Ajout du flux mensuel : (2023, 12)
2026-06-06 07:15:04,094 | INFO | scripts.import_formations_enriched |   - Ajout du flux mensuel : (2024, 9)
2026-06-06 07:15:04,095 | INFO | scripts.import_formations_enriched |   - Ajout du flux mensuel : (2025, 10)
2026-06-06 07:15:04,096 | INFO | scripts.import_formations_enriched |   - Ajout du flux mensuel : (2025, 2)
2026-06-06 07:15:04,097 | INFO | scripts.import_formations_enriched |   - Ajout du flux mensuel : (2024, 6)
2026-06-06 07:15:04,098 | INFO | scripts.import_formations_enriched |   - Ajout du flux mensuel : (2025, 1)
2026-06-06 07:15:04,120 | INFO | scripts.import_formations_enriched | Import de la formation : TP Technicien supérieur systèmes et réseaux (SIRET: 83924151000032)
2026-06-06 07:15:04,122 | INFO | scripts.import_formations_enriched |   - Ajout du flux mensuel : (2026, 1)
2026-06-06 07:15:04,127 | INFO | scripts.import_formations_enriched |   - Ajout du code ROME : I1401
2026-06-06 07:15:04,131 | INFO | scripts.import_formations_enriched |   - Ajout du code ROME : M1810
2026-06-06 07:15:04,132 | INFO | scripts.import_formations_enriched |   - Ajout du flux mensuel : (2026, 4)
2026-06-06 07:15:04,152 | INFO | scripts.import_formations_enriched | Import de la formation : TP Développeur web et web mobile (SIRET: 88768694700029)
2026-06-06 07:15:04,154 | INFO | scripts.import_formations_enriched |   - Ajout du flux mensuel : (2024, 9)
2026-06-06 07:15:04,159 | INFO | scripts.import_formations_enriched |   - Ajout du code ROME : M1805
2026-06-06 07:15:04,160 | INFO | scripts.import_formations_enriched |   - Ajout du flux mensuel : (2025, 7)
2026-06-06 07:15:04,161 | INFO | scripts.import_formations_enriched |   - Ajout du flux mensuel : (2025, 3)
2026-06-06 07:15:04,163 | INFO | scripts.import_formations_enriched |   - Ajout du flux mensuel : (2025, 4)
2026-06-06 07:15:04,164 | INFO | scripts.import_formations_enriched |   - Ajout du flux mensuel : (2024, 3)
2026-06-06 07:15:04,165 | INFO | scripts.import_formations_enriched |   - Ajout du flux mensuel : (2025, 2)
2026-06-06 07:15:04,166 | INFO | scripts.import_formations_enriched |   - Ajout du flux mensuel : (2024, 1)
2026-06-06 07:15:04,167 | INFO | scripts.import_formations_enriched |   - Ajout du flux mensuel : (2024, 2)
2026-06-06 07:15:04,168 | INFO | scripts.import_formations_enriched |   - Ajout du flux mensuel : (2025, 9)
2026-06-06 07:15:04,170 | INFO | scripts.import_formations_enriched |   - Ajout du flux mensuel : (2024, 10)
2026-06-06 07:15:04,173 | INFO | scripts.import_formations_enriched |   - Ajout du flux mensuel : (2024, 5)
2026-06-06 07:15:04,195 | INFO | scripts.import_formations_enriched | Import de la formation : LICENCE Informatique (fiche nationale) (SIRET: 13002608100013)
2026-06-06 07:15:04,197 | INFO | scripts.import_formations_enriched |   - Ajout du flux mensuel : (2025, 9)
2026-06-06 07:15:04,202 | INFO | scripts.import_formations_enriched |   - Ajout du code ROME : I1401
2026-06-06 07:15:04,206 | INFO | scripts.import_formations_enriched |   - Ajout du code ROME : M1801
2026-06-06 07:15:04,210 | INFO | scripts.import_formations_enriched |   - Ajout du code ROME : M1802
2026-06-06 07:15:04,214 | INFO | scripts.import_formations_enriched |   - Ajout du code ROME : M1805
2026-06-06 07:15:04,218 | INFO | scripts.import_formations_enriched |   - Ajout du code ROME : M1810
2026-06-06 07:15:04,239 | INFO | scripts.import_formations_enriched | Import de la formation : Chef de projet informatique (SIRET: 34270750200775)
2026-06-06 07:15:04,240 | INFO | scripts.import_formations_enriched |   - Ajout du flux mensuel : (2025, 4)
2026-06-06 07:15:04,245 | INFO | scripts.import_formations_enriched |   - Ajout du code ROME : M1801
2026-06-06 07:15:04,249 | INFO | scripts.import_formations_enriched |   - Ajout du code ROME : M1802
2026-06-06 07:15:04,254 | INFO | scripts.import_formations_enriched |   - Ajout du code ROME : M1803
2026-06-06 07:15:04,258 | INFO | scripts.import_formations_enriched |   - Ajout du code ROME : M1805
2026-06-06 07:15:04,262 | INFO | scripts.import_formations_enriched |   - Ajout du code ROME : M1806
2026-06-06 07:15:04,264 | INFO | scripts.import_formations_enriched |   - Ajout du flux mensuel : (2022, 11)
2026-06-06 07:15:04,265 | INFO | scripts.import_formations_enriched |   - Ajout du flux mensuel : (2025, 11)
2026-06-06 07:15:04,287 | INFO | scripts.import_formations_enriched | Import de la formation : Développeur Web (SIRET: 83487043800027)
2026-06-06 07:15:04,289 | INFO | scripts.import_formations_enriched |   - Ajout du flux mensuel : (2025, 11)
2026-06-06 07:15:04,294 | INFO | scripts.import_formations_enriched |   - Ajout du code ROME : M1805
2026-06-06 07:15:04,295 | INFO | scripts.import_formations_enriched |   - Ajout du flux mensuel : (2026, 3)
2026-06-06 07:15:04,297 | INFO | scripts.import_formations_enriched |   - Ajout du flux mensuel : (2025, 9)
2026-06-06 07:15:04,298 | INFO | scripts.import_formations_enriched |   - Ajout du flux mensuel : (2026, 1)
2026-06-06 07:15:04,299 | INFO | scripts.import_formations_enriched |   - Ajout du flux mensuel : (2026, 5)
2026-06-06 07:15:04,319 | INFO | scripts.import_formations_enriched | Import de la formation : TP Développeur web et web mobile (SIRET: 90074555500012)
2026-06-06 07:15:04,320 | INFO | scripts.import_formations_enriched |   - Ajout du flux mensuel : (2023, 12)
2026-06-06 07:15:04,325 | INFO | scripts.import_formations_enriched |   - Ajout du code ROME : M1805
2026-06-06 07:15:04,327 | INFO | scripts.import_formations_enriched |   - Ajout du flux mensuel : (2024, 1)
2026-06-06 07:15:04,328 | INFO | scripts.import_formations_enriched |   - Ajout du flux mensuel : (2024, 2)
2026-06-06 07:15:04,348 | INFO | scripts.import_formations_enriched | Import de la formation : LICENCE Informatique (fiche nationale) (SIRET: 43411361900119)
2026-06-06 07:15:04,350 | INFO | scripts.import_formations_enriched |   - Ajout du flux mensuel : (2025, 10)
2026-06-06 07:15:04,354 | INFO | scripts.import_formations_enriched |   - Ajout du code ROME : I1401
2026-06-06 07:15:04,358 | INFO | scripts.import_formations_enriched |   - Ajout du code ROME : M1801
2026-06-06 07:15:04,361 | INFO | scripts.import_formations_enriched |   - Ajout du code ROME : M1802
2026-06-06 07:15:04,365 | INFO | scripts.import_formations_enriched |   - Ajout du code ROME : M1805
2026-06-06 07:15:04,369 | INFO | scripts.import_formations_enriched |   - Ajout du code ROME : M1810
2026-06-06 07:15:04,371 | INFO | scripts.import_formations_enriched |   - Ajout du flux mensuel : (2026, 2)
2026-06-06 07:15:04,391 | INFO | scripts.import_formations_enriched | Import de la formation : Développeur Web (SIRET: 83923484600021)
2026-06-06 07:15:04,392 | INFO | scripts.import_formations_enriched |   - Ajout du flux mensuel : (2025, 3)
2026-06-06 07:15:04,395 | INFO | scripts.import_formations_enriched |   - Ajout du code ROME : M1805
2026-06-06 07:15:04,408 | INFO | scripts.import_formations_enriched | Import de la formation : Manager de projets en informatique et systèmes d'information (MS) (SIRET: 19690192000013)
2026-06-06 07:15:04,409 | INFO | scripts.import_formations_enriched |   - Ajout du flux mensuel : (2023, 10)
2026-06-06 07:15:04,412 | INFO | scripts.import_formations_enriched |   - Ajout du code ROME : M1801
2026-06-06 07:15:04,415 | INFO | scripts.import_formations_enriched |   - Ajout du code ROME : M1802
2026-06-06 07:15:04,418 | INFO | scripts.import_formations_enriched |   - Ajout du code ROME : M1803
2026-06-06 07:15:04,420 | INFO | scripts.import_formations_enriched |   - Ajout du code ROME : M1805
2026-06-06 07:15:04,424 | INFO | scripts.import_formations_enriched |   - Ajout du code ROME : M1806
2026-06-06 07:15:04,425 | INFO | scripts.import_formations_enriched |   - Ajout du flux mensuel : (2024, 10)
2026-06-06 07:15:04,427 | INFO | scripts.import_formations_enriched |   - Ajout du flux mensuel : (2023, 11)
2026-06-06 07:15:04,428 | INFO | scripts.import_formations_enriched |   - Ajout du flux mensuel : (2025, 10)
2026-06-06 07:15:04,443 | INFO | scripts.import_formations_enriched | Import de la formation : DEUST Webmaster et métiers de l'internet (fiche nationale) (SIRET: 19594403800205)
2026-06-06 07:15:04,444 | INFO | scripts.import_formations_enriched |   - Ajout du flux mensuel : (2025, 10)
2026-06-06 07:15:04,447 | INFO | scripts.import_formations_enriched |   - Ajout du code ROME : E1101
2026-06-06 07:15:04,450 | INFO | scripts.import_formations_enriched |   - Ajout du code ROME : E1103
2026-06-06 07:15:04,452 | INFO | scripts.import_formations_enriched |   - Ajout du code ROME : E1104
2026-06-06 07:15:04,456 | INFO | scripts.import_formations_enriched |   - Ajout du code ROME : M1801
2026-06-06 07:15:04,459 | INFO | scripts.import_formations_enriched |   - Ajout du code ROME : M1805
2026-06-06 07:15:04,460 | INFO | scripts.import_formations_enriched |   - Ajout du flux mensuel : (2024, 12)
2026-06-06 07:15:04,461 | INFO | scripts.import_formations_enriched |   - Ajout du flux mensuel : (2025, 1)
2026-06-06 07:15:04,476 | INFO | scripts.import_formations_enriched | Import de la formation : Développeur Web (SIRET: 53042719400028)
2026-06-06 07:15:04,478 | INFO | scripts.import_formations_enriched |   - Ajout du flux mensuel : (2025, 2)
2026-06-06 07:15:04,481 | INFO | scripts.import_formations_enriched |   - Ajout du code ROME : M1805
2026-06-06 07:15:04,482 | INFO | scripts.import_formations_enriched |   - Ajout du flux mensuel : (2024, 7)
2026-06-06 07:15:04,484 | INFO | scripts.import_formations_enriched |   - Ajout du flux mensuel : (2026, 5)
2026-06-06 07:15:04,484 | INFO | scripts.import_formations_enriched |   - Ajout du flux mensuel : (2025, 11)
2026-06-06 07:15:04,486 | INFO | scripts.import_formations_enriched |   - Ajout du flux mensuel : (2025, 12)
2026-06-06 07:15:04,488 | INFO | scripts.import_formations_enriched |   - Ajout du flux mensuel : (2026, 4)
2026-06-06 07:15:04,489 | INFO | scripts.import_formations_enriched |   - Ajout du flux mensuel : (2024, 11)
2026-06-06 07:15:04,490 | INFO | scripts.import_formations_enriched |   - Ajout du flux mensuel : (2025, 4)
2026-06-06 07:15:04,492 | INFO | scripts.import_formations_enriched |   - Ajout du flux mensuel : (2025, 9)
2026-06-06 07:15:04,493 | INFO | scripts.import_formations_enriched |   - Ajout du flux mensuel : (2026, 1)
2026-06-06 07:15:04,494 | INFO | scripts.import_formations_enriched |   - Ajout du flux mensuel : (2025, 8)
2026-06-06 07:15:04,496 | INFO | scripts.import_formations_enriched |   - Ajout du flux mensuel : (2025, 5)
2026-06-06 07:15:04,497 | INFO | scripts.import_formations_enriched |   - Ajout du flux mensuel : (2024, 12)
2026-06-06 07:15:04,523 | INFO | scripts.import_formations_enriched | Import de la formation : Assistant web et marketing (SIRET: 43412712200043)
2026-06-06 07:15:04,524 | INFO | scripts.import_formations_enriched |   - Ajout du flux mensuel : (2024, 9)
2026-06-06 07:15:04,529 | INFO | scripts.import_formations_enriched |   - Ajout du code ROME : E1101
2026-06-06 07:15:04,533 | INFO | scripts.import_formations_enriched |   - Ajout du code ROME : E1205
2026-06-06 07:15:04,537 | INFO | scripts.import_formations_enriched |   - Ajout du code ROME : M1705
2026-06-06 07:15:04,555 | INFO | scripts.import_formations_enriched | Import de la formation : TP Technicien informatique de proximité (SIRET: 82409268800210)
2026-06-06 07:15:04,557 | INFO | scripts.import_formations_enriched |   - Ajout du flux mensuel : (2025, 11)
2026-06-06 07:15:04,560 | INFO | scripts.import_formations_enriched |   - Ajout du code ROME : I1401
2026-06-06 07:15:04,561 | INFO | scripts.import_formations_enriched |   - Ajout du flux mensuel : (2026, 2)
2026-06-06 07:15:04,579 | INFO | scripts.import_formations_enriched | Import de la formation : Chef de projet en développement de solutions d'intelligence artificielle (SIRET: 88343992900026)
2026-06-06 07:15:04,581 | INFO | scripts.import_formations_enriched |   - Ajout du flux mensuel : (2024, 9)
2026-06-06 07:15:04,586 | INFO | scripts.import_formations_enriched |   - Ajout du code ROME : M1805
2026-06-06 07:15:04,587 | INFO | scripts.import_formations_enriched |   - Ajout du flux mensuel : (2024, 10)
2026-06-06 07:15:04,588 | INFO | scripts.import_formations_enriched |   - Ajout du flux mensuel : (2024, 3)
2026-06-06 07:15:04,589 | INFO | scripts.import_formations_enriched |   - Ajout du flux mensuel : (2024, 11)
2026-06-06 07:15:04,591 | INFO | scripts.import_formations_enriched |   - Ajout du flux mensuel : (2024, 8)
2026-06-06 07:15:04,592 | INFO | scripts.import_formations_enriched |   - Ajout du flux mensuel : (2024, 4)
2026-06-06 07:15:04,593 | INFO | scripts.import_formations_enriched |   - Ajout du flux mensuel : (2025, 2)
2026-06-06 07:15:04,594 | INFO | scripts.import_formations_enriched |   - Ajout du flux mensuel : (2024, 6)
2026-06-06 07:15:04,595 | INFO | scripts.import_formations_enriched |   - Ajout du flux mensuel : (2024, 5)
2026-06-06 07:15:04,596 | INFO | scripts.import_formations_enriched |   - Ajout du flux mensuel : (2025, 4)
2026-06-06 07:15:04,597 | INFO | scripts.import_formations_enriched |   - Ajout du flux mensuel : (2026, 1)
2026-06-06 07:15:04,598 | INFO | scripts.import_formations_enriched |   - Ajout du flux mensuel : (2025, 6)
2026-06-06 07:15:04,600 | INFO | scripts.import_formations_enriched |   - Ajout du flux mensuel : (2024, 7)
2026-06-06 07:15:04,601 | INFO | scripts.import_formations_enriched |   - Ajout du flux mensuel : (2024, 12)
2026-06-06 07:15:04,626 | INFO | scripts.import_formations_enriched | Import de la formation : TP Technicien supérieur systèmes et réseaux (SIRET: 39336786700024)
2026-06-06 07:15:04,627 | INFO | scripts.import_formations_enriched |   - Ajout du flux mensuel : (2024, 3)
2026-06-06 07:15:04,631 | INFO | scripts.import_formations_enriched |   - Ajout du code ROME : I1401
2026-06-06 07:15:04,636 | INFO | scripts.import_formations_enriched |   - Ajout du code ROME : M1810
2026-06-06 07:15:04,637 | INFO | scripts.import_formations_enriched |   - Ajout du flux mensuel : (2023, 10)
2026-06-06 07:15:04,638 | INFO | scripts.import_formations_enriched |   - Ajout du flux mensuel : (2025, 6)
2026-06-06 07:15:04,639 | INFO | scripts.import_formations_enriched |   - Ajout du flux mensuel : (2024, 10)
2026-06-06 07:15:04,640 | INFO | scripts.import_formations_enriched |   - Ajout du flux mensuel : (2024, 11)
2026-06-06 07:15:04,641 | INFO | scripts.import_formations_enriched |   - Ajout du flux mensuel : (2025, 1)
2026-06-06 07:15:04,643 | INFO | scripts.import_formations_enriched |   - Ajout du flux mensuel : (2023, 11)
2026-06-06 07:15:04,665 | INFO | scripts.import_formations_enriched | Import de la formation : TP Installateur de réseaux de télécommunications en fibre optique (SIRET: 89113904000028)
2026-06-06 07:15:04,666 | INFO | scripts.import_formations_enriched |   - Ajout du flux mensuel : (2026, 3)
2026-06-06 07:15:04,671 | INFO | scripts.import_formations_enriched |   - Ajout du code ROME : F1605
2026-06-06 07:15:04,672 | INFO | scripts.import_formations_enriched |   - Ajout du flux mensuel : (2025, 3)
2026-06-06 07:15:04,673 | INFO | scripts.import_formations_enriched |   - Ajout du flux mensuel : (2025, 10)
2026-06-06 07:15:04,693 | INFO | scripts.import_formations_enriched | Import de la formation : TP Développeur web et web mobile (SIRET: 90824967500012)
2026-06-06 07:15:04,695 | INFO | scripts.import_formations_enriched |   - Ajout du flux mensuel : (2024, 1)
2026-06-06 07:15:04,700 | INFO | scripts.import_formations_enriched |   - Ajout du code ROME : M1805
2026-06-06 07:15:04,701 | INFO | scripts.import_formations_enriched |   - Ajout du flux mensuel : (2023, 12)
2026-06-06 07:15:04,703 | INFO | scripts.import_formations_enriched |   - Ajout du flux mensuel : (2024, 2)
2026-06-06 07:15:04,704 | INFO | scripts.import_formations_enriched |   - Ajout du flux mensuel : (2023, 11)
2026-06-06 07:15:04,723 | INFO | scripts.import_formations_enriched | Import de la formation : TP Concepteur développeur d'applications (SIRET: 88137643800019)
2026-06-06 07:15:04,725 | INFO | scripts.import_formations_enriched |   - Ajout du flux mensuel : (2024, 7)
2026-06-06 07:15:04,729 | INFO | scripts.import_formations_enriched |   - Ajout du code ROME : M1805
2026-06-06 07:15:04,730 | INFO | scripts.import_formations_enriched |   - Ajout du flux mensuel : (2024, 9)
2026-06-06 07:15:04,731 | INFO | scripts.import_formations_enriched |   - Ajout du flux mensuel : (2024, 10)
2026-06-06 07:15:04,750 | INFO | scripts.import_formations_enriched | Import de la formation : TP Concepteur développeur d'applications (SIRET: 39014842700094)
2026-06-06 07:15:04,751 | INFO | scripts.import_formations_enriched |   - Ajout du flux mensuel : (2025, 9)
2026-06-06 07:15:04,756 | INFO | scripts.import_formations_enriched |   - Ajout du code ROME : M1805
2026-06-06 07:15:04,757 | INFO | scripts.import_formations_enriched |   - Ajout du flux mensuel : (2025, 5)
2026-06-06 07:15:04,758 | INFO | scripts.import_formations_enriched |   - Ajout du flux mensuel : (2025, 4)
2026-06-06 07:15:04,777 | INFO | scripts.import_formations_enriched | Import de la formation : TP Technicien informatique de proximité (SIRET: 82047291800011)
2026-06-06 07:15:04,779 | INFO | scripts.import_formations_enriched |   - Ajout du flux mensuel : (2026, 4)
2026-06-06 07:15:04,783 | INFO | scripts.import_formations_enriched |   - Ajout du code ROME : I1401
2026-06-06 07:15:04,785 | INFO | scripts.import_formations_enriched |   - Ajout du flux mensuel : (2026, 1)
2026-06-06 07:15:04,801 | INFO | scripts.import_formations_enriched | Import de la formation : Concepteur intégrateur d'infrastructures informatiques (systèmes et réseaux, applicatives, ou de sécurité) (SIRET: 82434427900149)
2026-06-06 07:15:04,810 | INFO | scripts.import_formations_enriched |   - Ajout du flux mensuel : (2026, 2)
2026-06-06 07:15:04,824 | INFO | scripts.import_formations_enriched |   - Ajout du code ROME : M1801
2026-06-06 07:15:04,827 | INFO | scripts.import_formations_enriched |   - Ajout du code ROME : M1805
2026-06-06 07:15:04,829 | INFO | scripts.import_formations_enriched |   - Ajout du flux mensuel : (2025, 10)
2026-06-06 07:15:04,847 | INFO | scripts.import_formations_enriched | Import de la formation : Chef de projet informatique (SIRET: 34270750200692)
2026-06-06 07:15:04,848 | INFO | scripts.import_formations_enriched |   - Ajout du flux mensuel : (2023, 7)
2026-06-06 07:15:04,852 | INFO | scripts.import_formations_enriched |   - Ajout du code ROME : M1801
2026-06-06 07:15:04,860 | INFO | scripts.import_formations_enriched |   - Ajout du code ROME : M1802
2026-06-06 07:15:04,865 | INFO | scripts.import_formations_enriched |   - Ajout du code ROME : M1803
2026-06-06 07:15:04,869 | INFO | scripts.import_formations_enriched |   - Ajout du code ROME : M1805
2026-06-06 07:15:04,875 | INFO | scripts.import_formations_enriched |   - Ajout du code ROME : M1806
2026-06-06 07:15:04,877 | INFO | scripts.import_formations_enriched |   - Ajout du flux mensuel : (2026, 3)
2026-06-06 07:15:04,895 | INFO | scripts.import_formations_enriched | Import de la formation : TP Administrateur système DevOps (SIRET: 81501410500010)
2026-06-06 07:15:04,899 | INFO | scripts.import_formations_enriched |   - Ajout du flux mensuel : (2022, 7)
2026-06-06 07:15:04,904 | INFO | scripts.import_formations_enriched |   - Ajout du code ROME : M1801
2026-06-06 07:15:04,910 | INFO | scripts.import_formations_enriched |   - Ajout du code ROME : M1802
2026-06-06 07:15:04,911 | INFO | scripts.import_formations_enriched |   - Ajout du flux mensuel : (2023, 2)
2026-06-06 07:15:04,913 | INFO | scripts.import_formations_enriched |   - Ajout du flux mensuel : (2022, 11)
2026-06-06 07:15:04,914 | INFO | scripts.import_formations_enriched |   - Ajout du flux mensuel : (2023, 1)
2026-06-06 07:15:04,916 | INFO | scripts.import_formations_enriched |   - Ajout du flux mensuel : (2022, 8)
2026-06-06 07:15:04,917 | INFO | scripts.import_formations_enriched |   - Ajout du flux mensuel : (2023, 5)
2026-06-06 07:15:04,919 | INFO | scripts.import_formations_enriched |   - Ajout du flux mensuel : (2022, 6)
2026-06-06 07:15:04,922 | INFO | scripts.import_formations_enriched |   - Ajout du flux mensuel : (2023, 6)
2026-06-06 07:15:04,925 | INFO | scripts.import_formations_enriched |   - Ajout du flux mensuel : (2023, 7)
2026-06-06 07:15:04,949 | INFO | scripts.import_formations_enriched | Import de la formation : Administrateur systèmes, réseaux et cybersécurité (SIRET: 49386136300080)
2026-06-06 07:15:04,956 | INFO | scripts.import_formations_enriched |   - Ajout du flux mensuel : (2025, 9)
2026-06-06 07:15:04,964 | INFO | scripts.import_formations_enriched |   - Ajout du code ROME : M1801
2026-06-06 07:15:04,967 | INFO | scripts.import_formations_enriched |   - Ajout du flux mensuel : (2025, 5)
2026-06-06 07:15:04,968 | INFO | scripts.import_formations_enriched |   - Ajout du flux mensuel : (2025, 7)
2026-06-06 07:15:04,974 | INFO | scripts.import_formations_enriched |   - Ajout du flux mensuel : (2025, 8)
2026-06-06 07:15:04,976 | INFO | scripts.import_formations_enriched |   - Ajout du flux mensuel : (2025, 12)
2026-06-06 07:15:04,978 | INFO | scripts.import_formations_enriched |   - Ajout du flux mensuel : (2025, 6)
2026-06-06 07:15:04,980 | INFO | scripts.import_formations_enriched |   - Ajout du flux mensuel : (2025, 11)
2026-06-06 07:15:04,982 | INFO | scripts.import_formations_enriched |   - Ajout du flux mensuel : (2026, 2)
2026-06-06 07:15:04,984 | INFO | scripts.import_formations_enriched |   - Ajout du flux mensuel : (2025, 10)
2026-06-06 07:15:04,986 | INFO | scripts.import_formations_enriched |   - Ajout du flux mensuel : (2026, 1)
2026-06-06 07:15:05,007 | INFO | scripts.import_formations_enriched | Import de la formation : TP Développeur web et web mobile (SIRET: 89847054700016)
2026-06-06 07:15:05,008 | INFO | scripts.import_formations_enriched |   - Ajout du flux mensuel : (2026, 1)
2026-06-06 07:15:05,017 | INFO | scripts.import_formations_enriched |   - Ajout du code ROME : M1805
2026-06-06 07:15:05,018 | INFO | scripts.import_formations_enriched |   - Ajout du flux mensuel : (2026, 5)
2026-06-06 07:15:05,043 | INFO | scripts.import_formations_enriched | Import de la formation : TP Développeur web et web mobile (SIRET: 91211653000011)
2026-06-06 07:15:05,048 | INFO | scripts.import_formations_enriched |   - Ajout du flux mensuel : (2024, 1)
2026-06-06 07:15:05,053 | INFO | scripts.import_formations_enriched |   - Ajout du code ROME : M1805
2026-06-06 07:15:05,055 | INFO | scripts.import_formations_enriched |   - Ajout du flux mensuel : (2023, 12)
2026-06-06 07:15:05,078 | INFO | scripts.import_formations_enriched | Import de la formation : TP Développeur web et web mobile (SIRET: 50218786700010)
2026-06-06 07:15:05,079 | INFO | scripts.import_formations_enriched |   - Ajout du flux mensuel : (2024, 4)
2026-06-06 07:15:05,084 | INFO | scripts.import_formations_enriched |   - Ajout du code ROME : M1805
2026-06-06 07:15:05,089 | INFO | scripts.import_formations_enriched |   - Ajout du flux mensuel : (2024, 1)
2026-06-06 07:15:05,090 | INFO | scripts.import_formations_enriched |   - Ajout du flux mensuel : (2024, 10)
2026-06-06 07:15:05,092 | INFO | scripts.import_formations_enriched |   - Ajout du flux mensuel : (2024, 3)
2026-06-06 07:15:05,093 | INFO | scripts.import_formations_enriched |   - Ajout du flux mensuel : (2023, 12)
2026-06-06 07:15:05,095 | INFO | scripts.import_formations_enriched |   - Ajout du flux mensuel : (2024, 2)
2026-06-06 07:15:05,116 | INFO | scripts.import_formations_enriched | Import de la formation : TP Technicien d'intervention de réseaux de télécommunications en fibre optique (SIRET: 89113904000028)
2026-06-06 07:15:05,118 | INFO | scripts.import_formations_enriched |   - Ajout du flux mensuel : (2023, 11)
2026-06-06 07:15:05,126 | INFO | scripts.import_formations_enriched |   - Ajout du code ROME : I1307
2026-06-06 07:15:05,128 | INFO | scripts.import_formations_enriched |   - Ajout du flux mensuel : (2025, 12)
2026-06-06 07:15:05,151 | INFO | scripts.import_formations_enriched | Import de la formation : TP Technicien supérieur systèmes et réseaux (SIRET: 81786764100042)
2026-06-06 07:15:05,166 | INFO | scripts.import_formations_enriched |   - Ajout du flux mensuel : (2024, 1)
2026-06-06 07:15:05,182 | INFO | scripts.import_formations_enriched |   - Ajout du code ROME : I1401
2026-06-06 07:15:05,187 | INFO | scripts.import_formations_enriched |   - Ajout du code ROME : M1810
2026-06-06 07:15:05,188 | INFO | scripts.import_formations_enriched |   - Ajout du flux mensuel : (2023, 10)
2026-06-06 07:15:05,190 | INFO | scripts.import_formations_enriched |   - Ajout du flux mensuel : (2023, 11)
2026-06-06 07:15:05,215 | INFO | scripts.import_formations_enriched | Import de la formation : DEUST Informatique d'organisation et systèmes d'information (fiche nationale) (SIRET: 49189213900016)
2026-06-06 07:15:05,217 | INFO | scripts.import_formations_enriched |   - Ajout du flux mensuel : (2023, 11)
2026-06-06 07:15:05,228 | INFO | scripts.import_formations_enriched |   - Ajout du code ROME : M1805
2026-06-06 07:15:05,237 | INFO | scripts.import_formations_enriched |   - Ajout du code ROME : M1810
2026-06-06 07:15:05,248 | INFO | scripts.import_formations_enriched |   - Ajout du flux mensuel : (2023, 10)
2026-06-06 07:15:05,250 | INFO | scripts.import_formations_enriched |   - Ajout du flux mensuel : (2024, 11)
2026-06-06 07:15:05,284 | INFO | scripts.import_formations_enriched | Import de la formation : TP Concepteur développeur d'applications (SIRET: 83186635500017)
2026-06-06 07:15:05,289 | INFO | scripts.import_formations_enriched |   - Ajout du flux mensuel : (2026, 2)
2026-06-06 07:15:05,301 | INFO | scripts.import_formations_enriched |   - Ajout du code ROME : M1805
2026-06-06 07:15:05,325 | INFO | scripts.import_formations_enriched | Import de la formation : BUT Informatique : Réalisation d'applications : conception, développement, validation (SIRET: 13002806100013)
2026-06-06 07:15:05,344 | INFO | scripts.import_formations_enriched |   - Ajout du flux mensuel : (2025, 9)
2026-06-06 07:15:05,352 | INFO | scripts.import_formations_enriched |   - Ajout du code ROME : M1802
2026-06-06 07:15:05,366 | INFO | scripts.import_formations_enriched |   - Ajout du code ROME : M1805
2026-06-06 07:15:05,393 | INFO | scripts.import_formations_enriched | Import de la formation : Responsable de projet webmarketing et communication digitale (SIRET: 44321186700025)
2026-06-06 07:15:05,396 | INFO | scripts.import_formations_enriched |   - Ajout du flux mensuel : (2025, 7)
2026-06-06 07:15:05,402 | INFO | scripts.import_formations_enriched |   - Ajout du code ROME : E1103
2026-06-06 07:15:05,417 | INFO | scripts.import_formations_enriched |   - Ajout du code ROME : E1402
2026-06-06 07:15:05,437 | INFO | scripts.import_formations_enriched |   - Ajout du code ROME : M1705
2026-06-06 07:15:05,452 | INFO | scripts.import_formations_enriched |   - Ajout du flux mensuel : (2025, 5)
2026-06-06 07:15:05,463 | INFO | scripts.import_formations_enriched |   - Ajout du flux mensuel : (2025, 6)
2026-06-06 07:15:05,492 | INFO | scripts.import_formations_enriched | Import de la formation : BUT Génie Électrique et Informatique Industrielle : Automatisme et Informatique Industrielle (SIRET: 13002566100013)
2026-06-06 07:15:05,498 | INFO | scripts.import_formations_enriched |   - Ajout du flux mensuel : (2022, 9)
2026-06-06 07:15:05,507 | INFO | scripts.import_formations_enriched |   - Ajout du code ROME : H1208
2026-06-06 07:15:05,518 | INFO | scripts.import_formations_enriched |   - Ajout du code ROME : H1209
2026-06-06 07:15:05,534 | INFO | scripts.import_formations_enriched |   - Ajout du code ROME : H1504
2026-06-06 07:15:05,547 | INFO | scripts.import_formations_enriched |   - Ajout du code ROME : I1302
2026-06-06 07:15:05,555 | INFO | scripts.import_formations_enriched |   - Ajout du code ROME : M1805
2026-06-06 07:15:05,590 | INFO | scripts.import_formations_enriched | Import de la formation : TP Administrateur système DevOps (SIRET: 85227823300022)
2026-06-06 07:15:05,619 | INFO | scripts.import_formations_enriched |   - Ajout du flux mensuel : (2023, 5)
2026-06-06 07:15:05,646 | INFO | scripts.import_formations_enriched |   - Ajout du code ROME : M1801
2026-06-06 07:15:05,720 | INFO | scripts.import_formations_enriched |   - Ajout du code ROME : M1802
2026-06-06 07:15:05,722 | INFO | scripts.import_formations_enriched |   - Ajout du flux mensuel : (2023, 11)
2026-06-06 07:15:05,763 | INFO | scripts.import_formations_enriched |   - Ajout du flux mensuel : (2023, 4)
2026-06-06 07:15:05,797 | INFO | scripts.import_formations_enriched | Import de la formation : TP Développeur web et web mobile (SIRET: 84184281800038)
2026-06-06 07:15:05,814 | INFO | scripts.import_formations_enriched |   - Ajout du flux mensuel : (2026, 4)
2026-06-06 07:15:05,823 | INFO | scripts.import_formations_enriched |   - Ajout du code ROME : M1805
2026-06-06 07:15:05,836 | INFO | scripts.import_formations_enriched |   - Ajout du flux mensuel : (2026, 3)
2026-06-06 07:15:05,872 | INFO | scripts.import_formations_enriched | Import de la formation : Titre ingénieur Ingénieur diplômé de l'Institut Supérieur de l'Electronique et du Numérique, spécialité électronique et informatique industrielle (SIRET: 78291196000055)
2026-06-06 07:15:05,880 | INFO | scripts.import_formations_enriched |   - Ajout du flux mensuel : (2024, 4)
2026-06-06 07:15:05,894 | INFO | scripts.import_formations_enriched |   - Ajout du code ROME : H1206
2026-06-06 07:15:05,907 | INFO | scripts.import_formations_enriched |   - Ajout du code ROME : H1402
2026-06-06 07:15:05,917 | INFO | scripts.import_formations_enriched |   - Ajout du code ROME : H2501
2026-06-06 07:15:05,930 | INFO | scripts.import_formations_enriched |   - Ajout du code ROME : H2502
2026-06-06 07:15:05,939 | INFO | scripts.import_formations_enriched |   - Ajout du code ROME : M1802
2026-06-06 07:15:05,969 | INFO | scripts.import_formations_enriched | Import de la formation : Licence Professionnelle Activités juridiques : mandataire judiciaire à la protection des majeurs (fiche nationale) (SIRET: 13002979600013)
2026-06-06 07:15:05,977 | INFO | scripts.import_formations_enriched |   - Ajout du flux mensuel : (2025, 10)
2026-06-06 07:15:05,984 | INFO | scripts.import_formations_enriched |   - Ajout du code ROME : K1102
2026-06-06 07:15:05,991 | INFO | scripts.import_formations_enriched |   - Ajout du flux mensuel : (2025, 9)
2026-06-06 07:15:06,020 | INFO | scripts.import_formations_enriched | Import de la formation : TP Développeur web et web mobile (SIRET: 90817892400019)
2026-06-06 07:15:06,023 | INFO | scripts.import_formations_enriched |   - Ajout du flux mensuel : (2024, 2)
2026-06-06 07:15:06,029 | INFO | scripts.import_formations_enriched |   - Ajout du code ROME : M1805
2026-06-06 07:15:06,042 | INFO | scripts.import_formations_enriched | Import de la formation : Journaliste web (SIRET: 52037450500045)
2026-06-06 07:15:06,043 | INFO | scripts.import_formations_enriched |   - Ajout du flux mensuel : (2025, 10)
2026-06-06 07:15:06,045 | INFO | scripts.import_formations_enriched |   - Ajout du code ROME : E1104
2026-06-06 07:15:06,047 | INFO | scripts.import_formations_enriched |   - Ajout du code ROME : E1106
2026-06-06 07:15:06,056 | INFO | scripts.import_formations_enriched |   - Ajout du code ROME : E1205
2026-06-06 07:15:06,061 | INFO | scripts.import_formations_enriched |   - Ajout du code ROME : L1103
2026-06-06 07:15:06,075 | INFO | scripts.import_formations_enriched | Import de la formation : Concepteur développeur d'applications web (SIRET: 79494991700080)
2026-06-06 07:15:06,076 | INFO | scripts.import_formations_enriched |   - Ajout du flux mensuel : (2025, 7)
2026-06-06 07:15:06,079 | INFO | scripts.import_formations_enriched |   - Ajout du code ROME : E1205
2026-06-06 07:15:06,081 | INFO | scripts.import_formations_enriched |   - Ajout du code ROME : M1803
2026-06-06 07:15:06,084 | INFO | scripts.import_formations_enriched |   - Ajout du code ROME : M1805
2026-06-06 07:15:06,085 | INFO | scripts.import_formations_enriched |   - Ajout du flux mensuel : (2026, 4)
2026-06-06 07:15:06,087 | INFO | scripts.import_formations_enriched |   - Ajout du flux mensuel : (2024, 10)
2026-06-06 07:15:06,087 | INFO | scripts.import_formations_enriched |   - Ajout du flux mensuel : (2025, 10)
2026-06-06 07:15:06,088 | INFO | scripts.import_formations_enriched |   - Ajout du flux mensuel : (2025, 1)
2026-06-06 07:15:06,089 | INFO | scripts.import_formations_enriched |   - Ajout du flux mensuel : (2025, 4)
2026-06-06 07:15:06,108 | INFO | scripts.import_formations_enriched | Import de la formation : TP Technicien supérieur systèmes et réseaux (SIRET: 83924151000024)
2026-06-06 07:15:06,109 | INFO | scripts.import_formations_enriched |   - Ajout du flux mensuel : (2025, 4)
2026-06-06 07:15:06,113 | INFO | scripts.import_formations_enriched |   - Ajout du code ROME : I1401
2026-06-06 07:15:06,116 | INFO | scripts.import_formations_enriched |   - Ajout du code ROME : M1810
2026-06-06 07:15:06,117 | INFO | scripts.import_formations_enriched |   - Ajout du flux mensuel : (2024, 4)
2026-06-06 07:15:06,118 | INFO | scripts.import_formations_enriched |   - Ajout du flux mensuel : (2024, 9)
2026-06-06 07:15:06,120 | INFO | scripts.import_formations_enriched |   - Ajout du flux mensuel : (2025, 9)
2026-06-06 07:15:06,121 | INFO | scripts.import_formations_enriched |   - Ajout du flux mensuel : (2025, 1)
2026-06-06 07:15:06,121 | INFO | scripts.import_formations_enriched |   - Ajout du flux mensuel : (2025, 7)
2026-06-06 07:15:06,121 | INFO | scripts.import_formations_enriched |   - Ajout du flux mensuel : (2024, 1)
2026-06-06 07:15:06,137 | INFO | scripts.import_formations_enriched | Import de la formation : Titre ingénieur Ingénieur diplômé du CESI, spécialité informatique (SIRET: 77572257200846)
2026-06-06 07:15:06,138 | INFO | scripts.import_formations_enriched |   - Ajout du flux mensuel : (2026, 4)
2026-06-06 07:15:06,141 | INFO | scripts.import_formations_enriched |   - Ajout du code ROME : M1802
2026-06-06 07:15:06,144 | INFO | scripts.import_formations_enriched |   - Ajout du code ROME : M1803
2026-06-06 07:15:06,146 | INFO | scripts.import_formations_enriched |   - Ajout du code ROME : M1804
2026-06-06 07:15:06,149 | INFO | scripts.import_formations_enriched |   - Ajout du code ROME : M1805
2026-06-06 07:15:06,152 | INFO | scripts.import_formations_enriched |   - Ajout du code ROME : M1806
2026-06-06 07:15:06,153 | INFO | scripts.import_formations_enriched |   - Ajout du flux mensuel : (2026, 5)
2026-06-06 07:15:06,170 | INFO | scripts.import_formations_enriched | Import de la formation : TP Développeur web et web mobile (SIRET: 81380459800015)
2026-06-06 07:15:06,172 | INFO | scripts.import_formations_enriched |   - Ajout du flux mensuel : (2026, 4)
2026-06-06 07:15:06,175 | INFO | scripts.import_formations_enriched |   - Ajout du code ROME : M1805
2026-06-06 07:15:06,187 | INFO | scripts.import_formations_enriched | Import de la formation : Concepteur développeur web full stack (SIRET: 39770462800015)
2026-06-06 07:15:06,188 | INFO | scripts.import_formations_enriched |   - Ajout du flux mensuel : (2025, 12)
2026-06-06 07:15:06,192 | INFO | scripts.import_formations_enriched |   - Ajout du code ROME : M1805
2026-06-06 07:15:06,196 | INFO | scripts.import_formations_enriched |   - Ajout du code ROME : M1806
2026-06-06 07:15:06,209 | INFO | scripts.import_formations_enriched | Import de la formation : Directeur de projets informatiques (SIRET: 44276468400027)
2026-06-06 07:15:06,209 | INFO | scripts.import_formations_enriched |   - Ajout du flux mensuel : (2026, 1)
2026-06-06 07:15:06,212 | INFO | scripts.import_formations_enriched |   - Ajout du code ROME : M1803
2026-06-06 07:15:06,214 | INFO | scripts.import_formations_enriched |   - Ajout du code ROME : M1806
2026-06-06 07:15:06,225 | INFO | scripts.import_formations_enriched | Import de la formation : TP Développeur web et web mobile (SIRET: 90320610000021)
2026-06-06 07:15:06,226 | INFO | scripts.import_formations_enriched |   - Ajout du flux mensuel : (2023, 10)
2026-06-06 07:15:06,229 | INFO | scripts.import_formations_enriched |   - Ajout du code ROME : M1805
2026-06-06 07:15:06,229 | INFO | scripts.import_formations_enriched |   - Ajout du flux mensuel : (2024, 5)
2026-06-06 07:15:06,230 | INFO | scripts.import_formations_enriched |   - Ajout du flux mensuel : (2024, 3)
2026-06-06 07:15:06,241 | INFO | scripts.import_formations_enriched | Import de la formation : TP Administrateur système DevOps (SIRET: 39336786700214)
2026-06-06 07:15:06,241 | INFO | scripts.import_formations_enriched |   - Ajout du flux mensuel : (2026, 4)
2026-06-06 07:15:06,244 | INFO | scripts.import_formations_enriched |   - Ajout du code ROME : M1801
2026-06-06 07:15:06,246 | INFO | scripts.import_formations_enriched |   - Ajout du code ROME : M1802
2026-06-06 07:15:06,247 | INFO | scripts.import_formations_enriched |   - Ajout du flux mensuel : (2025, 10)
2026-06-06 07:15:06,259 | INFO | scripts.import_formations_enriched | Import de la formation : TP Développeur web et web mobile (SIRET: 84497126700019)
2026-06-06 07:15:06,261 | INFO | scripts.import_formations_enriched |   - Ajout du flux mensuel : (2023, 11)
2026-06-06 07:15:06,263 | INFO | scripts.import_formations_enriched |   - Ajout du code ROME : M1805
2026-06-06 07:15:06,265 | INFO | scripts.import_formations_enriched |   - Ajout du flux mensuel : (2023, 10)
2026-06-06 07:15:06,277 | INFO | scripts.import_formations_enriched | Import de la formation : LICENCE Informatique (fiche nationale) (SIRET: 43964416200034)
2026-06-06 07:15:06,278 | INFO | scripts.import_formations_enriched |   - Ajout du flux mensuel : (2025, 10)
2026-06-06 07:15:06,280 | INFO | scripts.import_formations_enriched |   - Ajout du code ROME : I1401
2026-06-06 07:15:06,282 | INFO | scripts.import_formations_enriched |   - Ajout du code ROME : M1801
2026-06-06 07:15:06,285 | INFO | scripts.import_formations_enriched |   - Ajout du code ROME : M1802
2026-06-06 07:15:06,289 | INFO | scripts.import_formations_enriched |   - Ajout du code ROME : M1805
2026-06-06 07:15:06,291 | INFO | scripts.import_formations_enriched |   - Ajout du code ROME : M1810
2026-06-06 07:15:06,292 | INFO | scripts.import_formations_enriched |   - Ajout du flux mensuel : (2025, 11)
2026-06-06 07:15:06,306 | INFO | scripts.import_formations_enriched | Import de la formation : Assistant web et marketing (SIRET: 33017866600088)
2026-06-06 07:15:06,307 | INFO | scripts.import_formations_enriched |   - Ajout du flux mensuel : (2026, 2)
2026-06-06 07:15:06,312 | INFO | scripts.import_formations_enriched |   - Ajout du code ROME : E1101
2026-06-06 07:15:06,316 | INFO | scripts.import_formations_enriched |   - Ajout du code ROME : E1205
2026-06-06 07:15:06,320 | INFO | scripts.import_formations_enriched |   - Ajout du code ROME : M1705
2026-06-06 07:15:06,321 | INFO | scripts.import_formations_enriched |   - Ajout du flux mensuel : (2026, 1)
2026-06-06 07:15:06,322 | INFO | scripts.import_formations_enriched |   - Ajout du flux mensuel : (2025, 11)
2026-06-06 07:15:06,341 | INFO | scripts.import_formations_enriched | Import de la formation : TP Administrateur système DevOps (SIRET: 45125756200111)
2026-06-06 07:15:06,343 | INFO | scripts.import_formations_enriched |   - Ajout du flux mensuel : (2026, 4)
2026-06-06 07:15:06,347 | INFO | scripts.import_formations_enriched |   - Ajout du code ROME : M1801
2026-06-06 07:15:06,351 | INFO | scripts.import_formations_enriched |   - Ajout du code ROME : M1802
2026-06-06 07:15:06,352 | INFO | scripts.import_formations_enriched |   - Ajout du flux mensuel : (2026, 3)
2026-06-06 07:15:06,353 | INFO | scripts.import_formations_enriched |   - Ajout du flux mensuel : (2026, 5)
2026-06-06 07:15:06,354 | INFO | scripts.import_formations_enriched |   - Ajout du flux mensuel : (2026, 1)
2026-06-06 07:15:06,374 | INFO | scripts.import_formations_enriched | Import de la formation : TP Développeur web et web mobile (SIRET: 82409268800095)
2026-06-06 07:15:06,375 | INFO | scripts.import_formations_enriched |   - Ajout du flux mensuel : (2024, 7)
2026-06-06 07:15:06,379 | INFO | scripts.import_formations_enriched |   - Ajout du code ROME : M1805
2026-06-06 07:15:06,380 | INFO | scripts.import_formations_enriched |   - Ajout du flux mensuel : (2025, 4)
2026-06-06 07:15:06,400 | INFO | scripts.import_formations_enriched | Import de la formation : Expert en informatique et systèmes d'information (SIRET: 81824197800050)
2026-06-06 07:15:06,401 | INFO | scripts.import_formations_enriched |   - Ajout du flux mensuel : (2026, 1)
2026-06-06 07:15:06,406 | INFO | scripts.import_formations_enriched |   - Ajout du code ROME : M1802
2026-06-06 07:15:06,411 | INFO | scripts.import_formations_enriched |   - Ajout du code ROME : M1805
2026-06-06 07:15:06,415 | INFO | scripts.import_formations_enriched |   - Ajout du code ROME : M1806
2026-06-06 07:15:06,416 | INFO | scripts.import_formations_enriched |   - Ajout du flux mensuel : (2025, 6)
2026-06-06 07:15:06,417 | INFO | scripts.import_formations_enriched |   - Ajout du flux mensuel : (2025, 7)
2026-06-06 07:15:06,438 | INFO | scripts.import_formations_enriched | Import de la formation : TP Développeur web et web mobile (SIRET: 79937020000039)
2026-06-06 07:15:06,440 | INFO | scripts.import_formations_enriched |   - Ajout du flux mensuel : (2026, 1)
2026-06-06 07:15:06,452 | INFO | scripts.import_formations_enriched |   - Ajout du code ROME : M1805
2026-06-06 07:15:06,471 | INFO | scripts.import_formations_enriched | Import de la formation : Développeur Web (SIRET: 83944819800029)
2026-06-06 07:15:06,472 | INFO | scripts.import_formations_enriched |   - Ajout du flux mensuel : (2025, 1)
2026-06-06 07:15:06,477 | INFO | scripts.import_formations_enriched |   - Ajout du code ROME : M1805
2026-06-06 07:15:06,478 | INFO | scripts.import_formations_enriched |   - Ajout du flux mensuel : (2025, 3)
2026-06-06 07:15:06,479 | INFO | scripts.import_formations_enriched |   - Ajout du flux mensuel : (2025, 2)
2026-06-06 07:15:06,498 | INFO | scripts.import_formations_enriched | Import de la formation : TP Développeur web et web mobile (SIRET: 89021350700019)
2026-06-06 07:15:06,499 | INFO | scripts.import_formations_enriched |   - Ajout du flux mensuel : (2025, 4)
2026-06-06 07:15:06,504 | INFO | scripts.import_formations_enriched |   - Ajout du code ROME : M1805
2026-06-06 07:15:06,505 | INFO | scripts.import_formations_enriched |   - Ajout du flux mensuel : (2024, 12)
2026-06-06 07:15:06,506 | INFO | scripts.import_formations_enriched |   - Ajout du flux mensuel : (2025, 2)
2026-06-06 07:15:06,526 | INFO | scripts.import_formations_enriched | Import de la formation : TP Concepteur développeur d'applications (SIRET: 48051919800026)
2026-06-06 07:15:06,527 | INFO | scripts.import_formations_enriched |   - Ajout du flux mensuel : (2024, 11)
2026-06-06 07:15:06,532 | INFO | scripts.import_formations_enriched |   - Ajout du code ROME : M1805
2026-06-06 07:15:06,549 | INFO | scripts.import_formations_enriched | Import de la formation : TP Développeur web et web mobile (SIRET: 82409268800210)
2026-06-06 07:15:06,550 | INFO | scripts.import_formations_enriched |   - Ajout du flux mensuel : (2023, 11)
2026-06-06 07:15:06,554 | INFO | scripts.import_formations_enriched |   - Ajout du code ROME : M1805
2026-06-06 07:15:06,571 | INFO | scripts.import_formations_enriched | Import de la formation : Manager en infrastructures et cybersécurité des systèmes d'information (SIRET: 34270750200759)
2026-06-06 07:15:06,573 | INFO | scripts.import_formations_enriched |   - Ajout du flux mensuel : (2025, 3)
2026-06-06 07:15:06,577 | INFO | scripts.import_formations_enriched |   - Ajout du code ROME : M1801
2026-06-06 07:15:06,581 | INFO | scripts.import_formations_enriched |   - Ajout du code ROME : M1802
2026-06-06 07:15:06,585 | INFO | scripts.import_formations_enriched |   - Ajout du code ROME : M1803
2026-06-06 07:15:06,590 | INFO | scripts.import_formations_enriched |   - Ajout du code ROME : M1804
2026-06-06 07:15:06,593 | INFO | scripts.import_formations_enriched |   - Ajout du code ROME : M1810
2026-06-06 07:15:06,613 | INFO | scripts.import_formations_enriched | Import de la formation : TP Développeur web et web mobile (SIRET: 90313054000011)
2026-06-06 07:15:06,614 | INFO | scripts.import_formations_enriched |   - Ajout du flux mensuel : (2023, 11)
2026-06-06 07:15:06,618 | INFO | scripts.import_formations_enriched |   - Ajout du code ROME : M1805
2026-06-06 07:15:06,620 | INFO | scripts.import_formations_enriched |   - Ajout du flux mensuel : (2023, 10)
2026-06-06 07:15:06,621 | INFO | scripts.import_formations_enriched |   - Ajout du flux mensuel : (2024, 1)
2026-06-06 07:15:06,622 | INFO | scripts.import_formations_enriched |   - Ajout du flux mensuel : (2023, 9)
2026-06-06 07:15:06,623 | INFO | scripts.import_formations_enriched |   - Ajout du flux mensuel : (2023, 12)
2026-06-06 07:15:06,644 | INFO | scripts.import_formations_enriched | Import de la formation : TP Technicien supérieur systèmes et réseaux (SIRET: 19692866700027)
2026-06-06 07:15:06,645 | INFO | scripts.import_formations_enriched |   - Ajout du flux mensuel : (2024, 12)
2026-06-06 07:15:06,650 | INFO | scripts.import_formations_enriched |   - Ajout du code ROME : I1401
2026-06-06 07:15:06,653 | INFO | scripts.import_formations_enriched |   - Ajout du code ROME : M1810
2026-06-06 07:15:06,672 | INFO | scripts.import_formations_enriched | Import de la formation : Développeur Web (SIRET: 51077652900040)
2026-06-06 07:15:06,673 | INFO | scripts.import_formations_enriched |   - Ajout du flux mensuel : (2026, 3)
2026-06-06 07:15:06,678 | INFO | scripts.import_formations_enriched |   - Ajout du code ROME : M1805
2026-06-06 07:15:06,679 | INFO | scripts.import_formations_enriched |   - Ajout du flux mensuel : (2025, 4)
2026-06-06 07:15:06,680 | INFO | scripts.import_formations_enriched |   - Ajout du flux mensuel : (2026, 4)
2026-06-06 07:15:06,681 | INFO | scripts.import_formations_enriched |   - Ajout du flux mensuel : (2025, 11)
2026-06-06 07:15:06,683 | INFO | scripts.import_formations_enriched |   - Ajout du flux mensuel : (2025, 8)
2026-06-06 07:15:06,684 | INFO | scripts.import_formations_enriched |   - Ajout du flux mensuel : (2025, 6)
2026-06-06 07:15:06,685 | INFO | scripts.import_formations_enriched |   - Ajout du flux mensuel : (2025, 5)
2026-06-06 07:15:06,705 | INFO | scripts.import_formations_enriched | Import de la formation : TP Développeur web et web mobile (SIRET: 52244345600028)
2026-06-06 07:15:06,706 | INFO | scripts.import_formations_enriched |   - Ajout du flux mensuel : (2023, 9)
2026-06-06 07:15:06,711 | INFO | scripts.import_formations_enriched |   - Ajout du code ROME : M1805
2026-06-06 07:15:06,712 | INFO | scripts.import_formations_enriched |   - Ajout du flux mensuel : (2023, 10)
2026-06-06 07:15:06,731 | INFO | scripts.import_formations_enriched | Import de la formation : TP Développeur web et web mobile (SIRET: 45125756200111)
2026-06-06 07:15:06,732 | INFO | scripts.import_formations_enriched |   - Ajout du flux mensuel : (2026, 4)
2026-06-06 07:15:06,736 | INFO | scripts.import_formations_enriched |   - Ajout du code ROME : M1805
2026-06-06 07:15:06,738 | INFO | scripts.import_formations_enriched |   - Ajout du flux mensuel : (2026, 1)
2026-06-06 07:15:06,739 | INFO | scripts.import_formations_enriched |   - Ajout du flux mensuel : (2025, 9)
2026-06-06 07:15:06,740 | INFO | scripts.import_formations_enriched |   - Ajout du flux mensuel : (2025, 10)
2026-06-06 07:15:06,741 | INFO | scripts.import_formations_enriched |   - Ajout du flux mensuel : (2026, 2)
2026-06-06 07:15:06,761 | INFO | scripts.import_formations_enriched | Import de la formation : Concepteur développeur d'applications web (SIRET: 79494991700114)
2026-06-06 07:15:06,763 | INFO | scripts.import_formations_enriched |   - Ajout du flux mensuel : (2025, 1)
2026-06-06 07:15:06,766 | INFO | scripts.import_formations_enriched |   - Ajout du code ROME : E1205
2026-06-06 07:15:06,769 | INFO | scripts.import_formations_enriched |   - Ajout du code ROME : M1803
2026-06-06 07:15:06,774 | INFO | scripts.import_formations_enriched |   - Ajout du code ROME : M1805
2026-06-06 07:15:06,775 | INFO | scripts.import_formations_enriched |   - Ajout du flux mensuel : (2025, 10)
2026-06-06 07:15:06,776 | INFO | scripts.import_formations_enriched |   - Ajout du flux mensuel : (2024, 10)
2026-06-06 07:15:06,778 | INFO | scripts.import_formations_enriched |   - Ajout du flux mensuel : (2026, 1)
2026-06-06 07:15:06,799 | INFO | scripts.import_formations_enriched | Import de la formation : Expert big data engineer (MS) (SIRET: 19101060200032)
2026-06-06 07:15:06,800 | INFO | scripts.import_formations_enriched |   - Ajout du flux mensuel : (2025, 9)
2026-06-06 07:15:06,804 | INFO | scripts.import_formations_enriched |   - Ajout du code ROME : M1801
2026-06-06 07:15:06,809 | INFO | scripts.import_formations_enriched |   - Ajout du code ROME : M1802
2026-06-06 07:15:06,813 | INFO | scripts.import_formations_enriched |   - Ajout du code ROME : M1803
2026-06-06 07:15:06,817 | INFO | scripts.import_formations_enriched |   - Ajout du code ROME : M1805
2026-06-06 07:15:06,821 | INFO | scripts.import_formations_enriched |   - Ajout du code ROME : M1806
2026-06-06 07:15:06,841 | INFO | scripts.import_formations_enriched | Import de la formation : TP Concepteur développeur d'applications (SIRET: 82277112700021)
2026-06-06 07:15:06,842 | INFO | scripts.import_formations_enriched |   - Ajout du flux mensuel : (2024, 5)
2026-06-06 07:15:06,847 | INFO | scripts.import_formations_enriched |   - Ajout du code ROME : M1805
2026-06-06 07:15:06,848 | INFO | scripts.import_formations_enriched |   - Ajout du flux mensuel : (2024, 3)
2026-06-06 07:15:06,849 | INFO | scripts.import_formations_enriched |   - Ajout du flux mensuel : (2024, 2)
2026-06-06 07:15:06,868 | INFO | scripts.import_formations_enriched | Import de la formation : TP Développeur web et web mobile (SIRET: 33986696400051)
2026-06-06 07:15:06,870 | INFO | scripts.import_formations_enriched |   - Ajout du flux mensuel : (2026, 3)
2026-06-06 07:15:06,875 | INFO | scripts.import_formations_enriched |   - Ajout du code ROME : M1805
2026-06-06 07:15:06,876 | INFO | scripts.import_formations_enriched |   - Ajout du flux mensuel : (2025, 9)
2026-06-06 07:15:06,877 | INFO | scripts.import_formations_enriched |   - Ajout du flux mensuel : (2025, 11)
2026-06-06 07:15:06,895 | INFO | scripts.import_formations_enriched | Import de la formation : TP Concepteur développeur d'applications (SIRET: 83859323400019)
2026-06-06 07:15:06,896 | INFO | scripts.import_formations_enriched |   - Ajout du flux mensuel : (2024, 3)
2026-06-06 07:15:06,901 | INFO | scripts.import_formations_enriched |   - Ajout du code ROME : M1805
2026-06-06 07:15:06,902 | INFO | scripts.import_formations_enriched |   - Ajout du flux mensuel : (2024, 4)
2026-06-06 07:15:06,903 | INFO | scripts.import_formations_enriched |   - Ajout du flux mensuel : (2024, 2)
2026-06-06 07:15:06,905 | INFO | scripts.import_formations_enriched |   - Ajout du flux mensuel : (2024, 5)
2026-06-06 07:15:06,924 | INFO | scripts.import_formations_enriched | Import de la formation : Gestionnaire en maintenance et support informatique (SIRET: 34270750200759)
2026-06-06 07:15:06,926 | INFO | scripts.import_formations_enriched |   - Ajout du flux mensuel : (2025, 10)
2026-06-06 07:15:06,930 | INFO | scripts.import_formations_enriched |   - Ajout du code ROME : I1401
2026-06-06 07:15:06,934 | INFO | scripts.import_formations_enriched |   - Ajout du code ROME : M1801
2026-06-06 07:15:06,938 | INFO | scripts.import_formations_enriched |   - Ajout du code ROME : M1810
2026-06-06 07:15:06,940 | INFO | scripts.import_formations_enriched |   - Ajout du flux mensuel : (2026, 2)
2026-06-06 07:15:06,959 | INFO | scripts.import_formations_enriched | Import de la formation : TP Développeur web et web mobile (SIRET: 89376000900033)
2026-06-06 07:15:06,961 | INFO | scripts.import_formations_enriched |   - Ajout du flux mensuel : (2023, 10)
2026-06-06 07:15:06,965 | INFO | scripts.import_formations_enriched |   - Ajout du code ROME : M1805
2026-06-06 07:15:06,966 | INFO | scripts.import_formations_enriched |   - Ajout du flux mensuel : (2023, 11)
2026-06-06 07:15:06,968 | INFO | scripts.import_formations_enriched |   - Ajout du flux mensuel : (2023, 9)
2026-06-06 07:15:06,986 | INFO | scripts.import_formations_enriched | Import de la formation : Licence Professionnelle Métiers de l'informatique : applications web (fiche nationale) (SIRET: 19870669900321)
2026-06-06 07:15:06,988 | INFO | scripts.import_formations_enriched |   - Ajout du flux mensuel : (2025, 9)
2026-06-06 07:15:06,993 | INFO | scripts.import_formations_enriched |   - Ajout du code ROME : M1802
2026-06-06 07:15:06,997 | INFO | scripts.import_formations_enriched |   - Ajout du code ROME : M1805
2026-06-06 07:15:07,015 | INFO | scripts.import_formations_enriched | Import de la formation : LICENCE Informatique (fiche nationale) (SIRET: 78515062400365)
2026-06-06 07:15:07,016 | INFO | scripts.import_formations_enriched |   - Ajout du flux mensuel : (2025, 10)
2026-06-06 07:15:07,021 | INFO | scripts.import_formations_enriched |   - Ajout du code ROME : I1401
2026-06-06 07:15:07,025 | INFO | scripts.import_formations_enriched |   - Ajout du code ROME : M1801
2026-06-06 07:15:07,030 | INFO | scripts.import_formations_enriched |   - Ajout du code ROME : M1802
2026-06-06 07:15:07,034 | INFO | scripts.import_formations_enriched |   - Ajout du code ROME : M1805
2026-06-06 07:15:07,039 | INFO | scripts.import_formations_enriched |   - Ajout du code ROME : M1810
2026-06-06 07:15:07,044 | INFO | scripts.import_formations_enriched |   - Ajout du flux mensuel : (2025, 11)
2026-06-06 07:15:07,046 | INFO | scripts.import_formations_enriched |   - Ajout du flux mensuel : (2026, 3)
2026-06-06 07:15:07,071 | INFO | scripts.import_formations_enriched | Import de la formation : TP Technicien informatique de proximité (SIRET: 32434542000040)
2026-06-06 07:15:07,072 | INFO | scripts.import_formations_enriched |   - Ajout du flux mensuel : (2026, 1)
2026-06-06 07:15:07,077 | INFO | scripts.import_formations_enriched |   - Ajout du code ROME : I1401
2026-06-06 07:15:07,095 | INFO | scripts.import_formations_enriched | Import de la formation : TP Technicien supérieur systèmes et réseaux (SIRET: 44427438500020)
2026-06-06 07:15:07,096 | INFO | scripts.import_formations_enriched |   - Ajout du flux mensuel : (2023, 11)
2026-06-06 07:15:07,101 | INFO | scripts.import_formations_enriched |   - Ajout du code ROME : I1401
2026-06-06 07:15:07,107 | INFO | scripts.import_formations_enriched |   - Ajout du code ROME : M1810
2026-06-06 07:15:07,126 | INFO | scripts.import_formations_enriched | Import de la formation : Concepteur intégrateur d'infrastructures informatiques (systèmes et réseaux, applicatives, ou de sécurité) (SIRET: 19311381800150)
2026-06-06 07:15:07,127 | INFO | scripts.import_formations_enriched |   - Ajout du flux mensuel : (2026, 3)
2026-06-06 07:15:07,132 | INFO | scripts.import_formations_enriched |   - Ajout du code ROME : M1801
2026-06-06 07:15:07,136 | INFO | scripts.import_formations_enriched |   - Ajout du code ROME : M1805
2026-06-06 07:15:07,138 | INFO | scripts.import_formations_enriched |   - Ajout du flux mensuel : (2025, 10)
2026-06-06 07:15:07,161 | INFO | scripts.import_formations_enriched | Import de la formation : TP Développeur web et web mobile (SIRET: 81824197800050)
2026-06-06 07:15:07,162 | INFO | scripts.import_formations_enriched |   - Ajout du flux mensuel : (2025, 9)
2026-06-06 07:15:07,167 | INFO | scripts.import_formations_enriched |   - Ajout du code ROME : M1805
2026-06-06 07:15:07,169 | INFO | scripts.import_formations_enriched |   - Ajout du flux mensuel : (2025, 3)
2026-06-06 07:15:07,172 | INFO | scripts.import_formations_enriched |   - Ajout du flux mensuel : (2024, 9)
2026-06-06 07:15:07,200 | INFO | scripts.import_formations_enriched | Import de la formation : MASTER Informatique (fiche nationale) (SIRET: 13002975400012)
2026-06-06 07:15:07,202 | INFO | scripts.import_formations_enriched |   - Ajout du flux mensuel : (2025, 10)
2026-06-06 07:15:07,207 | INFO | scripts.import_formations_enriched |   - Ajout du code ROME : M1801
2026-06-06 07:15:07,211 | INFO | scripts.import_formations_enriched |   - Ajout du code ROME : M1802
2026-06-06 07:15:07,216 | INFO | scripts.import_formations_enriched |   - Ajout du code ROME : M1803
2026-06-06 07:15:07,222 | INFO | scripts.import_formations_enriched |   - Ajout du code ROME : M1805
2026-06-06 07:15:07,227 | INFO | scripts.import_formations_enriched |   - Ajout du code ROME : M1806
2026-06-06 07:15:07,228 | INFO | scripts.import_formations_enriched |   - Ajout du flux mensuel : (2024, 12)
2026-06-06 07:15:07,230 | INFO | scripts.import_formations_enriched |   - Ajout du flux mensuel : (2024, 9)
2026-06-06 07:15:07,251 | INFO | scripts.import_formations_enriched | Import de la formation : Chef d'entreprise - développeur de PME (SIRET: 18743001200067)
2026-06-06 07:15:07,252 | INFO | scripts.import_formations_enriched |   - Ajout du flux mensuel : (2023, 9)
2026-06-06 07:15:07,258 | INFO | scripts.import_formations_enriched |   - Ajout du code ROME : M1302
2026-06-06 07:15:07,259 | INFO | scripts.import_formations_enriched |   - Ajout du flux mensuel : (2026, 3)
2026-06-06 07:15:07,261 | INFO | scripts.import_formations_enriched |   - Ajout du flux mensuel : (2024, 3)
2026-06-06 07:15:07,262 | INFO | scripts.import_formations_enriched |   - Ajout du flux mensuel : (2024, 9)
2026-06-06 07:15:07,263 | INFO | scripts.import_formations_enriched |   - Ajout du flux mensuel : (2025, 11)
2026-06-06 07:15:07,265 | INFO | scripts.import_formations_enriched |   - Ajout du flux mensuel : (2023, 10)
2026-06-06 07:15:07,286 | INFO | scripts.import_formations_enriched | Import de la formation : TP Développeur web et web mobile (SIRET: 75243460500107)
2026-06-06 07:15:07,288 | INFO | scripts.import_formations_enriched |   - Ajout du flux mensuel : (2025, 11)
2026-06-06 07:15:07,293 | INFO | scripts.import_formations_enriched |   - Ajout du code ROME : M1805
2026-06-06 07:15:07,295 | INFO | scripts.import_formations_enriched |   - Ajout du flux mensuel : (2023, 10)
2026-06-06 07:15:07,296 | INFO | scripts.import_formations_enriched |   - Ajout du flux mensuel : (2024, 10)
2026-06-06 07:15:07,298 | INFO | scripts.import_formations_enriched |   - Ajout du flux mensuel : (2024, 11)
2026-06-06 07:15:07,299 | INFO | scripts.import_formations_enriched |   - Ajout du flux mensuel : (2023, 11)
2026-06-06 07:15:07,300 | INFO | scripts.import_formations_enriched |   - Ajout du flux mensuel : (2025, 10)
2026-06-06 07:15:07,301 | INFO | scripts.import_formations_enriched |   - Ajout du flux mensuel : (2024, 2)
2026-06-06 07:15:07,323 | INFO | scripts.import_formations_enriched | Import de la formation : MASTER Méthodes informatiques appliquées à la gestion des entreprises - MIAGE (fiche nationale) (SIRET: 19801344300017)
2026-06-06 07:15:07,324 | INFO | scripts.import_formations_enriched |   - Ajout du flux mensuel : (2026, 2)
2026-06-06 07:15:07,329 | INFO | scripts.import_formations_enriched |   - Ajout du code ROME : M1801
2026-06-06 07:15:07,333 | INFO | scripts.import_formations_enriched |   - Ajout du code ROME : M1802
2026-06-06 07:15:07,338 | INFO | scripts.import_formations_enriched |   - Ajout du code ROME : M1803
2026-06-06 07:15:07,343 | INFO | scripts.import_formations_enriched |   - Ajout du code ROME : M1805
2026-06-06 07:15:07,347 | INFO | scripts.import_formations_enriched |   - Ajout du code ROME : M1806
2026-06-06 07:15:07,348 | INFO | scripts.import_formations_enriched |   - Ajout du flux mensuel : (2025, 7)
2026-06-06 07:15:07,370 | INFO | scripts.import_formations_enriched | Import de la formation : Chef de projet informatique (SIRET: 34270750200403)
2026-06-06 07:15:07,371 | INFO | scripts.import_formations_enriched |   - Ajout du flux mensuel : (2023, 11)
2026-06-06 07:15:07,376 | INFO | scripts.import_formations_enriched |   - Ajout du code ROME : M1801
2026-06-06 07:15:07,380 | INFO | scripts.import_formations_enriched |   - Ajout du code ROME : M1802
2026-06-06 07:15:07,384 | INFO | scripts.import_formations_enriched |   - Ajout du code ROME : M1803
2026-06-06 07:15:07,389 | INFO | scripts.import_formations_enriched |   - Ajout du code ROME : M1805
2026-06-06 07:15:07,393 | INFO | scripts.import_formations_enriched |   - Ajout du code ROME : M1806
2026-06-06 07:15:07,394 | INFO | scripts.import_formations_enriched |   - Ajout du flux mensuel : (2024, 6)
2026-06-06 07:15:07,416 | INFO | scripts.import_formations_enriched | Import de la formation : TP Concepteur développeur d'applications (SIRET: 19770922300204)
2026-06-06 07:15:07,417 | INFO | scripts.import_formations_enriched |   - Ajout du flux mensuel : (2025, 6)
2026-06-06 07:15:07,422 | INFO | scripts.import_formations_enriched |   - Ajout du code ROME : M1805
2026-06-06 07:15:07,441 | INFO | scripts.import_formations_enriched | Import de la formation : TP Développeur web et web mobile (SIRET: 90106018600011)
2026-06-06 07:15:07,443 | INFO | scripts.import_formations_enriched |   - Ajout du flux mensuel : (2023, 11)
2026-06-06 07:15:07,447 | INFO | scripts.import_formations_enriched |   - Ajout du code ROME : M1805
2026-06-06 07:15:07,448 | INFO | scripts.import_formations_enriched |   - Ajout du flux mensuel : (2023, 10)
2026-06-06 07:15:07,469 | INFO | scripts.import_formations_enriched | Import de la formation : TP Développeur web et web mobile (SIRET: 95168763100022)
2026-06-06 07:15:07,470 | INFO | scripts.import_formations_enriched |   - Ajout du flux mensuel : (2024, 8)
2026-06-06 07:15:07,475 | INFO | scripts.import_formations_enriched |   - Ajout du code ROME : M1805
2026-06-06 07:15:07,493 | INFO | scripts.import_formations_enriched | Import de la formation : TP Technicien d'intervention de réseaux de télécommunications en fibre optique (SIRET: 82409268800251)
2026-06-06 07:15:07,495 | INFO | scripts.import_formations_enriched |   - Ajout du flux mensuel : (2025, 3)
2026-06-06 07:15:07,500 | INFO | scripts.import_formations_enriched |   - Ajout du code ROME : I1307
2026-06-06 07:15:07,517 | INFO | scripts.import_formations_enriched | Import de la formation : Manager en infrastructures et cybersécurité des systèmes d'information (SIRET: 34270750200718)
2026-06-06 07:15:07,519 | INFO | scripts.import_formations_enriched |   - Ajout du flux mensuel : (2025, 2)
2026-06-06 07:15:07,524 | INFO | scripts.import_formations_enriched |   - Ajout du code ROME : M1801
2026-06-06 07:15:07,529 | INFO | scripts.import_formations_enriched |   - Ajout du code ROME : M1802
2026-06-06 07:15:07,533 | INFO | scripts.import_formations_enriched |   - Ajout du code ROME : M1803
2026-06-06 07:15:07,538 | INFO | scripts.import_formations_enriched |   - Ajout du code ROME : M1804
2026-06-06 07:15:07,543 | INFO | scripts.import_formations_enriched |   - Ajout du code ROME : M1810
2026-06-06 07:15:07,544 | INFO | scripts.import_formations_enriched |   - Ajout du flux mensuel : (2025, 5)
2026-06-06 07:15:07,565 | INFO | scripts.import_formations_enriched | Import de la formation : TP Technicien supérieur systèmes et réseaux (SIRET: 82409268800186)
2026-06-06 07:15:07,567 | INFO | scripts.import_formations_enriched |   - Ajout du flux mensuel : (2025, 4)
2026-06-06 07:15:07,572 | INFO | scripts.import_formations_enriched |   - Ajout du code ROME : I1401
2026-06-06 07:15:07,576 | INFO | scripts.import_formations_enriched |   - Ajout du code ROME : M1810
2026-06-06 07:15:07,577 | INFO | scripts.import_formations_enriched |   - Ajout du flux mensuel : (2026, 4)
2026-06-06 07:15:07,578 | INFO | scripts.import_formations_enriched |   - Ajout du flux mensuel : (2024, 6)
2026-06-06 07:15:07,580 | INFO | scripts.import_formations_enriched |   - Ajout du flux mensuel : (2025, 2)
2026-06-06 07:15:07,601 | INFO | scripts.import_formations_enriched | Import de la formation : Chef de projet informatique (SIRET: 34270750200627)
2026-06-06 07:15:07,603 | INFO | scripts.import_formations_enriched |   - Ajout du flux mensuel : (2025, 3)
2026-06-06 07:15:07,607 | INFO | scripts.import_formations_enriched |   - Ajout du code ROME : M1801
2026-06-06 07:15:07,611 | INFO | scripts.import_formations_enriched |   - Ajout du code ROME : M1802
2026-06-06 07:15:07,615 | INFO | scripts.import_formations_enriched |   - Ajout du code ROME : M1803
2026-06-06 07:15:07,619 | INFO | scripts.import_formations_enriched |   - Ajout du code ROME : M1805
2026-06-06 07:15:07,624 | INFO | scripts.import_formations_enriched |   - Ajout du code ROME : M1806
2026-06-06 07:15:07,644 | INFO | scripts.import_formations_enriched | Import de la formation : TP Technicien informatique de proximité (SIRET: 90186743200022)
2026-06-06 07:15:07,645 | INFO | scripts.import_formations_enriched |   - Ajout du flux mensuel : (2026, 1)
2026-06-06 07:15:07,650 | INFO | scripts.import_formations_enriched |   - Ajout du code ROME : I1401
2026-06-06 07:15:07,666 | INFO | scripts.import_formations_enriched | Import de la formation : TP Développeur web et web mobile (SIRET: 49098556100011)
2026-06-06 07:15:07,668 | INFO | scripts.import_formations_enriched |   - Ajout du flux mensuel : (2024, 10)
2026-06-06 07:15:07,673 | INFO | scripts.import_formations_enriched |   - Ajout du code ROME : M1805
2026-06-06 07:15:07,674 | INFO | scripts.import_formations_enriched |   - Ajout du flux mensuel : (2023, 10)
2026-06-06 07:15:07,675 | INFO | scripts.import_formations_enriched |   - Ajout du flux mensuel : (2025, 10)
2026-06-06 07:15:07,677 | INFO | scripts.import_formations_enriched |   - Ajout du flux mensuel : (2025, 11)
2026-06-06 07:15:07,704 | INFO | scripts.import_formations_enriched | Import de la formation : TP Concepteur développeur d'applications (SIRET: 79279132900016)
2026-06-06 07:15:07,706 | INFO | scripts.import_formations_enriched |   - Ajout du flux mensuel : (2025, 11)
2026-06-06 07:15:07,711 | INFO | scripts.import_formations_enriched |   - Ajout du code ROME : M1805
2026-06-06 07:15:07,729 | INFO | scripts.import_formations_enriched | Import de la formation : TP Concepteur développeur d'applications (SIRET: 92233236600017)
2026-06-06 07:15:07,730 | INFO | scripts.import_formations_enriched |   - Ajout du flux mensuel : (2025, 3)
2026-06-06 07:15:07,734 | INFO | scripts.import_formations_enriched |   - Ajout du code ROME : M1805
2026-06-06 07:15:07,736 | INFO | scripts.import_formations_enriched |   - Ajout du flux mensuel : (2026, 1)
2026-06-06 07:15:07,755 | INFO | scripts.import_formations_enriched | Import de la formation : Administrateur systèmes, réseaux et cybersécurité (SIRET: 49386136300098)
2026-06-06 07:15:07,757 | INFO | scripts.import_formations_enriched |   - Ajout du flux mensuel : (2026, 3)
2026-06-06 07:15:07,761 | INFO | scripts.import_formations_enriched |   - Ajout du code ROME : M1801
2026-06-06 07:15:07,762 | INFO | scripts.import_formations_enriched |   - Ajout du flux mensuel : (2026, 5)
2026-06-06 07:15:07,764 | INFO | scripts.import_formations_enriched |   - Ajout du flux mensuel : (2026, 4)
2026-06-06 07:15:07,783 | INFO | scripts.import_formations_enriched | Import de la formation : TP Concepteur développeur d'applications (SIRET: 82409268800251)
2026-06-06 07:15:07,785 | INFO | scripts.import_formations_enriched |   - Ajout du flux mensuel : (2024, 8)
2026-06-06 07:15:07,789 | INFO | scripts.import_formations_enriched |   - Ajout du code ROME : M1805
2026-06-06 07:15:07,806 | INFO | scripts.import_formations_enriched | Import de la formation : DEUST Informatique d'organisation et systèmes d'information (fiche nationale) (SIRET: 44911357000013)
2026-06-06 07:15:07,807 | INFO | scripts.import_formations_enriched |   - Ajout du flux mensuel : (2024, 10)
2026-06-06 07:15:07,812 | INFO | scripts.import_formations_enriched |   - Ajout du code ROME : M1805
2026-06-06 07:15:07,816 | INFO | scripts.import_formations_enriched |   - Ajout du code ROME : M1810
2026-06-06 07:15:07,817 | INFO | scripts.import_formations_enriched |   - Ajout du flux mensuel : (2025, 3)
2026-06-06 07:15:07,818 | INFO | scripts.import_formations_enriched |   - Ajout du flux mensuel : (2024, 3)
2026-06-06 07:15:07,839 | INFO | scripts.import_formations_enriched | Import de la formation : BUT Informatique : Réalisation d'applications : conception, développement, validation (SIRET: 19211237300019)
2026-06-06 07:15:07,842 | INFO | scripts.import_formations_enriched |   - Ajout du flux mensuel : (2022, 10)
2026-06-06 07:15:07,847 | INFO | scripts.import_formations_enriched |   - Ajout du code ROME : M1802
2026-06-06 07:15:07,851 | INFO | scripts.import_formations_enriched |   - Ajout du code ROME : M1805
2026-06-06 07:15:07,869 | INFO | scripts.import_formations_enriched | Import de la formation : Technicien informatique en installation, maintenance et support (SIRET: 19501219000029)
2026-06-06 07:15:07,871 | INFO | scripts.import_formations_enriched |   - Ajout du flux mensuel : (2025, 10)
2026-06-06 07:15:07,876 | INFO | scripts.import_formations_enriched |   - Ajout du code ROME : I1401
2026-06-06 07:15:07,880 | INFO | scripts.import_formations_enriched |   - Ajout du code ROME : M1810
2026-06-06 07:15:07,899 | INFO | scripts.import_formations_enriched | Import de la formation : TP Technicien informatique de proximité (SIRET: 85383966000018)
2026-06-06 07:15:07,900 | INFO | scripts.import_formations_enriched |   - Ajout du flux mensuel : (2026, 2)
2026-06-06 07:15:07,905 | INFO | scripts.import_formations_enriched |   - Ajout du code ROME : I1401
2026-06-06 07:15:07,907 | INFO | scripts.import_formations_enriched |   - Ajout du flux mensuel : (2026, 3)
2026-06-06 07:15:07,908 | INFO | scripts.import_formations_enriched |   - Ajout du flux mensuel : (2025, 10)
2026-06-06 07:15:07,925 | INFO | scripts.import_formations_enriched | Import de la formation : Expert en cybersécurité des systèmes d'information (BADGE CGE) (SIRET: 89819207500015)
2026-06-06 07:15:07,926 | INFO | scripts.import_formations_enriched |   - Ajout du flux mensuel : (2025, 12)
2026-06-06 07:15:07,930 | INFO | scripts.import_formations_enriched |   - Ajout du code ROME : M1802
2026-06-06 07:15:07,931 | INFO | scripts.import_formations_enriched |   - Ajout du flux mensuel : (2026, 2)
2026-06-06 07:15:07,948 | INFO | scripts.import_formations_enriched | Import de la formation : TP Développeur web et web mobile (SIRET: 90226960400010)
2026-06-06 07:15:07,950 | INFO | scripts.import_formations_enriched |   - Ajout du flux mensuel : (2024, 4)
2026-06-06 07:15:07,953 | INFO | scripts.import_formations_enriched |   - Ajout du code ROME : M1805
2026-06-06 07:15:07,955 | INFO | scripts.import_formations_enriched |   - Ajout du flux mensuel : (2024, 5)
2026-06-06 07:15:07,972 | INFO | scripts.import_formations_enriched | Import de la formation : TP Concepteur développeur d'applications (SIRET: 88901627500014)
2026-06-06 07:15:07,974 | INFO | scripts.import_formations_enriched |   - Ajout du flux mensuel : (2024, 3)
2026-06-06 07:15:07,978 | INFO | scripts.import_formations_enriched |   - Ajout du code ROME : M1805
2026-06-06 07:15:07,995 | INFO | scripts.import_formations_enriched | Import de la formation : TP Concepteur développeur d'applications (SIRET: 48909912700024)
2026-06-06 07:15:07,996 | INFO | scripts.import_formations_enriched |   - Ajout du flux mensuel : (2024, 7)
2026-06-06 07:15:08,001 | INFO | scripts.import_formations_enriched |   - Ajout du code ROME : M1805
2026-06-06 07:15:08,002 | INFO | scripts.import_formations_enriched |   - Ajout du flux mensuel : (2025, 11)
2026-06-06 07:15:08,022 | INFO | scripts.import_formations_enriched | Import de la formation : TP Développeur web et web mobile (SIRET: 48255975400031)
2026-06-06 07:15:08,023 | INFO | scripts.import_formations_enriched |   - Ajout du flux mensuel : (2024, 7)
2026-06-06 07:15:08,027 | INFO | scripts.import_formations_enriched |   - Ajout du code ROME : M1805
2026-06-06 07:15:08,045 | INFO | scripts.import_formations_enriched | Import de la formation : Conducteur de travaux réseaux numériques (SIRET: 49327519200026)
2026-06-06 07:15:08,046 | INFO | scripts.import_formations_enriched |   - Ajout du flux mensuel : (2025, 2)
2026-06-06 07:15:08,051 | INFO | scripts.import_formations_enriched |   - Ajout du code ROME : F1201
2026-06-06 07:15:08,071 | INFO | scripts.import_formations_enriched | Import de la formation : Technicien Valoriste du Réemploi d'appareils informatiques (SIRET: 79279132900016)
2026-06-06 07:15:08,072 | INFO | scripts.import_formations_enriched |   - Ajout du flux mensuel : (2026, 2)
2026-06-06 07:15:08,077 | INFO | scripts.import_formations_enriched |   - Ajout du code ROME : I1305
2026-06-06 07:15:08,081 | INFO | scripts.import_formations_enriched |   - Ajout du code ROME : I1401
2026-06-06 07:15:08,086 | INFO | scripts.import_formations_enriched |   - Ajout du code ROME : I1402
2026-06-06 07:15:08,108 | INFO | scripts.import_formations_enriched | Import de la formation : Administrateur systèmes et réseaux (SIRET: 34270750200759)
2026-06-06 07:15:08,109 | INFO | scripts.import_formations_enriched |   - Ajout du flux mensuel : (2022, 12)
2026-06-06 07:15:08,114 | INFO | scripts.import_formations_enriched |   - Ajout du code ROME : M1801
2026-06-06 07:15:08,118 | INFO | scripts.import_formations_enriched |   - Ajout du code ROME : M1802
2026-06-06 07:15:08,122 | INFO | scripts.import_formations_enriched |   - Ajout du code ROME : M1805
2026-06-06 07:15:08,126 | INFO | scripts.import_formations_enriched |   - Ajout du code ROME : M1806
2026-06-06 07:15:08,130 | INFO | scripts.import_formations_enriched |   - Ajout du code ROME : M1810
2026-06-06 07:15:08,132 | INFO | scripts.import_formations_enriched |   - Ajout du flux mensuel : (2023, 9)
2026-06-06 07:15:08,153 | INFO | scripts.import_formations_enriched | Import de la formation : TP Concepteur développeur d'applications (SIRET: 90355382400017)
2026-06-06 07:15:08,155 | INFO | scripts.import_formations_enriched |   - Ajout du flux mensuel : (2024, 2)
2026-06-06 07:15:08,159 | INFO | scripts.import_formations_enriched |   - Ajout du code ROME : M1805
2026-06-06 07:15:08,177 | INFO | scripts.import_formations_enriched | Import de la formation : Expert en cybersécurité (MS) (SIRET: 13002076100016)
2026-06-06 07:15:08,179 | INFO | scripts.import_formations_enriched |   - Ajout du flux mensuel : (2025, 9)
2026-06-06 07:15:08,183 | INFO | scripts.import_formations_enriched |   - Ajout du code ROME : M1802
2026-06-06 07:15:08,201 | INFO | scripts.import_formations_enriched | Import de la formation : Licence Professionnelle Métiers de l'informatique : conception, développement et tests de logiciels (fiche nationale) (SIRET: 13000545700010)
2026-06-06 07:15:08,202 | INFO | scripts.import_formations_enriched |   - Ajout du flux mensuel : (2025, 9)
2026-06-06 07:15:08,206 | INFO | scripts.import_formations_enriched |   - Ajout du code ROME : M1803
2026-06-06 07:15:08,211 | INFO | scripts.import_formations_enriched |   - Ajout du code ROME : M1805
2026-06-06 07:15:08,215 | INFO | scripts.import_formations_enriched |   - Ajout du code ROME : M1810
2026-06-06 07:15:08,216 | INFO | scripts.import_formations_enriched |   - Ajout du flux mensuel : (2026, 2)
2026-06-06 07:15:08,218 | INFO | scripts.import_formations_enriched |   - Ajout du flux mensuel : (2026, 1)
2026-06-06 07:15:08,240 | INFO | scripts.import_formations_enriched | Import de la formation : Administrateur systèmes et réseaux (SIRET: 34270750200403)
2026-06-06 07:15:08,241 | INFO | scripts.import_formations_enriched |   - Ajout du flux mensuel : (2023, 2)
2026-06-06 07:15:08,245 | INFO | scripts.import_formations_enriched |   - Ajout du code ROME : M1801
2026-06-06 07:15:08,250 | INFO | scripts.import_formations_enriched |   - Ajout du code ROME : M1802
2026-06-06 07:15:08,254 | INFO | scripts.import_formations_enriched |   - Ajout du code ROME : M1805
2026-06-06 07:15:08,258 | INFO | scripts.import_formations_enriched |   - Ajout du code ROME : M1806
2026-06-06 07:15:08,262 | INFO | scripts.import_formations_enriched |   - Ajout du code ROME : M1810
2026-06-06 07:15:08,263 | INFO | scripts.import_formations_enriched |   - Ajout du flux mensuel : (2024, 3)
2026-06-06 07:15:08,284 | INFO | scripts.import_formations_enriched | Import de la formation : Chef de projet web et stratégie digitale (SIRET: 18640005700078)
2026-06-06 07:15:08,285 | INFO | scripts.import_formations_enriched |   - Ajout du flux mensuel : (2024, 10)
2026-06-06 07:15:08,290 | INFO | scripts.import_formations_enriched |   - Ajout du code ROME : E1103
2026-06-06 07:15:08,294 | INFO | scripts.import_formations_enriched |   - Ajout du code ROME : E1401
2026-06-06 07:15:08,298 | INFO | scripts.import_formations_enriched |   - Ajout du code ROME : E1402
2026-06-06 07:15:08,302 | INFO | scripts.import_formations_enriched |   - Ajout du code ROME : M1705
2026-06-06 07:15:08,306 | INFO | scripts.import_formations_enriched |   - Ajout du code ROME : M1806
2026-06-06 07:15:08,308 | INFO | scripts.import_formations_enriched |   - Ajout du flux mensuel : (2024, 11)
2026-06-06 07:15:08,309 | INFO | scripts.import_formations_enriched |   - Ajout du flux mensuel : (2024, 1)
2026-06-06 07:15:08,331 | INFO | scripts.import_formations_enriched | Import de la formation : TP Concepteur développeur d'applications (SIRET: 50132562500017)
2026-06-06 07:15:08,333 | INFO | scripts.import_formations_enriched |   - Ajout du flux mensuel : (2025, 9)
2026-06-06 07:15:08,337 | INFO | scripts.import_formations_enriched |   - Ajout du code ROME : M1805
2026-06-06 07:15:08,354 | INFO | scripts.import_formations_enriched | Import de la formation : Concepteur développeur d'applications web (SIRET: 79494991700130)
2026-06-06 07:15:08,355 | INFO | scripts.import_formations_enriched |   - Ajout du flux mensuel : (2026, 4)
2026-06-06 07:15:08,359 | INFO | scripts.import_formations_enriched |   - Ajout du code ROME : E1205
2026-06-06 07:15:08,364 | INFO | scripts.import_formations_enriched |   - Ajout du code ROME : M1803
2026-06-06 07:15:08,368 | INFO | scripts.import_formations_enriched |   - Ajout du code ROME : M1805
2026-06-06 07:15:08,369 | INFO | scripts.import_formations_enriched |   - Ajout du flux mensuel : (2026, 1)
2026-06-06 07:15:08,371 | INFO | scripts.import_formations_enriched |   - Ajout du flux mensuel : (2025, 10)
2026-06-06 07:15:08,372 | INFO | scripts.import_formations_enriched |   - Ajout du flux mensuel : (2025, 4)
2026-06-06 07:15:08,394 | INFO | scripts.import_formations_enriched | Import de la formation : TP Concepteur développeur d'applications (SIRET: 91163834400018)
2026-06-06 07:15:08,395 | INFO | scripts.import_formations_enriched |   - Ajout du flux mensuel : (2024, 10)
2026-06-06 07:15:08,399 | INFO | scripts.import_formations_enriched |   - Ajout du code ROME : M1805
2026-06-06 07:15:08,418 | INFO | scripts.import_formations_enriched | Import de la formation : Développeur Intégrateur Web (SIRET: 77573724000058)
2026-06-06 07:15:08,419 | INFO | scripts.import_formations_enriched |   - Ajout du flux mensuel : (2022, 7)
2026-06-06 07:15:08,424 | INFO | scripts.import_formations_enriched |   - Ajout du code ROME : M1805
2026-06-06 07:15:08,442 | INFO | scripts.import_formations_enriched | Import de la formation : TP Concepteur développeur d'applications (SIRET: 91305808700010)
2026-06-06 07:15:08,444 | INFO | scripts.import_formations_enriched |   - Ajout du flux mensuel : (2023, 10)
2026-06-06 07:15:08,450 | INFO | scripts.import_formations_enriched |   - Ajout du code ROME : M1805
2026-06-06 07:15:08,468 | INFO | scripts.import_formations_enriched | Import de la formation : TP Opérateur en détection de réseaux (SIRET: 50923283100016)
2026-06-06 07:15:08,470 | INFO | scripts.import_formations_enriched |   - Ajout du flux mensuel : (2023, 11)
2026-06-06 07:15:08,475 | INFO | scripts.import_formations_enriched |   - Ajout du code ROME : F1105
2026-06-06 07:15:08,480 | INFO | scripts.import_formations_enriched |   - Ajout du code ROME : F1107
2026-06-06 07:15:08,484 | INFO | scripts.import_formations_enriched |   - Ajout du code ROME : M1804
2026-06-06 07:15:08,489 | INFO | scripts.import_formations_enriched |   - Ajout du code ROME : M1808
2026-06-06 07:15:08,511 | INFO | scripts.import_formations_enriched | Import de la formation : TP Concepteur développeur d'applications (SIRET: 90824967500012)
2026-06-06 07:15:08,513 | INFO | scripts.import_formations_enriched |   - Ajout du flux mensuel : (2024, 2)
2026-06-06 07:15:08,517 | INFO | scripts.import_formations_enriched |   - Ajout du code ROME : M1805
2026-06-06 07:15:08,534 | INFO | scripts.import_formations_enriched | Import de la formation : TP Technicien informatique de proximité (SIRET: 89113904000028)
2026-06-06 07:15:08,535 | INFO | scripts.import_formations_enriched |   - Ajout du flux mensuel : (2026, 3)
2026-06-06 07:15:08,539 | INFO | scripts.import_formations_enriched |   - Ajout du code ROME : I1401
2026-06-06 07:15:08,541 | INFO | scripts.import_formations_enriched |   - Ajout du flux mensuel : (2025, 11)
2026-06-06 07:15:08,560 | INFO | scripts.import_formations_enriched | Import de la formation : Grade_Master Systèmes d'information, Réseaux et Numérique (SIRET: 19754692200018)
2026-06-06 07:15:08,562 | INFO | scripts.import_formations_enriched |   - Ajout du flux mensuel : (2026, 1)
2026-06-06 07:15:08,566 | INFO | scripts.import_formations_enriched |   - Ajout du code ROME : L1302
2026-06-06 07:15:08,571 | INFO | scripts.import_formations_enriched |   - Ajout du code ROME : M1402
2026-06-06 07:15:08,575 | INFO | scripts.import_formations_enriched |   - Ajout du code ROME : M1403
2026-06-06 07:15:08,579 | INFO | scripts.import_formations_enriched |   - Ajout du code ROME : M1806
2026-06-06 07:15:08,598 | INFO | scripts.import_formations_enriched | Import de la formation : MASTER Informatique (fiche nationale) (SIRET: 43411361900119)
2026-06-06 07:15:08,599 | INFO | scripts.import_formations_enriched |   - Ajout du flux mensuel : (2025, 2)
2026-06-06 07:15:08,602 | INFO | scripts.import_formations_enriched |   - Ajout du code ROME : M1801
2026-06-06 07:15:08,607 | INFO | scripts.import_formations_enriched |   - Ajout du code ROME : M1802
2026-06-06 07:15:08,610 | INFO | scripts.import_formations_enriched |   - Ajout du code ROME : M1803
2026-06-06 07:15:08,613 | INFO | scripts.import_formations_enriched |   - Ajout du code ROME : M1805
2026-06-06 07:15:08,616 | INFO | scripts.import_formations_enriched |   - Ajout du code ROME : M1806
2026-06-06 07:15:08,617 | INFO | scripts.import_formations_enriched |   - Ajout du flux mensuel : (2025, 11)
2026-06-06 07:15:08,618 | INFO | scripts.import_formations_enriched |   - Ajout du flux mensuel : (2025, 9)
2026-06-06 07:15:08,619 | INFO | scripts.import_formations_enriched |   - Ajout du flux mensuel : (2025, 10)
2026-06-06 07:15:08,620 | INFO | scripts.import_formations_enriched |   - Ajout du flux mensuel : (2026, 2)
2026-06-06 07:15:08,621 | INFO | scripts.import_formations_enriched |   - Ajout du flux mensuel : (2024, 10)
2026-06-06 07:15:08,636 | INFO | scripts.import_formations_enriched | Import de la formation : Gestionnaire en maintenance et support informatique (SIRET: 34270750200650)
2026-06-06 07:15:08,638 | INFO | scripts.import_formations_enriched |   - Ajout du flux mensuel : (2026, 2)
2026-06-06 07:15:08,641 | INFO | scripts.import_formations_enriched |   - Ajout du code ROME : I1401
2026-06-06 07:15:08,644 | INFO | scripts.import_formations_enriched |   - Ajout du code ROME : M1801
2026-06-06 07:15:08,647 | INFO | scripts.import_formations_enriched |   - Ajout du code ROME : M1810
2026-06-06 07:15:08,660 | INFO | scripts.import_formations_enriched | Import de la formation : Développeur Intégrateur Web (SIRET: 77573724000140)
2026-06-06 07:15:08,660 | INFO | scripts.import_formations_enriched |   - Ajout du flux mensuel : (2022, 12)
2026-06-06 07:15:08,663 | INFO | scripts.import_formations_enriched |   - Ajout du code ROME : M1805
2026-06-06 07:15:08,664 | INFO | scripts.import_formations_enriched |   - Ajout du flux mensuel : (2022, 11)
2026-06-06 07:15:08,665 | INFO | scripts.import_formations_enriched |   - Ajout du flux mensuel : (2023, 10)
2026-06-06 07:15:08,681 | INFO | scripts.import_formations_enriched | Import de la formation : Manager en infrastructures et cybersécurité des systèmes d'information (SIRET: 34270750200528)
2026-06-06 07:15:08,683 | INFO | scripts.import_formations_enriched |   - Ajout du flux mensuel : (2026, 1)
2026-06-06 07:15:08,687 | INFO | scripts.import_formations_enriched |   - Ajout du code ROME : M1801
2026-06-06 07:15:08,690 | INFO | scripts.import_formations_enriched |   - Ajout du code ROME : M1802
2026-06-06 07:15:08,694 | INFO | scripts.import_formations_enriched |   - Ajout du code ROME : M1803
2026-06-06 07:15:08,698 | INFO | scripts.import_formations_enriched |   - Ajout du code ROME : M1804
2026-06-06 07:15:08,702 | INFO | scripts.import_formations_enriched |   - Ajout du code ROME : M1810
2026-06-06 07:15:08,703 | INFO | scripts.import_formations_enriched |   - Ajout du flux mensuel : (2025, 4)
2026-06-06 07:15:08,724 | INFO | scripts.import_formations_enriched | Import de la formation : MASTER Informatique (fiche nationale) (SIRET: 19561718800600)
2026-06-06 07:15:08,726 | INFO | scripts.import_formations_enriched |   - Ajout du flux mensuel : (2024, 11)
2026-06-06 07:15:08,730 | INFO | scripts.import_formations_enriched |   - Ajout du code ROME : M1801
2026-06-06 07:15:08,734 | INFO | scripts.import_formations_enriched |   - Ajout du code ROME : M1802
2026-06-06 07:15:08,738 | INFO | scripts.import_formations_enriched |   - Ajout du code ROME : M1803
2026-06-06 07:15:08,743 | INFO | scripts.import_formations_enriched |   - Ajout du code ROME : M1805
2026-06-06 07:15:08,747 | INFO | scripts.import_formations_enriched |   - Ajout du code ROME : M1806
2026-06-06 07:15:08,766 | INFO | scripts.import_formations_enriched | Import de la formation : TP Concepteur développeur d'applications (SIRET: 89376000900033)
2026-06-06 07:15:08,768 | INFO | scripts.import_formations_enriched |   - Ajout du flux mensuel : (2023, 10)
2026-06-06 07:15:08,772 | INFO | scripts.import_formations_enriched |   - Ajout du code ROME : M1805
2026-06-06 07:15:08,785 | INFO | scripts.import_formations_enriched | Import de la formation : DEUST Webmaster et métiers de l'internet (fiche nationale) (SIRET: 19870669900321)
2026-06-06 07:15:08,786 | INFO | scripts.import_formations_enriched |   - Ajout du flux mensuel : (2025, 9)
2026-06-06 07:15:08,791 | INFO | scripts.import_formations_enriched |   - Ajout du code ROME : E1101
2026-06-06 07:15:08,795 | INFO | scripts.import_formations_enriched |   - Ajout du code ROME : E1103
2026-06-06 07:15:08,797 | INFO | scripts.import_formations_enriched |   - Ajout du code ROME : E1104
2026-06-06 07:15:08,799 | INFO | scripts.import_formations_enriched |   - Ajout du code ROME : M1801
2026-06-06 07:15:08,802 | INFO | scripts.import_formations_enriched |   - Ajout du code ROME : M1805
2026-06-06 07:15:08,803 | INFO | scripts.import_formations_enriched |   - Ajout du flux mensuel : (2024, 9)
2026-06-06 07:15:08,804 | INFO | scripts.import_formations_enriched |   - Ajout du flux mensuel : (2023, 9)
2026-06-06 07:15:08,805 | INFO | scripts.import_formations_enriched |   - Ajout du flux mensuel : (2022, 9)
2026-06-06 07:15:08,818 | INFO | scripts.import_formations_enriched | Import de la formation : TP Concepteur développeur d'applications (SIRET: 45303523000094)
2026-06-06 07:15:08,819 | INFO | scripts.import_formations_enriched |   - Ajout du flux mensuel : (2025, 5)
2026-06-06 07:15:08,823 | INFO | scripts.import_formations_enriched |   - Ajout du code ROME : M1805
2026-06-06 07:15:08,824 | INFO | scripts.import_formations_enriched |   - Ajout du flux mensuel : (2024, 4)
2026-06-06 07:15:08,837 | INFO | scripts.import_formations_enriched | Import de la formation : Licence Professionnelle Activités juridiques : mandataire judiciaire à la protection des majeurs (fiche nationale) (SIRET: 19511296600799)
2026-06-06 07:15:08,839 | INFO | scripts.import_formations_enriched |   - Ajout du flux mensuel : (2025, 9)
2026-06-06 07:15:08,842 | INFO | scripts.import_formations_enriched |   - Ajout du code ROME : K1102
2026-06-06 07:15:08,857 | INFO | scripts.import_formations_enriched | Import de la formation : TP Installateur de réseaux de télécommunications en fibre optique (SIRET: 32434542000040)
2026-06-06 07:15:08,859 | INFO | scripts.import_formations_enriched |   - Ajout du flux mensuel : (2025, 12)
2026-06-06 07:15:08,862 | INFO | scripts.import_formations_enriched |   - Ajout du code ROME : F1605
2026-06-06 07:15:08,877 | INFO | scripts.import_formations_enriched | Import de la formation : Titre ingénieur Ingénieur diplômé du Conservatoire national des arts et métiers, spécialité Informatique et systèmes d'information (SIRET: 32439762900118)
2026-06-06 07:15:08,878 | INFO | scripts.import_formations_enriched |   - Ajout du flux mensuel : (2024, 10)
2026-06-06 07:15:08,882 | INFO | scripts.import_formations_enriched |   - Ajout du code ROME : M1803
2026-06-06 07:15:08,886 | INFO | scripts.import_formations_enriched |   - Ajout du code ROME : M1804
2026-06-06 07:15:08,889 | INFO | scripts.import_formations_enriched |   - Ajout du code ROME : M1805
2026-06-06 07:15:08,893 | INFO | scripts.import_formations_enriched |   - Ajout du code ROME : M1806
2026-06-06 07:15:08,911 | INFO | scripts.import_formations_enriched | Import de la formation : Manager en infrastructures et cybersécurité des systèmes d'information (SIRET: 34270750200668)
2026-06-06 07:15:08,913 | INFO | scripts.import_formations_enriched |   - Ajout du flux mensuel : (2025, 3)
2026-06-06 07:15:08,917 | INFO | scripts.import_formations_enriched |   - Ajout du code ROME : M1801
2026-06-06 07:15:08,921 | INFO | scripts.import_formations_enriched |   - Ajout du code ROME : M1802
2026-06-06 07:15:08,924 | INFO | scripts.import_formations_enriched |   - Ajout du code ROME : M1803
2026-06-06 07:15:08,928 | INFO | scripts.import_formations_enriched |   - Ajout du code ROME : M1804
2026-06-06 07:15:08,933 | INFO | scripts.import_formations_enriched |   - Ajout du code ROME : M1810
2026-06-06 07:15:08,934 | INFO | scripts.import_formations_enriched |   - Ajout du flux mensuel : (2025, 4)
2026-06-06 07:15:08,956 | INFO | scripts.import_formations_enriched | Import de la formation : Manager en infrastructures et cybersécurité des systèmes d'information (SIRET: 34270750200494)
2026-06-06 07:15:08,957 | INFO | scripts.import_formations_enriched |   - Ajout du flux mensuel : (2024, 7)
2026-06-06 07:15:08,962 | INFO | scripts.import_formations_enriched |   - Ajout du code ROME : M1801
2026-06-06 07:15:08,966 | INFO | scripts.import_formations_enriched |   - Ajout du code ROME : M1802
2026-06-06 07:15:08,970 | INFO | scripts.import_formations_enriched |   - Ajout du code ROME : M1803
2026-06-06 07:15:08,975 | INFO | scripts.import_formations_enriched |   - Ajout du code ROME : M1804
2026-06-06 07:15:08,977 | INFO | scripts.import_formations_enriched |   - Ajout du code ROME : M1810
2026-06-06 07:15:08,990 | INFO | scripts.import_formations_enriched | Import de la formation : TP Technicien supérieur systèmes et réseaux (SIRET: 82409268800053)
2026-06-06 07:15:08,992 | INFO | scripts.import_formations_enriched |   - Ajout du flux mensuel : (2024, 3)
2026-06-06 07:15:08,994 | INFO | scripts.import_formations_enriched |   - Ajout du code ROME : I1401
2026-06-06 07:15:08,997 | INFO | scripts.import_formations_enriched |   - Ajout du code ROME : M1810
2026-06-06 07:15:08,997 | INFO | scripts.import_formations_enriched |   - Ajout du flux mensuel : (2024, 9)
2026-06-06 07:15:08,998 | INFO | scripts.import_formations_enriched |   - Ajout du flux mensuel : (2025, 1)
2026-06-06 07:15:08,999 | INFO | scripts.import_formations_enriched |   - Ajout du flux mensuel : (2024, 8)
2026-06-06 07:15:09,013 | INFO | scripts.import_formations_enriched | Import de la formation : Titre ingénieur Ingénieur diplômé du Conservatoire national des arts et métiers, spécialité Informatique (SIRET: 43411361900119)
2026-06-06 07:15:09,014 | INFO | scripts.import_formations_enriched |   - Ajout du flux mensuel : (2025, 1)
2026-06-06 07:15:09,016 | INFO | scripts.import_formations_enriched |   - Ajout du code ROME : M1803
2026-06-06 07:15:09,019 | INFO | scripts.import_formations_enriched |   - Ajout du code ROME : M1804
2026-06-06 07:15:09,022 | INFO | scripts.import_formations_enriched |   - Ajout du code ROME : M1805
2026-06-06 07:15:09,025 | INFO | scripts.import_formations_enriched |   - Ajout du code ROME : M1806
2026-06-06 07:15:09,025 | INFO | scripts.import_formations_enriched |   - Ajout du flux mensuel : (2026, 2)
2026-06-06 07:15:09,026 | INFO | scripts.import_formations_enriched |   - Ajout du flux mensuel : (2024, 10)
2026-06-06 07:15:09,039 | INFO | scripts.import_formations_enriched | Import de la formation : Développeur informatique (SIRET: 49386136300098)
2026-06-06 07:15:09,041 | INFO | scripts.import_formations_enriched |   - Ajout du flux mensuel : (2026, 4)
2026-06-06 07:15:09,044 | INFO | scripts.import_formations_enriched |   - Ajout du code ROME : M1805
2026-06-06 07:15:09,091 | INFO | scripts.import_formations_enriched |   - Ajout du flux mensuel : (2026, 5)
2026-06-06 07:15:09,096 | INFO | scripts.import_formations_enriched |   - Ajout du flux mensuel : (2026, 3)
2026-06-06 07:15:09,112 | INFO | scripts.import_formations_enriched | Import de la formation : Licence Professionnelle Activités juridiques : mandataire judiciaire à la protection des majeurs (fiche nationale) (SIRET: 13003061200019)
2026-06-06 07:15:09,117 | INFO | scripts.import_formations_enriched |   - Ajout du flux mensuel : (2024, 11)
2026-06-06 07:15:09,121 | INFO | scripts.import_formations_enriched |   - Ajout du code ROME : K1102
2026-06-06 07:15:09,123 | INFO | scripts.import_formations_enriched |   - Ajout du flux mensuel : (2025, 10)
2026-06-06 07:15:09,125 | INFO | scripts.import_formations_enriched |   - Ajout du flux mensuel : (2024, 10)
2026-06-06 07:15:09,139 | INFO | scripts.import_formations_enriched | Import de la formation : TP Technicien supérieur systèmes et réseaux (SIRET: 50257683800044)
2026-06-06 07:15:09,142 | INFO | scripts.import_formations_enriched |   - Ajout du flux mensuel : (2024, 6)
2026-06-06 07:15:09,146 | INFO | scripts.import_formations_enriched |   - Ajout du code ROME : I1401
2026-06-06 07:15:09,149 | INFO | scripts.import_formations_enriched |   - Ajout du code ROME : M1810
2026-06-06 07:15:09,163 | INFO | scripts.import_formations_enriched | Import de la formation : TP Développeur web et web mobile (SIRET: 90519015300015)
2026-06-06 07:15:09,164 | INFO | scripts.import_formations_enriched |   - Ajout du flux mensuel : (2023, 10)
2026-06-06 07:15:09,167 | INFO | scripts.import_formations_enriched |   - Ajout du code ROME : M1805
2026-06-06 07:15:09,183 | INFO | scripts.import_formations_enriched | Import de la formation : TP Concepteur développeur d'applications (SIRET: 52118726000018)
2026-06-06 07:15:09,184 | INFO | scripts.import_formations_enriched |   - Ajout du flux mensuel : (2024, 4)
2026-06-06 07:15:09,188 | INFO | scripts.import_formations_enriched |   - Ajout du code ROME : M1805
2026-06-06 07:15:09,204 | INFO | scripts.import_formations_enriched | Import de la formation : TP Développeur web et web mobile (SIRET: 48289309600024)
2026-06-06 07:15:09,206 | INFO | scripts.import_formations_enriched |   - Ajout du flux mensuel : (2023, 12)
2026-06-06 07:15:09,210 | INFO | scripts.import_formations_enriched |   - Ajout du code ROME : M1805
2026-06-06 07:15:09,211 | INFO | scripts.import_formations_enriched |   - Ajout du flux mensuel : (2024, 3)
2026-06-06 07:15:09,228 | INFO | scripts.import_formations_enriched | Import de la formation : TP Développeur web et web mobile (SIRET: 91097589500012)
2026-06-06 07:15:09,229 | INFO | scripts.import_formations_enriched |   - Ajout du flux mensuel : (2024, 9)
2026-06-06 07:15:09,233 | INFO | scripts.import_formations_enriched |   - Ajout du code ROME : M1805
2026-06-06 07:15:09,236 | INFO | scripts.import_formations_enriched |   - Ajout du flux mensuel : (2024, 10)
2026-06-06 07:15:09,254 | INFO | scripts.import_formations_enriched | Import de la formation : TP Développeur web et web mobile (SIRET: 32434542000040)
2026-06-06 07:15:09,256 | INFO | scripts.import_formations_enriched |   - Ajout du flux mensuel : (2025, 12)
2026-06-06 07:15:09,260 | INFO | scripts.import_formations_enriched |   - Ajout du code ROME : M1805
2026-06-06 07:15:09,275 | INFO | scripts.import_formations_enriched | Import de la formation : TP Concepteur développeur d'applications (SIRET: 51833310900040)
2026-06-06 07:15:09,276 | INFO | scripts.import_formations_enriched |   - Ajout du flux mensuel : (2026, 1)
2026-06-06 07:15:09,280 | INFO | scripts.import_formations_enriched |   - Ajout du code ROME : M1805
2026-06-06 07:15:09,300 | INFO | scripts.import_formations_enriched | Import de la formation : Technicien systèmes réseaux et sécurité (SIRET: 49868549400029)
2026-06-06 07:15:09,302 | INFO | scripts.import_formations_enriched |   - Ajout du flux mensuel : (2025, 3)
2026-06-06 07:15:09,306 | INFO | scripts.import_formations_enriched |   - Ajout du code ROME : H1101
2026-06-06 07:15:09,311 | INFO | scripts.import_formations_enriched |   - Ajout du code ROME : M1801
2026-06-06 07:15:09,315 | INFO | scripts.import_formations_enriched |   - Ajout du code ROME : M1810
2026-06-06 07:15:09,334 | INFO | scripts.import_formations_enriched | Import de la formation : TP Concepteur développeur d'applications (SIRET: 88915372200034)
2026-06-06 07:15:09,338 | INFO | scripts.import_formations_enriched |   - Ajout du flux mensuel : (2026, 5)
2026-06-06 07:15:09,344 | INFO | scripts.import_formations_enriched |   - Ajout du code ROME : M1805
2026-06-06 07:15:09,372 | INFO | scripts.import_formations_enriched | Import de la formation : TP Développeur web et web mobile (SIRET: 82374162400022)
2026-06-06 07:15:09,375 | INFO | scripts.import_formations_enriched |   - Ajout du flux mensuel : (2024, 2)
2026-06-06 07:15:09,380 | INFO | scripts.import_formations_enriched |   - Ajout du code ROME : M1805
2026-06-06 07:15:09,381 | INFO | scripts.import_formations_enriched |   - Ajout du flux mensuel : (2024, 1)
2026-06-06 07:15:09,403 | INFO | scripts.import_formations_enriched | Import de la formation : TP Développeur web et web mobile (SIRET: 91392575600011)
2026-06-06 07:15:09,405 | INFO | scripts.import_formations_enriched |   - Ajout du flux mensuel : (2024, 7)
2026-06-06 07:15:09,410 | INFO | scripts.import_formations_enriched |   - Ajout du code ROME : M1805
2026-06-06 07:15:09,411 | INFO | scripts.import_formations_enriched |   - Ajout du flux mensuel : (2024, 6)
2026-06-06 07:15:09,412 | INFO | scripts.import_formations_enriched |   - Ajout du flux mensuel : (2024, 5)
2026-06-06 07:15:09,432 | INFO | scripts.import_formations_enriched | Import de la formation : MASTER Méthodes informatiques appliquées à la gestion des entreprises - MIAGE (fiche nationale) (SIRET: 13001550600012)
2026-06-06 07:15:09,434 | INFO | scripts.import_formations_enriched |   - Ajout du flux mensuel : (2024, 11)
2026-06-06 07:15:09,439 | INFO | scripts.import_formations_enriched |   - Ajout du code ROME : M1801
2026-06-06 07:15:09,444 | INFO | scripts.import_formations_enriched |   - Ajout du code ROME : M1802
2026-06-06 07:15:09,449 | INFO | scripts.import_formations_enriched |   - Ajout du code ROME : M1803
2026-06-06 07:15:09,454 | INFO | scripts.import_formations_enriched |   - Ajout du code ROME : M1805
2026-06-06 07:15:09,459 | INFO | scripts.import_formations_enriched |   - Ajout du code ROME : M1806
2026-06-06 07:15:09,481 | INFO | scripts.import_formations_enriched | Import de la formation : Administrateur systèmes et réseaux (SIRET: 34270750200106)
2026-06-06 07:15:09,482 | INFO | scripts.import_formations_enriched |   - Ajout du flux mensuel : (2025, 10)
2026-06-06 07:15:09,488 | INFO | scripts.import_formations_enriched |   - Ajout du code ROME : M1801
2026-06-06 07:15:09,493 | INFO | scripts.import_formations_enriched |   - Ajout du code ROME : M1802
2026-06-06 07:15:09,497 | INFO | scripts.import_formations_enriched |   - Ajout du code ROME : M1805
2026-06-06 07:15:09,501 | INFO | scripts.import_formations_enriched |   - Ajout du code ROME : M1806
2026-06-06 07:15:09,506 | INFO | scripts.import_formations_enriched |   - Ajout du code ROME : M1810
2026-06-06 07:15:09,507 | INFO | scripts.import_formations_enriched |   - Ajout du flux mensuel : (2024, 11)
2026-06-06 07:15:09,528 | INFO | scripts.import_formations_enriched | Import de la formation : TP Développeur web et web mobile (SIRET: 92015610600022)
2026-06-06 07:15:09,529 | INFO | scripts.import_formations_enriched |   - Ajout du flux mensuel : (2024, 10)
2026-06-06 07:15:09,534 | INFO | scripts.import_formations_enriched |   - Ajout du code ROME : M1805
2026-06-06 07:15:09,552 | INFO | scripts.import_formations_enriched | Import de la formation : Développeur informatique (SIRET: 34270750200718)
2026-06-06 07:15:09,553 | INFO | scripts.import_formations_enriched |   - Ajout du flux mensuel : (2025, 5)
2026-06-06 07:15:09,558 | INFO | scripts.import_formations_enriched |   - Ajout du code ROME : M1805
2026-06-06 07:15:09,559 | INFO | scripts.import_formations_enriched |   - Ajout du flux mensuel : (2025, 10)
2026-06-06 07:15:09,578 | INFO | scripts.import_formations_enriched | Import de la formation : TP Concepteur développeur d'applications (SIRET: 89847054700016)
2026-06-06 07:15:09,579 | INFO | scripts.import_formations_enriched |   - Ajout du flux mensuel : (2026, 4)
2026-06-06 07:15:09,583 | INFO | scripts.import_formations_enriched |   - Ajout du code ROME : M1805
2026-06-06 07:15:09,584 | INFO | scripts.import_formations_enriched |   - Ajout du flux mensuel : (2026, 3)
2026-06-06 07:15:09,586 | INFO | scripts.import_formations_enriched |   - Ajout du flux mensuel : (2026, 5)
2026-06-06 07:15:09,606 | INFO | scripts.import_formations_enriched | Import de la formation : Développeur Intégrateur Web (SIRET: 77573724000165)
2026-06-06 07:15:09,607 | INFO | scripts.import_formations_enriched |   - Ajout du flux mensuel : (2024, 11)
2026-06-06 07:15:09,612 | INFO | scripts.import_formations_enriched |   - Ajout du code ROME : M1805
2026-06-06 07:15:09,613 | INFO | scripts.import_formations_enriched |   - Ajout du flux mensuel : (2025, 11)
2026-06-06 07:15:09,633 | INFO | scripts.import_formations_enriched | Import de la formation : TP Développeur web et web mobile (SIRET: 42219375500598)
2026-06-06 07:15:09,635 | INFO | scripts.import_formations_enriched |   - Ajout du flux mensuel : (2025, 6)
2026-06-06 07:15:09,640 | INFO | scripts.import_formations_enriched |   - Ajout du code ROME : M1805
2026-06-06 07:15:09,641 | INFO | scripts.import_formations_enriched |   - Ajout du flux mensuel : (2025, 3)
2026-06-06 07:15:09,660 | INFO | scripts.import_formations_enriched | Import de la formation : TP Développeur web et web mobile (SIRET: 42219375500713)
2026-06-06 07:15:09,662 | INFO | scripts.import_formations_enriched |   - Ajout du flux mensuel : (2026, 1)
2026-06-06 07:15:09,666 | INFO | scripts.import_formations_enriched |   - Ajout du code ROME : M1805
2026-06-06 07:15:09,688 | INFO | scripts.import_formations_enriched | Import de la formation : TP Développeur web et web mobile (SIRET: 89375780700035)
2026-06-06 07:15:09,690 | INFO | scripts.import_formations_enriched |   - Ajout du flux mensuel : (2024, 10)
2026-06-06 07:15:09,695 | INFO | scripts.import_formations_enriched |   - Ajout du code ROME : M1805
2026-06-06 07:15:09,712 | INFO | scripts.import_formations_enriched | Import de la formation : LICENCE Informatique (fiche nationale) (SIRET: 34896746400028)
2026-06-06 07:15:09,714 | INFO | scripts.import_formations_enriched |   - Ajout du flux mensuel : (2025, 11)
2026-06-06 07:15:09,718 | INFO | scripts.import_formations_enriched |   - Ajout du code ROME : I1401
2026-06-06 07:15:09,723 | INFO | scripts.import_formations_enriched |   - Ajout du code ROME : M1801
2026-06-06 07:15:09,728 | INFO | scripts.import_formations_enriched |   - Ajout du code ROME : M1802
2026-06-06 07:15:09,733 | INFO | scripts.import_formations_enriched |   - Ajout du code ROME : M1805
2026-06-06 07:15:09,739 | INFO | scripts.import_formations_enriched |   - Ajout du code ROME : M1810
2026-06-06 07:15:09,740 | INFO | scripts.import_formations_enriched |   - Ajout du flux mensuel : (2025, 10)
2026-06-06 07:15:09,765 | INFO | scripts.import_formations_enriched | Import de la formation : TP Installateur de réseaux de télécommunications en fibre optique (SIRET: 90078560100015)
2026-06-06 07:15:09,767 | INFO | scripts.import_formations_enriched |   - Ajout du flux mensuel : (2024, 4)
2026-06-06 07:15:09,773 | INFO | scripts.import_formations_enriched |   - Ajout du code ROME : F1605
2026-06-06 07:15:09,793 | INFO | scripts.import_formations_enriched | Import de la formation : Technicien systèmes et réseaux (SIRET: 34270750200502)
2026-06-06 07:15:09,796 | INFO | scripts.import_formations_enriched |   - Ajout du flux mensuel : (2024, 3)
2026-06-06 07:15:09,801 | INFO | scripts.import_formations_enriched |   - Ajout du code ROME : I1307
2026-06-06 07:15:09,805 | INFO | scripts.import_formations_enriched |   - Ajout du code ROME : I1401
2026-06-06 07:15:09,813 | INFO | scripts.import_formations_enriched |   - Ajout du code ROME : M1801
2026-06-06 07:15:09,818 | INFO | scripts.import_formations_enriched |   - Ajout du code ROME : M1810
2026-06-06 07:15:09,842 | INFO | scripts.import_formations_enriched | Import de la formation : MASTER Informatique (fiche nationale) (SIRET: 19251215000363)
2026-06-06 07:15:09,844 | INFO | scripts.import_formations_enriched |   - Ajout du flux mensuel : (2024, 10)
2026-06-06 07:15:09,850 | INFO | scripts.import_formations_enriched |   - Ajout du code ROME : M1801
2026-06-06 07:15:09,858 | INFO | scripts.import_formations_enriched |   - Ajout du code ROME : M1802
2026-06-06 07:15:09,861 | INFO | scripts.import_formations_enriched |   - Ajout du code ROME : M1803
2026-06-06 07:15:09,866 | INFO | scripts.import_formations_enriched |   - Ajout du code ROME : M1805
2026-06-06 07:15:09,874 | INFO | scripts.import_formations_enriched |   - Ajout du code ROME : M1806
2026-06-06 07:15:09,904 | INFO | scripts.import_formations_enriched | Import de la formation : Concepteur développeur d'applications (SIRET: 34270750200718)
2026-06-06 07:15:09,913 | INFO | scripts.import_formations_enriched |   - Ajout du flux mensuel : (2024, 1)
2026-06-06 07:15:09,920 | INFO | scripts.import_formations_enriched |   - Ajout du code ROME : M1802
2026-06-06 07:15:09,927 | INFO | scripts.import_formations_enriched |   - Ajout du code ROME : M1805
2026-06-06 07:15:09,949 | INFO | scripts.import_formations_enriched | Import de la formation : Titre ingénieur Ingénieur diplômé de l'école nationale supérieure d'électronique, informatique, télécommunications, mathématique et mécanique de Bordeaux de l'institut polytechnique de Bordeaux, spécialité réseaux et systèmes d'information (SIRET: 13000635600013)
2026-06-06 07:15:09,951 | INFO | scripts.import_formations_enriched |   - Ajout du flux mensuel : (2024, 2)
2026-06-06 07:15:09,958 | INFO | scripts.import_formations_enriched |   - Ajout du code ROME : H1206
2026-06-06 07:15:09,964 | INFO | scripts.import_formations_enriched |   - Ajout du code ROME : M1802
2026-06-06 07:15:09,971 | INFO | scripts.import_formations_enriched |   - Ajout du code ROME : M1803
2026-06-06 07:15:09,987 | INFO | scripts.import_formations_enriched |   - Ajout du code ROME : M1804
2026-06-06 07:15:10,002 | INFO | scripts.import_formations_enriched |   - Ajout du code ROME : M1806
2026-06-06 07:15:10,031 | INFO | scripts.import_formations_enriched | Import de la formation : Chef de projet web et stratégie digitale (SIRET: 13002172800014)
2026-06-06 07:15:10,033 | INFO | scripts.import_formations_enriched |   - Ajout du flux mensuel : (2025, 10)
2026-06-06 07:15:10,042 | INFO | scripts.import_formations_enriched |   - Ajout du code ROME : E1103
2026-06-06 07:15:10,052 | INFO | scripts.import_formations_enriched |   - Ajout du code ROME : E1401
2026-06-06 07:15:10,062 | INFO | scripts.import_formations_enriched |   - Ajout du code ROME : E1402
2026-06-06 07:15:10,066 | INFO | scripts.import_formations_enriched |   - Ajout du code ROME : M1705
2026-06-06 07:15:10,070 | INFO | scripts.import_formations_enriched |   - Ajout du code ROME : M1806
2026-06-06 07:15:10,092 | INFO | scripts.import_formations_enriched | Import de la formation : TP Concepteur développeur d'applications (SIRET: 81031690100034)
2026-06-06 07:15:10,098 | INFO | scripts.import_formations_enriched |   - Ajout du flux mensuel : (2025, 2)
2026-06-06 07:15:10,105 | INFO | scripts.import_formations_enriched |   - Ajout du code ROME : M1805
2026-06-06 07:15:10,115 | INFO | scripts.import_formations_enriched |   - Ajout du flux mensuel : (2025, 1)
2026-06-06 07:15:10,140 | INFO | scripts.import_formations_enriched |   - Ajout du flux mensuel : (2025, 5)
2026-06-06 07:15:10,176 | INFO | scripts.import_formations_enriched | Import de la formation : Développeur Web (SIRET: 88137643800019)
2026-06-06 07:15:10,188 | INFO | scripts.import_formations_enriched |   - Ajout du flux mensuel : (2024, 9)
2026-06-06 07:15:10,197 | INFO | scripts.import_formations_enriched |   - Ajout du code ROME : M1805
2026-06-06 07:15:10,201 | INFO | scripts.import_formations_enriched |   - Ajout du flux mensuel : (2024, 7)
2026-06-06 07:15:10,209 | INFO | scripts.import_formations_enriched |   - Ajout du flux mensuel : (2024, 10)
2026-06-06 07:15:10,232 | INFO | scripts.import_formations_enriched | Import de la formation : Chef d'entreprise - développeur de PME (SIRET: 18860003500144)
2026-06-06 07:15:10,233 | INFO | scripts.import_formations_enriched |   - Ajout du flux mensuel : (2023, 8)
2026-06-06 07:15:10,243 | INFO | scripts.import_formations_enriched |   - Ajout du code ROME : M1302
2026-06-06 07:15:10,262 | INFO | scripts.import_formations_enriched | Import de la formation : TP Technicien informatique de proximité (SIRET: 39846379400048)
2026-06-06 07:15:10,264 | INFO | scripts.import_formations_enriched |   - Ajout du flux mensuel : (2025, 10)
2026-06-06 07:15:10,268 | INFO | scripts.import_formations_enriched |   - Ajout du code ROME : I1401
2026-06-06 07:15:10,269 | INFO | scripts.import_formations_enriched |   - Ajout du flux mensuel : (2025, 11)
2026-06-06 07:15:10,288 | INFO | scripts.import_formations_enriched | Import de la formation : Expert en ingénierie de l'intelligence artificielle (SIRET: 53145866900045)
2026-06-06 07:15:10,290 | INFO | scripts.import_formations_enriched |   - Ajout du flux mensuel : (2025, 10)
2026-06-06 07:15:10,295 | INFO | scripts.import_formations_enriched |   - Ajout du code ROME : M1802
2026-06-06 07:15:10,300 | INFO | scripts.import_formations_enriched |   - Ajout du code ROME : M1803
2026-06-06 07:15:10,308 | INFO | scripts.import_formations_enriched |   - Ajout du code ROME : M1805
2026-06-06 07:15:10,313 | INFO | scripts.import_formations_enriched |   - Ajout du code ROME : M1810
2026-06-06 07:15:10,337 | INFO | scripts.import_formations_enriched | Import de la formation : TP Développeur web et web mobile (SIRET: 39336786700214)
2026-06-06 07:15:10,340 | INFO | scripts.import_formations_enriched |   - Ajout du flux mensuel : (2025, 10)
2026-06-06 07:15:10,345 | INFO | scripts.import_formations_enriched |   - Ajout du code ROME : M1805
2026-06-06 07:15:10,366 | INFO | scripts.import_formations_enriched | Import de la formation : Licence Professionnelle Activités juridiques : mandataire judiciaire à la protection des majeurs (fiche nationale) (SIRET: 93810656400017)
2026-06-06 07:15:10,367 | INFO | scripts.import_formations_enriched |   - Ajout du flux mensuel : (2025, 9)
2026-06-06 07:15:10,373 | INFO | scripts.import_formations_enriched |   - Ajout du code ROME : K1102
2026-06-06 07:15:10,396 | INFO | scripts.import_formations_enriched | Import de la formation : Développeur en intelligence artificielle (SIRET: 19450782800045)
2026-06-06 07:15:10,397 | INFO | scripts.import_formations_enriched |   - Ajout du flux mensuel : (2025, 1)
2026-06-06 07:15:10,401 | INFO | scripts.import_formations_enriched |   - Ajout du code ROME : M1805
2026-06-06 07:15:10,422 | INFO | scripts.import_formations_enriched | Import de la formation : TP Technicien supérieur systèmes et réseaux (SIRET: 89034821200022)
2026-06-06 07:15:10,424 | INFO | scripts.import_formations_enriched |   - Ajout du flux mensuel : (2024, 2)
2026-06-06 07:15:10,428 | INFO | scripts.import_formations_enriched |   - Ajout du code ROME : I1401
2026-06-06 07:15:10,433 | INFO | scripts.import_formations_enriched |   - Ajout du code ROME : M1810
2026-06-06 07:15:10,454 | INFO | scripts.import_formations_enriched | Import de la formation : Manager en infrastructures et cybersécurité des systèmes d'information (SIRET: 34270750200551)
2026-06-06 07:15:10,455 | INFO | scripts.import_formations_enriched |   - Ajout du flux mensuel : (2024, 9)
2026-06-06 07:15:10,461 | INFO | scripts.import_formations_enriched |   - Ajout du code ROME : M1801
2026-06-06 07:15:10,465 | INFO | scripts.import_formations_enriched |   - Ajout du code ROME : M1802
2026-06-06 07:15:10,469 | INFO | scripts.import_formations_enriched |   - Ajout du code ROME : M1803
2026-06-06 07:15:10,475 | INFO | scripts.import_formations_enriched |   - Ajout du code ROME : M1804
2026-06-06 07:15:10,479 | INFO | scripts.import_formations_enriched |   - Ajout du code ROME : M1810
2026-06-06 07:15:10,481 | INFO | scripts.import_formations_enriched |   - Ajout du flux mensuel : (2025, 6)
2026-06-06 07:15:10,482 | INFO | scripts.import_formations_enriched |   - Ajout du flux mensuel : (2024, 11)
2026-06-06 07:15:10,505 | INFO | scripts.import_formations_enriched | Import de la formation : Développeur en intelligence artificielle (SIRET: 79279132900016)
2026-06-06 07:15:10,507 | INFO | scripts.import_formations_enriched |   - Ajout du flux mensuel : (2026, 5)
2026-06-06 07:15:10,511 | INFO | scripts.import_formations_enriched |   - Ajout du code ROME : M1805
2026-06-06 07:15:10,533 | INFO | scripts.import_formations_enriched | Import de la formation : TP Technicien supérieur systèmes et réseaux (SIRET: 82409268800137)
2026-06-06 07:15:10,534 | INFO | scripts.import_formations_enriched |   - Ajout du flux mensuel : (2026, 2)
2026-06-06 07:15:10,541 | INFO | scripts.import_formations_enriched |   - Ajout du code ROME : I1401
2026-06-06 07:15:10,545 | INFO | scripts.import_formations_enriched |   - Ajout du code ROME : M1810
2026-06-06 07:15:10,547 | INFO | scripts.import_formations_enriched |   - Ajout du flux mensuel : (2025, 11)
2026-06-06 07:15:10,548 | INFO | scripts.import_formations_enriched |   - Ajout du flux mensuel : (2025, 6)
2026-06-06 07:15:10,550 | INFO | scripts.import_formations_enriched |   - Ajout du flux mensuel : (2026, 3)
2026-06-06 07:15:10,573 | INFO | scripts.import_formations_enriched | Import de la formation : BUT Informatique : Réalisation d'applications : conception, développement, validation (SIRET: 13002975400012)
2026-06-06 07:15:10,577 | INFO | scripts.import_formations_enriched |   - Ajout du flux mensuel : (2025, 9)
2026-06-06 07:15:10,581 | INFO | scripts.import_formations_enriched |   - Ajout du code ROME : M1802
2026-06-06 07:15:10,587 | INFO | scripts.import_formations_enriched |   - Ajout du code ROME : M1805
2026-06-06 07:15:10,589 | INFO | scripts.import_formations_enriched |   - Ajout du flux mensuel : (2024, 10)
2026-06-06 07:15:10,591 | INFO | scripts.import_formations_enriched |   - Ajout du flux mensuel : (2025, 10)
2026-06-06 07:15:10,616 | INFO | scripts.import_formations_enriched | Import de la formation : TP Concepteur développeur d'applications (SIRET: 38876048000029)
2026-06-06 07:15:10,617 | INFO | scripts.import_formations_enriched |   - Ajout du flux mensuel : (2026, 1)
2026-06-06 07:15:10,624 | INFO | scripts.import_formations_enriched |   - Ajout du code ROME : M1805
2026-06-06 07:15:10,636 | INFO | scripts.import_formations_enriched |   - Ajout du flux mensuel : (2026, 3)
2026-06-06 07:15:10,644 | INFO | scripts.import_formations_enriched |   - Ajout du flux mensuel : (2026, 2)
2026-06-06 07:15:10,665 | INFO | scripts.import_formations_enriched | Import de la formation : Licence Professionnelle Activités juridiques : mandataire judiciaire à la protection des majeurs (fiche nationale) (SIRET: 13003051300019)
2026-06-06 07:15:10,679 | INFO | scripts.import_formations_enriched |   - Ajout du flux mensuel : (2025, 9)
2026-06-06 07:15:10,684 | INFO | scripts.import_formations_enriched |   - Ajout du code ROME : K1102
2026-06-06 07:15:10,692 | INFO | scripts.import_formations_enriched |   - Ajout du flux mensuel : (2024, 9)
2026-06-06 07:15:10,719 | INFO | scripts.import_formations_enriched | Import de la formation : TP Développeur web et web mobile (SIRET: 83410967000028)
2026-06-06 07:15:10,736 | INFO | scripts.import_formations_enriched |   - Ajout du flux mensuel : (2026, 4)
2026-06-06 07:15:10,745 | INFO | scripts.import_formations_enriched |   - Ajout du code ROME : M1805
2026-06-06 07:15:10,776 | INFO | scripts.import_formations_enriched | Import de la formation : TP Technicien supérieur systèmes et réseaux (SIRET: 43511181000048)
2026-06-06 07:15:10,791 | INFO | scripts.import_formations_enriched |   - Ajout du flux mensuel : (2025, 9)
2026-06-06 07:15:10,805 | INFO | scripts.import_formations_enriched |   - Ajout du code ROME : I1401
2026-06-06 07:15:10,813 | INFO | scripts.import_formations_enriched |   - Ajout du code ROME : M1810
2026-06-06 07:15:10,815 | INFO | scripts.import_formations_enriched |   - Ajout du flux mensuel : (2026, 2)
2026-06-06 07:15:10,837 | INFO | scripts.import_formations_enriched | Import de la formation : TP Concepteur développeur d'applications (SIRET: 82409268800178)
2026-06-06 07:15:10,839 | INFO | scripts.import_formations_enriched |   - Ajout du flux mensuel : (2025, 6)
2026-06-06 07:15:10,844 | INFO | scripts.import_formations_enriched |   - Ajout du code ROME : M1805
2026-06-06 07:15:10,867 | INFO | scripts.import_formations_enriched | Import de la formation : Technicien systèmes réseaux et sécurité (SIRET: 44321186700116)
2026-06-06 07:15:10,872 | INFO | scripts.import_formations_enriched |   - Ajout du flux mensuel : (2026, 1)
2026-06-06 07:15:10,878 | INFO | scripts.import_formations_enriched |   - Ajout du code ROME : H1101
2026-06-06 07:15:10,883 | INFO | scripts.import_formations_enriched |   - Ajout du code ROME : M1801
2026-06-06 07:15:10,888 | INFO | scripts.import_formations_enriched |   - Ajout du code ROME : M1810
2026-06-06 07:15:10,891 | INFO | scripts.import_formations_enriched |   - Ajout du flux mensuel : (2025, 11)
2026-06-06 07:15:10,894 | INFO | scripts.import_formations_enriched |   - Ajout du flux mensuel : (2025, 9)
2026-06-06 07:15:10,907 | INFO | scripts.import_formations_enriched | Import de la formation : TP Technicien supérieur systèmes et réseaux (SIRET: 87895457700010)
2026-06-06 07:15:10,908 | INFO | scripts.import_formations_enriched |   - Ajout du flux mensuel : (2026, 5)
2026-06-06 07:15:10,911 | INFO | scripts.import_formations_enriched |   - Ajout du code ROME : I1401
2026-06-06 07:15:10,915 | INFO | scripts.import_formations_enriched |   - Ajout du code ROME : M1810
2026-06-06 07:15:10,916 | INFO | scripts.import_formations_enriched |   - Ajout du flux mensuel : (2024, 12)
2026-06-06 07:15:10,917 | INFO | scripts.import_formations_enriched |   - Ajout du flux mensuel : (2023, 12)
2026-06-06 07:15:10,932 | INFO | scripts.import_formations_enriched | Import de la formation : Manager en infrastructures et cybersécurité des systèmes d'information (SIRET: 34270750200106)
2026-06-06 07:15:10,933 | INFO | scripts.import_formations_enriched |   - Ajout du flux mensuel : (2025, 7)
2026-06-06 07:15:10,936 | INFO | scripts.import_formations_enriched |   - Ajout du code ROME : M1801
2026-06-06 07:15:10,942 | INFO | scripts.import_formations_enriched |   - Ajout du code ROME : M1802
2026-06-06 07:15:10,944 | INFO | scripts.import_formations_enriched |   - Ajout du code ROME : M1803
2026-06-06 07:15:10,947 | INFO | scripts.import_formations_enriched |   - Ajout du code ROME : M1804
2026-06-06 07:15:10,950 | INFO | scripts.import_formations_enriched |   - Ajout du code ROME : M1810
2026-06-06 07:15:10,955 | INFO | scripts.import_formations_enriched |   - Ajout du flux mensuel : (2025, 4)
2026-06-06 07:15:10,959 | INFO | scripts.import_formations_enriched |   - Ajout du flux mensuel : (2025, 11)
2026-06-06 07:15:10,977 | INFO | scripts.import_formations_enriched | Import de la formation : Chef d'entreprise - développeur de PME (SIRET: 18530044900013)
2026-06-06 07:15:10,978 | INFO | scripts.import_formations_enriched |   - Ajout du flux mensuel : (2025, 2)
2026-06-06 07:15:10,981 | INFO | scripts.import_formations_enriched |   - Ajout du code ROME : M1302
2026-06-06 07:15:10,982 | INFO | scripts.import_formations_enriched |   - Ajout du flux mensuel : (2024, 10)
2026-06-06 07:15:10,996 | INFO | scripts.import_formations_enriched | Import de la formation : Titre ingénieur Ingénieur spécialisé en économie régénérative, diplômé de l'École nationale supérieure d'informatique et de mathématiques appliquées de l'Institut polytechnique de Grenoble (SIRET: 19381912500017)
2026-06-06 07:15:10,997 | INFO | scripts.import_formations_enriched |   - Ajout du flux mensuel : (2025, 10)
2026-06-06 07:15:10,999 | INFO | scripts.import_formations_enriched |   - Ajout du code ROME : H1206
2026-06-06 07:15:11,001 | INFO | scripts.import_formations_enriched |   - Ajout du code ROME : H1302
2026-06-06 07:15:11,005 | INFO | scripts.import_formations_enriched |   - Ajout du code ROME : M1402
2026-06-06 07:15:11,016 | INFO | scripts.import_formations_enriched | Import de la formation : TP Développeur web et web mobile (SIRET: 91821302600019)
2026-06-06 07:15:11,016 | INFO | scripts.import_formations_enriched |   - Ajout du flux mensuel : (2023, 12)
2026-06-06 07:15:11,019 | INFO | scripts.import_formations_enriched |   - Ajout du code ROME : M1805
2026-06-06 07:15:11,021 | INFO | scripts.import_formations_enriched |   - Ajout du flux mensuel : (2024, 2)
2026-06-06 07:15:11,037 | INFO | scripts.import_formations_enriched | Import de la formation : Manager en infrastructures et cybersécurité des systèmes d'information (SIRET: 34270750200502)
2026-06-06 07:15:11,039 | INFO | scripts.import_formations_enriched |   - Ajout du flux mensuel : (2026, 3)
2026-06-06 07:15:11,043 | INFO | scripts.import_formations_enriched |   - Ajout du code ROME : M1801
2026-06-06 07:15:11,046 | INFO | scripts.import_formations_enriched |   - Ajout du code ROME : M1802
2026-06-06 07:15:11,050 | INFO | scripts.import_formations_enriched |   - Ajout du code ROME : M1803
2026-06-06 07:15:11,055 | INFO | scripts.import_formations_enriched |   - Ajout du code ROME : M1804
2026-06-06 07:15:11,062 | INFO | scripts.import_formations_enriched |   - Ajout du code ROME : M1810
2026-06-06 07:15:11,077 | INFO | scripts.import_formations_enriched | Import de la formation : TP Administrateur système DevOps (SIRET: 85289592900010)
2026-06-06 07:15:11,078 | INFO | scripts.import_formations_enriched |   - Ajout du flux mensuel : (2024, 10)
2026-06-06 07:15:11,081 | INFO | scripts.import_formations_enriched |   - Ajout du code ROME : M1801
2026-06-06 07:15:11,084 | INFO | scripts.import_formations_enriched |   - Ajout du code ROME : M1802
2026-06-06 07:15:11,086 | INFO | scripts.import_formations_enriched |   - Ajout du flux mensuel : (2023, 9)
2026-06-06 07:15:11,100 | INFO | scripts.import_formations_enriched | Import de la formation : Chef de projet informatique (SIRET: 34270750200502)
2026-06-06 07:15:11,102 | INFO | scripts.import_formations_enriched |   - Ajout du flux mensuel : (2022, 11)
2026-06-06 07:15:11,108 | INFO | scripts.import_formations_enriched |   - Ajout du code ROME : M1801
2026-06-06 07:15:11,114 | INFO | scripts.import_formations_enriched |   - Ajout du code ROME : M1802
2026-06-06 07:15:11,126 | INFO | scripts.import_formations_enriched |   - Ajout du code ROME : M1803
2026-06-06 07:15:11,131 | INFO | scripts.import_formations_enriched |   - Ajout du code ROME : M1805
2026-06-06 07:15:11,134 | INFO | scripts.import_formations_enriched |   - Ajout du code ROME : M1806
2026-06-06 07:15:11,166 | INFO | scripts.import_formations_enriched | Import de la formation : TP Développeur web et web mobile (SIRET: 87802160900010)
2026-06-06 07:15:11,167 | INFO | scripts.import_formations_enriched |   - Ajout du flux mensuel : (2024, 5)
2026-06-06 07:15:11,175 | INFO | scripts.import_formations_enriched |   - Ajout du code ROME : M1805
2026-06-06 07:15:11,176 | INFO | scripts.import_formations_enriched |   - Ajout du flux mensuel : (2024, 4)
2026-06-06 07:15:11,190 | INFO | scripts.import_formations_enriched | Import de la formation : TP Développeur web et web mobile (SIRET: 44427438500020)
2026-06-06 07:15:11,192 | INFO | scripts.import_formations_enriched |   - Ajout du flux mensuel : (2023, 11)
2026-06-06 07:15:11,196 | INFO | scripts.import_formations_enriched |   - Ajout du code ROME : M1805
2026-06-06 07:15:11,209 | INFO | scripts.import_formations_enriched | Import de la formation : Concepteur développeur en intelligence artificielle et analyse big data (SIRET: 79494991700064)
2026-06-06 07:15:11,210 | INFO | scripts.import_formations_enriched |   - Ajout du flux mensuel : (2024, 10)
2026-06-06 07:15:11,214 | INFO | scripts.import_formations_enriched |   - Ajout du code ROME : M1403
2026-06-06 07:15:11,217 | INFO | scripts.import_formations_enriched |   - Ajout du code ROME : M1805
2026-06-06 07:15:11,230 | INFO | scripts.import_formations_enriched | Import de la formation : TP Technicien supérieur en automatique et informatique industrielle (SIRET: 82409268800178)
2026-06-06 07:15:11,231 | INFO | scripts.import_formations_enriched |   - Ajout du flux mensuel : (2025, 9)
2026-06-06 07:15:11,234 | INFO | scripts.import_formations_enriched |   - Ajout du code ROME : H1208
2026-06-06 07:15:11,235 | INFO | scripts.import_formations_enriched |   - Ajout du flux mensuel : (2025, 3)
2026-06-06 07:15:11,249 | INFO | scripts.import_formations_enriched | Import de la formation : BUT Génie Électrique et Informatique Industrielle : Électronique et Systèmes Embarqués (SIRET: 13001835100010)
2026-06-06 07:15:11,251 | INFO | scripts.import_formations_enriched |   - Ajout du flux mensuel : (2022, 9)
2026-06-06 07:15:11,260 | INFO | scripts.import_formations_enriched |   - Ajout du code ROME : H1202
2026-06-06 07:15:11,266 | INFO | scripts.import_formations_enriched |   - Ajout du code ROME : H1209
2026-06-06 07:15:11,270 | INFO | scripts.import_formations_enriched |   - Ajout du code ROME : H1504
2026-06-06 07:15:11,273 | INFO | scripts.import_formations_enriched |   - Ajout du code ROME : I1305
2026-06-06 07:15:11,277 | INFO | scripts.import_formations_enriched |   - Ajout du code ROME : M1805
2026-06-06 07:15:11,292 | INFO | scripts.import_formations_enriched | Import de la formation : MASTER Informatique (fiche nationale) (SIRET: 42061943900045)
2026-06-06 07:15:11,293 | INFO | scripts.import_formations_enriched |   - Ajout du flux mensuel : (2025, 11)
2026-06-06 07:15:11,297 | INFO | scripts.import_formations_enriched |   - Ajout du code ROME : M1801
2026-06-06 07:15:11,301 | INFO | scripts.import_formations_enriched |   - Ajout du code ROME : M1802
2026-06-06 07:15:11,304 | INFO | scripts.import_formations_enriched |   - Ajout du code ROME : M1803
2026-06-06 07:15:11,309 | INFO | scripts.import_formations_enriched |   - Ajout du code ROME : M1805
2026-06-06 07:15:11,313 | INFO | scripts.import_formations_enriched |   - Ajout du code ROME : M1806
2026-06-06 07:15:11,314 | INFO | scripts.import_formations_enriched |   - Ajout du flux mensuel : (2024, 11)
2026-06-06 07:15:11,330 | INFO | scripts.import_formations_enriched | Import de la formation : TP Concepteur développeur d'applications (SIRET: 90493432000014)
2026-06-06 07:15:11,331 | INFO | scripts.import_formations_enriched |   - Ajout du flux mensuel : (2024, 5)
2026-06-06 07:15:11,335 | INFO | scripts.import_formations_enriched |   - Ajout du code ROME : M1805
2026-06-06 07:15:11,337 | INFO | scripts.import_formations_enriched |   - Ajout du flux mensuel : (2024, 7)
2026-06-06 07:15:11,338 | INFO | scripts.import_formations_enriched |   - Ajout du flux mensuel : (2024, 4)
2026-06-06 07:15:11,362 | INFO | scripts.import_formations_enriched | Import de la formation : TP Technicien supérieur systèmes et réseaux (SIRET: 90761041400019)
2026-06-06 07:15:11,364 | INFO | scripts.import_formations_enriched |   - Ajout du flux mensuel : (2025, 9)
2026-06-06 07:15:11,370 | INFO | scripts.import_formations_enriched |   - Ajout du code ROME : I1401
2026-06-06 07:15:11,375 | INFO | scripts.import_formations_enriched |   - Ajout du code ROME : M1810
2026-06-06 07:15:11,396 | INFO | scripts.import_formations_enriched | Import de la formation : TP Développeur web et web mobile (SIRET: 75301474500032)
2026-06-06 07:15:11,398 | INFO | scripts.import_formations_enriched |   - Ajout du flux mensuel : (2025, 3)
2026-06-06 07:15:11,404 | INFO | scripts.import_formations_enriched |   - Ajout du code ROME : M1805
2026-06-06 07:15:11,423 | INFO | scripts.import_formations_enriched | Import de la formation : Développeur Web (SIRET: 82277112700021)
2026-06-06 07:15:11,425 | INFO | scripts.import_formations_enriched |   - Ajout du flux mensuel : (2024, 3)
2026-06-06 07:15:11,429 | INFO | scripts.import_formations_enriched |   - Ajout du code ROME : M1805
2026-06-06 07:15:11,433 | INFO | scripts.import_formations_enriched |   - Ajout du flux mensuel : (2024, 2)
2026-06-06 07:15:11,434 | INFO | scripts.import_formations_enriched |   - Ajout du flux mensuel : (2024, 6)
2026-06-06 07:15:11,435 | INFO | scripts.import_formations_enriched |   - Ajout du flux mensuel : (2024, 5)
2026-06-06 07:15:11,459 | INFO | scripts.import_formations_enriched | Import de la formation : TP Technicien supérieur systèmes et réseaux (SIRET: 19920131000042)
2026-06-06 07:15:11,461 | INFO | scripts.import_formations_enriched |   - Ajout du flux mensuel : (2025, 9)
2026-06-06 07:15:11,465 | INFO | scripts.import_formations_enriched |   - Ajout du code ROME : I1401
2026-06-06 07:15:11,470 | INFO | scripts.import_formations_enriched |   - Ajout du code ROME : M1810
2026-06-06 07:15:11,488 | INFO | scripts.import_formations_enriched | Import de la formation : Chef de projet informatique (SIRET: 34270750200791)
2026-06-06 07:15:11,490 | INFO | scripts.import_formations_enriched |   - Ajout du flux mensuel : (2023, 10)
2026-06-06 07:15:11,495 | INFO | scripts.import_formations_enriched |   - Ajout du code ROME : M1801
2026-06-06 07:15:11,499 | INFO | scripts.import_formations_enriched |   - Ajout du code ROME : M1802
2026-06-06 07:15:11,505 | INFO | scripts.import_formations_enriched |   - Ajout du code ROME : M1803
2026-06-06 07:15:11,510 | INFO | scripts.import_formations_enriched |   - Ajout du code ROME : M1805
2026-06-06 07:15:11,514 | INFO | scripts.import_formations_enriched |   - Ajout du code ROME : M1806
2026-06-06 07:15:11,516 | INFO | scripts.import_formations_enriched |   - Ajout du flux mensuel : (2023, 5)
2026-06-06 07:15:11,517 | INFO | scripts.import_formations_enriched |   - Ajout du flux mensuel : (2023, 1)
2026-06-06 07:15:11,518 | INFO | scripts.import_formations_enriched |   - Ajout du flux mensuel : (2026, 3)
2026-06-06 07:15:11,542 | INFO | scripts.import_formations_enriched | Import de la formation : TP Technicien supérieur systèmes et réseaux (SIRET: 82907572000013)
2026-06-06 07:15:11,544 | INFO | scripts.import_formations_enriched |   - Ajout du flux mensuel : (2024, 4)
2026-06-06 07:15:11,549 | INFO | scripts.import_formations_enriched |   - Ajout du code ROME : I1401
2026-06-06 07:15:11,553 | INFO | scripts.import_formations_enriched |   - Ajout du code ROME : M1810
2026-06-06 07:15:11,554 | INFO | scripts.import_formations_enriched |   - Ajout du flux mensuel : (2024, 3)
2026-06-06 07:15:11,578 | INFO | scripts.import_formations_enriched | Import de la formation : Concepteur intégrateur d'infrastructures informatiques (systèmes et réseaux, applicatives, ou de sécurité) (SIRET: 34896746400028)
2026-06-06 07:15:11,580 | INFO | scripts.import_formations_enriched |   - Ajout du flux mensuel : (2025, 9)
2026-06-06 07:15:11,585 | INFO | scripts.import_formations_enriched |   - Ajout du code ROME : M1801
2026-06-06 07:15:11,589 | INFO | scripts.import_formations_enriched |   - Ajout du code ROME : M1805
2026-06-06 07:15:11,609 | INFO | scripts.import_formations_enriched | Import de la formation : TP Développeur web et web mobile (SIRET: 41436247500025)
2026-06-06 07:15:11,611 | INFO | scripts.import_formations_enriched |   - Ajout du flux mensuel : (2024, 3)
2026-06-06 07:15:11,616 | INFO | scripts.import_formations_enriched |   - Ajout du code ROME : M1805
2026-06-06 07:15:11,636 | INFO | scripts.import_formations_enriched | Import de la formation : Administrateur systèmes et réseaux (SIRET: 34270750200692)
2026-06-06 07:15:11,638 | INFO | scripts.import_formations_enriched |   - Ajout du flux mensuel : (2024, 1)
2026-06-06 07:15:11,643 | INFO | scripts.import_formations_enriched |   - Ajout du code ROME : M1801
2026-06-06 07:15:11,648 | INFO | scripts.import_formations_enriched |   - Ajout du code ROME : M1802
2026-06-06 07:15:11,652 | INFO | scripts.import_formations_enriched |   - Ajout du code ROME : M1805
2026-06-06 07:15:11,656 | INFO | scripts.import_formations_enriched |   - Ajout du code ROME : M1806
2026-06-06 07:15:11,661 | INFO | scripts.import_formations_enriched |   - Ajout du code ROME : M1810
2026-06-06 07:15:11,680 | INFO | scripts.import_formations_enriched | Import de la formation : Développeur informatique (SIRET: 19330023300031)
2026-06-06 07:15:11,682 | INFO | scripts.import_formations_enriched |   - Ajout du flux mensuel : (2024, 9)
2026-06-06 07:15:11,686 | INFO | scripts.import_formations_enriched |   - Ajout du code ROME : M1805
2026-06-06 07:15:11,704 | INFO | scripts.import_formations_enriched | Import de la formation : LICENCE Informatique (fiche nationale) (SIRET: 82304134800017)
2026-06-06 07:15:11,706 | INFO | scripts.import_formations_enriched |   - Ajout du flux mensuel : (2026, 2)
2026-06-06 07:15:11,711 | INFO | scripts.import_formations_enriched |   - Ajout du code ROME : I1401
2026-06-06 07:15:11,715 | INFO | scripts.import_formations_enriched |   - Ajout du code ROME : M1801
2026-06-06 07:15:11,719 | INFO | scripts.import_formations_enriched |   - Ajout du code ROME : M1802
2026-06-06 07:15:11,727 | INFO | scripts.import_formations_enriched |   - Ajout du code ROME : M1805
2026-06-06 07:15:11,733 | INFO | scripts.import_formations_enriched |   - Ajout du code ROME : M1810
2026-06-06 07:15:11,757 | INFO | scripts.import_formations_enriched | Import de la formation : TP Développeur web et web mobile (SIRET: 88901627500014)
2026-06-06 07:15:11,758 | INFO | scripts.import_formations_enriched |   - Ajout du flux mensuel : (2024, 3)
2026-06-06 07:15:11,765 | INFO | scripts.import_formations_enriched |   - Ajout du code ROME : M1805
2026-06-06 07:15:11,791 | INFO | scripts.import_formations_enriched | Import de la formation : Gestionnaire en maintenance et support informatique (SIRET: 34270750200817)
2026-06-06 07:15:11,793 | INFO | scripts.import_formations_enriched |   - Ajout du flux mensuel : (2025, 10)
2026-06-06 07:15:11,800 | INFO | scripts.import_formations_enriched |   - Ajout du code ROME : I1401
2026-06-06 07:15:11,805 | INFO | scripts.import_formations_enriched |   - Ajout du code ROME : M1801
2026-06-06 07:15:11,811 | INFO | scripts.import_formations_enriched |   - Ajout du code ROME : M1810
2026-06-06 07:15:11,831 | INFO | scripts.import_formations_enriched | Import de la formation : MASTER Informatique (fiche nationale) (SIRET: 13002979600013)
2026-06-06 07:15:11,833 | INFO | scripts.import_formations_enriched |   - Ajout du flux mensuel : (2025, 9)
2026-06-06 07:15:11,837 | INFO | scripts.import_formations_enriched |   - Ajout du code ROME : M1801
2026-06-06 07:15:11,842 | INFO | scripts.import_formations_enriched |   - Ajout du code ROME : M1802
2026-06-06 07:15:11,847 | INFO | scripts.import_formations_enriched |   - Ajout du code ROME : M1803
2026-06-06 07:15:11,851 | INFO | scripts.import_formations_enriched |   - Ajout du code ROME : M1805
2026-06-06 07:15:11,855 | INFO | scripts.import_formations_enriched |   - Ajout du code ROME : M1806
2026-06-06 07:15:11,878 | INFO | scripts.import_formations_enriched | Import de la formation : TP Technicien d'intervention de réseaux de télécommunications en fibre optique (SIRET: 19700905300020)
2026-06-06 07:15:11,879 | INFO | scripts.import_formations_enriched |   - Ajout du flux mensuel : (2026, 1)
2026-06-06 07:15:11,884 | INFO | scripts.import_formations_enriched |   - Ajout du code ROME : I1307
2026-06-06 07:15:11,901 | INFO | scripts.import_formations_enriched | Import de la formation : TP Technicien informatique de proximité (SIRET: 82409268800137)
2026-06-06 07:15:11,903 | INFO | scripts.import_formations_enriched |   - Ajout du flux mensuel : (2026, 3)
2026-06-06 07:15:11,908 | INFO | scripts.import_formations_enriched |   - Ajout du code ROME : I1401
2026-06-06 07:15:11,936 | INFO | scripts.import_formations_enriched | Import de la formation : TP Concepteur développeur d'applications (SIRET: 91213498800019)
2026-06-06 07:15:11,938 | INFO | scripts.import_formations_enriched |   - Ajout du flux mensuel : (2024, 2)
2026-06-06 07:15:11,942 | INFO | scripts.import_formations_enriched |   - Ajout du code ROME : M1805
2026-06-06 07:15:11,963 | INFO | scripts.import_formations_enriched | Import de la formation : LICENCE Informatique (fiche nationale) (SIRET: 19801344300017)
2026-06-06 07:15:11,965 | INFO | scripts.import_formations_enriched |   - Ajout du flux mensuel : (2026, 2)
2026-06-06 07:15:11,970 | INFO | scripts.import_formations_enriched |   - Ajout du code ROME : I1401
2026-06-06 07:15:11,974 | INFO | scripts.import_formations_enriched |   - Ajout du code ROME : M1801
2026-06-06 07:15:11,978 | INFO | scripts.import_formations_enriched |   - Ajout du code ROME : M1802
2026-06-06 07:15:11,982 | INFO | scripts.import_formations_enriched |   - Ajout du code ROME : M1805
2026-06-06 07:15:11,987 | INFO | scripts.import_formations_enriched |   - Ajout du code ROME : M1810
2026-06-06 07:15:12,007 | INFO | scripts.import_formations_enriched | Import de la formation : TP Concepteur développeur d'applications (SIRET: 44276468400027)
2026-06-06 07:15:12,009 | INFO | scripts.import_formations_enriched |   - Ajout du flux mensuel : (2026, 1)
2026-06-06 07:15:12,013 | INFO | scripts.import_formations_enriched |   - Ajout du code ROME : M1805
2026-06-06 07:15:12,033 | INFO | scripts.import_formations_enriched | Import de la formation : Licence Professionnelle Métiers de l'informatique : conduite de projets (fiche nationale) (SIRET: 19870669900321)
2026-06-06 07:15:12,038 | INFO | scripts.import_formations_enriched |   - Ajout du flux mensuel : (2025, 9)
2026-06-06 07:15:12,044 | INFO | scripts.import_formations_enriched |   - Ajout du code ROME : M1801
2026-06-06 07:15:12,048 | INFO | scripts.import_formations_enriched |   - Ajout du code ROME : M1802
2026-06-06 07:15:12,055 | INFO | scripts.import_formations_enriched |   - Ajout du code ROME : M1805
2026-06-06 07:15:12,082 | INFO | scripts.import_formations_enriched | Import de la formation : Manager en infrastructures et cybersécurité des systèmes d'information (SIRET: 34270750200627)
2026-06-06 07:15:12,084 | INFO | scripts.import_formations_enriched |   - Ajout du flux mensuel : (2026, 2)
2026-06-06 07:15:12,097 | INFO | scripts.import_formations_enriched |   - Ajout du code ROME : M1801
2026-06-06 07:15:12,103 | INFO | scripts.import_formations_enriched |   - Ajout du code ROME : M1802
2026-06-06 07:15:12,116 | INFO | scripts.import_formations_enriched |   - Ajout du code ROME : M1803
2026-06-06 07:15:12,120 | INFO | scripts.import_formations_enriched |   - Ajout du code ROME : M1804
2026-06-06 07:15:12,128 | INFO | scripts.import_formations_enriched |   - Ajout du code ROME : M1810
2026-06-06 07:15:12,162 | INFO | scripts.import_formations_enriched | Import de la formation : TP Développeur web et web mobile (SIRET: 90961896900028)
2026-06-06 07:15:12,167 | INFO | scripts.import_formations_enriched |   - Ajout du flux mensuel : (2024, 8)
2026-06-06 07:15:12,182 | INFO | scripts.import_formations_enriched |   - Ajout du code ROME : M1805
2026-06-06 07:15:12,207 | INFO | scripts.import_formations_enriched | Import de la formation : TP Concepteur développeur d'applications (SIRET: 42219375500598)
2026-06-06 07:15:12,211 | INFO | scripts.import_formations_enriched |   - Ajout du flux mensuel : (2026, 1)
2026-06-06 07:15:12,234 | INFO | scripts.import_formations_enriched |   - Ajout du code ROME : M1805
2026-06-06 07:15:12,240 | INFO | scripts.import_formations_enriched |   - Ajout du flux mensuel : (2025, 11)
2026-06-06 07:15:12,266 | INFO | scripts.import_formations_enriched | Import de la formation : LICENCE Informatique (fiche nationale) (SIRET: 13002975400012)
2026-06-06 07:15:12,269 | INFO | scripts.import_formations_enriched |   - Ajout du flux mensuel : (2025, 11)
2026-06-06 07:15:12,275 | INFO | scripts.import_formations_enriched |   - Ajout du code ROME : I1401
2026-06-06 07:15:12,278 | INFO | scripts.import_formations_enriched |   - Ajout du code ROME : M1801
2026-06-06 07:15:12,283 | INFO | scripts.import_formations_enriched |   - Ajout du code ROME : M1802
2026-06-06 07:15:12,288 | INFO | scripts.import_formations_enriched |   - Ajout du code ROME : M1805
2026-06-06 07:15:12,297 | INFO | scripts.import_formations_enriched |   - Ajout du code ROME : M1810
2026-06-06 07:15:12,320 | INFO | scripts.import_formations_enriched | Import de la formation : DIPLOVIS Expert en Ingénierie Informatique et Innovation Numérique (SIRET: 88931074400020)
2026-06-06 07:15:12,328 | INFO | scripts.import_formations_enriched |   - Ajout du flux mensuel : (2025, 1)
2026-06-06 07:15:12,334 | INFO | scripts.import_formations_enriched |   - Ajout du code ROME : M1801
2026-06-06 07:15:12,339 | INFO | scripts.import_formations_enriched |   - Ajout du code ROME : M1802
2026-06-06 07:15:12,346 | INFO | scripts.import_formations_enriched |   - Ajout du code ROME : M1803
2026-06-06 07:15:12,351 | INFO | scripts.import_formations_enriched |   - Ajout du code ROME : M1804
2026-06-06 07:15:12,360 | INFO | scripts.import_formations_enriched |   - Ajout du code ROME : M1805
2026-06-06 07:15:12,385 | INFO | scripts.import_formations_enriched | Import de la formation : Développeur informatique (SIRET: 34270750200791)
2026-06-06 07:15:12,395 | INFO | scripts.import_formations_enriched |   - Ajout du flux mensuel : (2025, 9)
2026-06-06 07:15:12,400 | INFO | scripts.import_formations_enriched |   - Ajout du code ROME : M1805
2026-06-06 07:15:12,421 | INFO | scripts.import_formations_enriched | Import de la formation : Licence Professionnelle Métiers de l'informatique : administration et sécurité des systèmes et des réseaux (fiche nationale) (SIRET: 19941111700013)
2026-06-06 07:15:12,431 | INFO | scripts.import_formations_enriched |   - Ajout du flux mensuel : (2025, 10)
2026-06-06 07:15:12,439 | INFO | scripts.import_formations_enriched |   - Ajout du code ROME : M1801
2026-06-06 07:15:12,448 | INFO | scripts.import_formations_enriched |   - Ajout du code ROME : M1802
2026-06-06 07:15:12,455 | INFO | scripts.import_formations_enriched |   - Ajout du code ROME : M1804
2026-06-06 07:15:12,462 | INFO | scripts.import_formations_enriched |   - Ajout du code ROME : M1805
2026-06-06 07:15:12,490 | INFO | scripts.import_formations_enriched | Import de la formation : TP Développeur web et web mobile (SIRET: 52229814000032)
2026-06-06 07:15:12,491 | INFO | scripts.import_formations_enriched |   - Ajout du flux mensuel : (2024, 9)
2026-06-06 07:15:12,496 | INFO | scripts.import_formations_enriched |   - Ajout du code ROME : M1805
2026-06-06 07:15:12,498 | INFO | scripts.import_formations_enriched |   - Ajout du flux mensuel : (2025, 9)
2026-06-06 07:15:12,499 | INFO | scripts.import_formations_enriched |   - Ajout du flux mensuel : (2025, 10)
2026-06-06 07:15:12,501 | INFO | scripts.import_formations_enriched |   - Ajout du flux mensuel : (2024, 10)
2026-06-06 07:15:12,530 | INFO | scripts.import_formations_enriched | Import de la formation : TP Technicien informatique de proximité (SIRET: 82409268800228)
2026-06-06 07:15:12,534 | INFO | scripts.import_formations_enriched |   - Ajout du flux mensuel : (2026, 5)
2026-06-06 07:15:12,539 | INFO | scripts.import_formations_enriched |   - Ajout du code ROME : I1401
2026-06-06 07:15:12,561 | INFO | scripts.import_formations_enriched | Import de la formation : TP Concepteur développeur d'applications (SIRET: 92185376800015)
2026-06-06 07:15:12,562 | INFO | scripts.import_formations_enriched |   - Ajout du flux mensuel : (2026, 2)
2026-06-06 07:15:12,567 | INFO | scripts.import_formations_enriched |   - Ajout du code ROME : M1805
2026-06-06 07:15:12,568 | INFO | scripts.import_formations_enriched |   - Ajout du flux mensuel : (2025, 3)
2026-06-06 07:15:12,586 | INFO | scripts.import_formations_enriched | Import de la formation : TP Développeur web et web mobile (SIRET: 82409268800053)
2026-06-06 07:15:12,588 | INFO | scripts.import_formations_enriched |   - Ajout du flux mensuel : (2024, 2)
2026-06-06 07:15:12,594 | INFO | scripts.import_formations_enriched |   - Ajout du code ROME : M1805
2026-06-06 07:15:12,615 | INFO | scripts.import_formations_enriched | Import de la formation : MASTER Informatique (fiche nationale) (SIRET: 13000545700010)
2026-06-06 07:15:12,616 | INFO | scripts.import_formations_enriched |   - Ajout du flux mensuel : (2024, 9)
2026-06-06 07:15:12,623 | INFO | scripts.import_formations_enriched |   - Ajout du code ROME : M1801
2026-06-06 07:15:12,629 | INFO | scripts.import_formations_enriched |   - Ajout du code ROME : M1802
2026-06-06 07:15:12,633 | INFO | scripts.import_formations_enriched |   - Ajout du code ROME : M1803
2026-06-06 07:15:12,636 | INFO | scripts.import_formations_enriched |   - Ajout du code ROME : M1805
2026-06-06 07:15:12,644 | INFO | scripts.import_formations_enriched |   - Ajout du code ROME : M1806
2026-06-06 07:15:12,646 | INFO | scripts.import_formations_enriched |   - Ajout du flux mensuel : (2025, 9)
2026-06-06 07:15:12,671 | INFO | scripts.import_formations_enriched | Import de la formation : TP Technicien d'intervention de réseaux de télécommunications en fibre optique (SIRET: 80443252400010)
2026-06-06 07:15:12,673 | INFO | scripts.import_formations_enriched |   - Ajout du flux mensuel : (2025, 5)
2026-06-06 07:15:12,678 | INFO | scripts.import_formations_enriched |   - Ajout du code ROME : I1307
2026-06-06 07:15:12,698 | INFO | scripts.import_formations_enriched | Import de la formation : Concepteur développeur d'applications (SIRET: 34270750200759)
2026-06-06 07:15:12,699 | INFO | scripts.import_formations_enriched |   - Ajout du flux mensuel : (2024, 10)
2026-06-06 07:15:12,703 | INFO | scripts.import_formations_enriched |   - Ajout du code ROME : M1802
2026-06-06 07:15:12,708 | INFO | scripts.import_formations_enriched |   - Ajout du code ROME : M1805
2026-06-06 07:15:12,730 | INFO | scripts.import_formations_enriched | Import de la formation : TP Concepteur développeur d'applications (SIRET: 32434542000040)
2026-06-06 07:15:12,732 | INFO | scripts.import_formations_enriched |   - Ajout du flux mensuel : (2025, 3)
2026-06-06 07:15:12,737 | INFO | scripts.import_formations_enriched |   - Ajout du code ROME : M1805
2026-06-06 07:15:12,754 | INFO | scripts.import_formations_enriched | Import de la formation : TP Développeur web et web mobile (SIRET: 91047634000013)
2026-06-06 07:15:12,756 | INFO | scripts.import_formations_enriched |   - Ajout du flux mensuel : (2023, 10)
2026-06-06 07:15:12,760 | INFO | scripts.import_formations_enriched |   - Ajout du code ROME : M1805
2026-06-06 07:15:12,780 | INFO | scripts.import_formations_enriched | Import de la formation : BUT Génie Électrique et Informatique Industrielle : Électronique et Systèmes Embarqués (SIRET: 19594403800205)
2026-06-06 07:15:12,782 | INFO | scripts.import_formations_enriched |   - Ajout du flux mensuel : (2025, 11)
2026-06-06 07:15:12,787 | INFO | scripts.import_formations_enriched |   - Ajout du code ROME : H1202
2026-06-06 07:15:12,791 | INFO | scripts.import_formations_enriched |   - Ajout du code ROME : H1209
2026-06-06 07:15:12,794 | INFO | scripts.import_formations_enriched |   - Ajout du code ROME : H1504
2026-06-06 07:15:12,799 | INFO | scripts.import_formations_enriched |   - Ajout du code ROME : I1305
2026-06-06 07:15:12,801 | INFO | scripts.import_formations_enriched |   - Ajout du code ROME : M1805
2026-06-06 07:15:12,819 | INFO | scripts.import_formations_enriched | Import de la formation : TP Développeur web et web mobile (SIRET: 90222643000012)
2026-06-06 07:15:12,821 | INFO | scripts.import_formations_enriched |   - Ajout du flux mensuel : (2024, 6)
2026-06-06 07:15:12,826 | INFO | scripts.import_formations_enriched |   - Ajout du code ROME : M1805
2026-06-06 07:15:12,827 | INFO | scripts.import_formations_enriched |   - Ajout du flux mensuel : (2024, 4)
2026-06-06 07:15:12,829 | INFO | scripts.import_formations_enriched |   - Ajout du flux mensuel : (2024, 5)
2026-06-06 07:15:12,850 | INFO | scripts.import_formations_enriched | Import de la formation : TP Développeur web et web mobile (SIRET: 84124789300024)
2026-06-06 07:15:12,852 | INFO | scripts.import_formations_enriched |   - Ajout du flux mensuel : (2024, 4)
2026-06-06 07:15:12,857 | INFO | scripts.import_formations_enriched |   - Ajout du code ROME : M1805
2026-06-06 07:15:12,869 | INFO | scripts.import_formations_enriched | Import de la formation : TP Développeur web et web mobile (SIRET: 89959634000013)
2026-06-06 07:15:12,871 | INFO | scripts.import_formations_enriched |   - Ajout du flux mensuel : (2024, 1)
2026-06-06 07:15:12,874 | INFO | scripts.import_formations_enriched |   - Ajout du code ROME : M1805
2026-06-06 07:15:12,875 | INFO | scripts.import_formations_enriched |   - Ajout du flux mensuel : (2024, 3)
2026-06-06 07:15:12,877 | INFO | scripts.import_formations_enriched |   - Ajout du flux mensuel : (2024, 2)
2026-06-06 07:15:12,878 | INFO | scripts.import_formations_enriched |   - Ajout du flux mensuel : (2023, 12)
2026-06-06 07:15:12,891 | INFO | scripts.import_formations_enriched | Import de la formation : TP Développeur web et web mobile (SIRET: 88915372200034)
2026-06-06 07:15:12,893 | INFO | scripts.import_formations_enriched |   - Ajout du flux mensuel : (2026, 5)
2026-06-06 07:15:12,895 | INFO | scripts.import_formations_enriched |   - Ajout du code ROME : M1805
2026-06-06 07:15:12,907 | INFO | scripts.import_formations_enriched | Import de la formation : Manager en infrastructures et cybersécurité des systèmes d'information (SIRET: 34270750200403)
2026-06-06 07:15:12,908 | INFO | scripts.import_formations_enriched |   - Ajout du flux mensuel : (2025, 3)
2026-06-06 07:15:12,912 | INFO | scripts.import_formations_enriched |   - Ajout du code ROME : M1801
2026-06-06 07:15:12,915 | INFO | scripts.import_formations_enriched |   - Ajout du code ROME : M1802
2026-06-06 07:15:12,919 | INFO | scripts.import_formations_enriched |   - Ajout du code ROME : M1803
2026-06-06 07:15:12,923 | INFO | scripts.import_formations_enriched |   - Ajout du code ROME : M1804
2026-06-06 07:15:12,926 | INFO | scripts.import_formations_enriched |   - Ajout du code ROME : M1810
2026-06-06 07:15:12,940 | INFO | scripts.import_formations_enriched | Import de la formation : TP Développeur web et web mobile (SIRET: 90242714500013)
2026-06-06 07:15:12,942 | INFO | scripts.import_formations_enriched |   - Ajout du flux mensuel : (2024, 10)
2026-06-06 07:15:12,945 | INFO | scripts.import_formations_enriched |   - Ajout du code ROME : M1805
2026-06-06 07:15:12,958 | INFO | scripts.import_formations_enriched | Import de la formation : Administrateur systèmes, réseaux et cybersécurité (SIRET: 82907572000013)
2026-06-06 07:15:12,960 | INFO | scripts.import_formations_enriched |   - Ajout du flux mensuel : (2025, 10)
2026-06-06 07:15:12,963 | INFO | scripts.import_formations_enriched |   - Ajout du code ROME : M1801
2026-06-06 07:15:12,966 | INFO | scripts.import_formations_enriched |   - Ajout du code ROME : M1802
2026-06-06 07:15:12,980 | INFO | scripts.import_formations_enriched | Import de la formation : DEUST Informatique d'organisation et systèmes d'information (fiche nationale) (SIRET: 32439762900118)
2026-06-06 07:15:12,982 | INFO | scripts.import_formations_enriched |   - Ajout du flux mensuel : (2025, 3)
2026-06-06 07:15:12,985 | INFO | scripts.import_formations_enriched |   - Ajout du code ROME : M1805
2026-06-06 07:15:12,990 | INFO | scripts.import_formations_enriched |   - Ajout du code ROME : M1810
2026-06-06 07:15:13,003 | INFO | scripts.import_formations_enriched | Import de la formation : Titre ingénieur Ingénieur diplômé du Conservatoire national des arts et métiers, spécialité Informatique et systèmes d'information (SIRET: 43411361900119)
2026-06-06 07:15:13,004 | INFO | scripts.import_formations_enriched |   - Ajout du flux mensuel : (2024, 11)
2026-06-06 07:15:13,008 | INFO | scripts.import_formations_enriched |   - Ajout du code ROME : M1803
2026-06-06 07:15:13,012 | INFO | scripts.import_formations_enriched |   - Ajout du code ROME : M1804
2026-06-06 07:15:13,014 | INFO | scripts.import_formations_enriched |   - Ajout du code ROME : M1805
2026-06-06 07:15:13,017 | INFO | scripts.import_formations_enriched |   - Ajout du code ROME : M1806
2026-06-06 07:15:13,018 | INFO | scripts.import_formations_enriched |   - Ajout du flux mensuel : (2024, 10)
2026-06-06 07:15:13,034 | INFO | scripts.import_formations_enriched | Import de la formation : TP Développeur web et web mobile (SIRET: 85119528900018)
2026-06-06 07:15:13,036 | INFO | scripts.import_formations_enriched |   - Ajout du flux mensuel : (2024, 3)
2026-06-06 07:15:13,041 | INFO | scripts.import_formations_enriched |   - Ajout du code ROME : M1805
2026-06-06 07:15:13,060 | INFO | scripts.import_formations_enriched | Import de la formation : TP Concepteur développeur d'applications (SIRET: 84184281800020)
2026-06-06 07:15:13,061 | INFO | scripts.import_formations_enriched |   - Ajout du flux mensuel : (2025, 3)
2026-06-06 07:15:13,066 | INFO | scripts.import_formations_enriched |   - Ajout du code ROME : M1805
2026-06-06 07:15:13,082 | INFO | scripts.import_formations_enriched | Import de la formation : Manager en infrastructures et cybersécurité des systèmes d'information (SIRET: 34270750200817)
2026-06-06 07:15:13,083 | INFO | scripts.import_formations_enriched |   - Ajout du flux mensuel : (2024, 10)
2026-06-06 07:15:13,088 | INFO | scripts.import_formations_enriched |   - Ajout du code ROME : M1801
2026-06-06 07:15:13,092 | INFO | scripts.import_formations_enriched |   - Ajout du code ROME : M1802
2026-06-06 07:15:13,097 | INFO | scripts.import_formations_enriched |   - Ajout du code ROME : M1803
2026-06-06 07:15:13,101 | INFO | scripts.import_formations_enriched |   - Ajout du code ROME : M1804
2026-06-06 07:15:13,105 | INFO | scripts.import_formations_enriched |   - Ajout du code ROME : M1810
2026-06-06 07:15:13,106 | INFO | scripts.import_formations_enriched |   - Ajout du flux mensuel : (2024, 11)
2026-06-06 07:15:13,107 | INFO | scripts.import_formations_enriched |   - Ajout du flux mensuel : (2025, 10)
2026-06-06 07:15:13,129 | INFO | scripts.import_formations_enriched | Import de la formation : TP Développeur web et web mobile (SIRET: 90224737800026)
2026-06-06 07:15:13,131 | INFO | scripts.import_formations_enriched |   - Ajout du flux mensuel : (2024, 3)
2026-06-06 07:15:13,135 | INFO | scripts.import_formations_enriched |   - Ajout du code ROME : M1805
2026-06-06 07:15:13,154 | INFO | scripts.import_formations_enriched | Import de la formation : TP Technicien d'intervention de réseaux de télécommunications en fibre optique (SIRET: 32434542000040)
2026-06-06 07:15:13,156 | INFO | scripts.import_formations_enriched |   - Ajout du flux mensuel : (2025, 8)
2026-06-06 07:15:13,160 | INFO | scripts.import_formations_enriched |   - Ajout du code ROME : I1307
2026-06-06 07:15:13,177 | INFO | scripts.import_formations_enriched | Import de la formation : Concepteur intégrateur d'infrastructures informatiques (systèmes et réseaux, applicatives, ou de sécurité) (SIRET: 32439762900118)
2026-06-06 07:15:13,179 | INFO | scripts.import_formations_enriched |   - Ajout du flux mensuel : (2025, 10)
2026-06-06 07:15:13,185 | INFO | scripts.import_formations_enriched |   - Ajout du code ROME : M1801
2026-06-06 07:15:13,189 | INFO | scripts.import_formations_enriched |   - Ajout du code ROME : M1805
2026-06-06 07:15:13,190 | INFO | scripts.import_formations_enriched |   - Ajout du flux mensuel : (2025, 9)
2026-06-06 07:15:13,207 | INFO | scripts.import_formations_enriched | Import de la formation : Administrateur systèmes, réseaux et cybersécurité (SIRET: 39770462800015)
2026-06-06 07:15:13,208 | INFO | scripts.import_formations_enriched |   - Ajout du flux mensuel : (2025, 10)
2026-06-06 07:15:13,212 | INFO | scripts.import_formations_enriched |   - Ajout du code ROME : M1801
2026-06-06 07:15:13,216 | INFO | scripts.import_formations_enriched |   - Ajout du code ROME : M1802
2026-06-06 07:15:13,230 | INFO | scripts.import_formations_enriched | Import de la formation : Concepteur UI et webdesign (SIRET: 89833534400013)
2026-06-06 07:15:13,231 | INFO | scripts.import_formations_enriched |   - Ajout du flux mensuel : (2024, 11)
2026-06-06 07:15:13,234 | INFO | scripts.import_formations_enriched |   - Ajout du code ROME : E1205
2026-06-06 07:15:13,247 | INFO | scripts.import_formations_enriched | Import de la formation : TP Concepteur développeur d'applications (SIRET: 51176260100017)
2026-06-06 07:15:13,249 | INFO | scripts.import_formations_enriched |   - Ajout du flux mensuel : (2025, 5)
2026-06-06 07:15:13,253 | INFO | scripts.import_formations_enriched |   - Ajout du code ROME : M1805
2026-06-06 07:15:13,272 | INFO | scripts.import_formations_enriched | Import de la formation : Spécialiste en cybersécurité (MS) (SIRET: 19690192000013)
2026-06-06 07:15:13,273 | INFO | scripts.import_formations_enriched |   - Ajout du flux mensuel : (2024, 2)
2026-06-06 07:15:13,278 | INFO | scripts.import_formations_enriched |   - Ajout du code ROME : M1801
2026-06-06 07:15:13,282 | INFO | scripts.import_formations_enriched |   - Ajout du code ROME : M1802
2026-06-06 07:15:13,286 | INFO | scripts.import_formations_enriched |   - Ajout du code ROME : M1805
2026-06-06 07:15:13,291 | INFO | scripts.import_formations_enriched |   - Ajout du code ROME : M1806
2026-06-06 07:15:13,294 | INFO | scripts.import_formations_enriched |   - Ajout du code ROME : M1810
2026-06-06 07:15:13,296 | INFO | scripts.import_formations_enriched |   - Ajout du flux mensuel : (2025, 9)
2026-06-06 07:15:13,297 | INFO | scripts.import_formations_enriched |   - Ajout du flux mensuel : (2024, 9)
2026-06-06 07:15:13,319 | INFO | scripts.import_formations_enriched | Import de la formation : DEUST Informatique d'organisation et systèmes d'information (fiche nationale) (SIRET: 82304134800017)
2026-06-06 07:15:13,321 | INFO | scripts.import_formations_enriched |   - Ajout du flux mensuel : (2024, 10)
2026-06-06 07:15:13,326 | INFO | scripts.import_formations_enriched |   - Ajout du code ROME : M1805
2026-06-06 07:15:13,331 | INFO | scripts.import_formations_enriched |   - Ajout du code ROME : M1810
2026-06-06 07:15:13,350 | INFO | scripts.import_formations_enriched | Import de la formation : TP Concepteur développeur d'applications (SIRET: 83208538500017)
2026-06-06 07:15:13,352 | INFO | scripts.import_formations_enriched |   - Ajout du flux mensuel : (2024, 10)
2026-06-06 07:15:13,357 | INFO | scripts.import_formations_enriched |   - Ajout du code ROME : M1805
2026-06-06 07:15:13,374 | INFO | scripts.import_formations_enriched | Import de la formation : TP Technicien supérieur systèmes et réseaux (SIRET: 18263001200041)
2026-06-06 07:15:13,376 | INFO | scripts.import_formations_enriched |   - Ajout du flux mensuel : (2025, 10)
2026-06-06 07:15:13,380 | INFO | scripts.import_formations_enriched |   - Ajout du code ROME : I1401
2026-06-06 07:15:13,385 | INFO | scripts.import_formations_enriched |   - Ajout du code ROME : M1810
2026-06-06 07:15:13,405 | INFO | scripts.import_formations_enriched | Import de la formation : TP Concepteur développeur d'applications (SIRET: 52229814000032)
2026-06-06 07:15:13,407 | INFO | scripts.import_formations_enriched |   - Ajout du flux mensuel : (2024, 5)
2026-06-06 07:15:13,411 | INFO | scripts.import_formations_enriched |   - Ajout du code ROME : M1805
2026-06-06 07:15:13,430 | INFO | scripts.import_formations_enriched | Import de la formation : TP Développeur web et web mobile (SIRET: 88175140800017)
2026-06-06 07:15:13,432 | INFO | scripts.import_formations_enriched |   - Ajout du flux mensuel : (2024, 3)
2026-06-06 07:15:13,437 | INFO | scripts.import_formations_enriched |   - Ajout du code ROME : M1805
2026-06-06 07:15:13,438 | INFO | scripts.import_formations_enriched |   - Ajout du flux mensuel : (2024, 4)
2026-06-06 07:15:13,459 | INFO | scripts.import_formations_enriched | Import de la formation : TP Technicien supérieur systèmes et réseaux (SIRET: 82409268800061)
2026-06-06 07:15:13,462 | INFO | scripts.import_formations_enriched |   - Ajout du flux mensuel : (2024, 9)
2026-06-06 07:15:13,466 | INFO | scripts.import_formations_enriched |   - Ajout du code ROME : I1401
2026-06-06 07:15:13,471 | INFO | scripts.import_formations_enriched |   - Ajout du code ROME : M1810
2026-06-06 07:15:13,472 | INFO | scripts.import_formations_enriched |   - Ajout du flux mensuel : (2025, 3)
2026-06-06 07:15:13,474 | INFO | scripts.import_formations_enriched |   - Ajout du flux mensuel : (2025, 1)
2026-06-06 07:15:13,499 | INFO | scripts.import_formations_enriched | Import de la formation : DEUST Informatique d'organisation et systèmes d'information (fiche nationale) (SIRET: 43411361900119)
2026-06-06 07:15:13,501 | INFO | scripts.import_formations_enriched |   - Ajout du flux mensuel : (2024, 10)
2026-06-06 07:15:13,506 | INFO | scripts.import_formations_enriched |   - Ajout du code ROME : M1805
2026-06-06 07:15:13,511 | INFO | scripts.import_formations_enriched |   - Ajout du code ROME : M1810
2026-06-06 07:15:13,512 | INFO | scripts.import_formations_enriched |   - Ajout du flux mensuel : (2023, 10)
2026-06-06 07:15:13,534 | INFO | scripts.import_formations_enriched | Import de la formation : TP Technicien supérieur systèmes et réseaux (SIRET: 88030938000025)
2026-06-06 07:15:13,535 | INFO | scripts.import_formations_enriched |   - Ajout du flux mensuel : (2026, 5)
2026-06-06 07:15:13,543 | INFO | scripts.import_formations_enriched |   - Ajout du code ROME : I1401
2026-06-06 07:15:13,548 | INFO | scripts.import_formations_enriched |   - Ajout du code ROME : M1810
2026-06-06 07:15:13,568 | INFO | scripts.import_formations_enriched | Import de la formation : BUT Génie Électrique et Informatique Industrielle : Automatisme et Informatique Industrielle (SIRET: 13002974700016)
2026-06-06 07:15:13,569 | INFO | scripts.import_formations_enriched |   - Ajout du flux mensuel : (2025, 9)
2026-06-06 07:15:13,574 | INFO | scripts.import_formations_enriched |   - Ajout du code ROME : H1208
2026-06-06 07:15:13,579 | INFO | scripts.import_formations_enriched |   - Ajout du code ROME : H1209
2026-06-06 07:15:13,584 | INFO | scripts.import_formations_enriched |   - Ajout du code ROME : H1504
2026-06-06 07:15:13,588 | INFO | scripts.import_formations_enriched |   - Ajout du code ROME : I1302
2026-06-06 07:15:13,593 | INFO | scripts.import_formations_enriched |   - Ajout du code ROME : M1805
2026-06-06 07:15:13,614 | INFO | scripts.import_formations_enriched | Import de la formation : TP Développeur web et web mobile (SIRET: 82409268800186)
2026-06-06 07:15:13,616 | INFO | scripts.import_formations_enriched |   - Ajout du flux mensuel : (2024, 9)
2026-06-06 07:15:13,620 | INFO | scripts.import_formations_enriched |   - Ajout du code ROME : M1805
2026-06-06 07:15:13,639 | INFO | scripts.import_formations_enriched | Import de la formation : Chef d'entreprise - développeur de PME (SIRET: 18640005700078)
2026-06-06 07:15:13,641 | INFO | scripts.import_formations_enriched |   - Ajout du flux mensuel : (2025, 12)
2026-06-06 07:15:13,646 | INFO | scripts.import_formations_enriched |   - Ajout du code ROME : M1302
2026-06-06 07:15:13,666 | INFO | scripts.import_formations_enriched | Import de la formation : Concepteur développeur en intelligence artificielle et analyse big data (SIRET: 79279132900016)
2026-06-06 07:15:13,667 | INFO | scripts.import_formations_enriched |   - Ajout du flux mensuel : (2026, 5)
2026-06-06 07:15:13,674 | INFO | scripts.import_formations_enriched |   - Ajout du code ROME : M1403
2026-06-06 07:15:13,678 | INFO | scripts.import_formations_enriched |   - Ajout du code ROME : M1805
2026-06-06 07:15:13,698 | INFO | scripts.import_formations_enriched | Import de la formation : TP Développeur web et web mobile (SIRET: 88286918300013)
2026-06-06 07:15:13,700 | INFO | scripts.import_formations_enriched |   - Ajout du flux mensuel : (2024, 12)
2026-06-06 07:15:13,705 | INFO | scripts.import_formations_enriched |   - Ajout du code ROME : M1805
2026-06-06 07:15:13,724 | INFO | scripts.import_formations_enriched | Import de la formation : TP Développeur web et web mobile (SIRET: 51833310900040)
2026-06-06 07:15:13,726 | INFO | scripts.import_formations_enriched |   - Ajout du flux mensuel : (2026, 3)
2026-06-06 07:15:13,731 | INFO | scripts.import_formations_enriched |   - Ajout du code ROME : M1805
2026-06-06 07:15:13,748 | INFO | scripts.import_formations_enriched | Import de la formation : TP Concepteur développeur d'applications (SIRET: 85063895800015)
2026-06-06 07:15:13,750 | INFO | scripts.import_formations_enriched |   - Ajout du flux mensuel : (2024, 1)
2026-06-06 07:15:13,754 | INFO | scripts.import_formations_enriched |   - Ajout du code ROME : M1805
2026-06-06 07:15:13,773 | INFO | scripts.import_formations_enriched | Import de la formation : Licence Professionnelle Activités juridiques : mandataire judiciaire à la protection des majeurs (fiche nationale) (SIRET: 13001533200013)
2026-06-06 07:15:13,774 | INFO | scripts.import_formations_enriched |   - Ajout du flux mensuel : (2025, 9)
2026-06-06 07:15:13,779 | INFO | scripts.import_formations_enriched |   - Ajout du code ROME : K1102
2026-06-06 07:15:13,798 | INFO | scripts.import_formations_enriched | Import de la formation : BUT Informatique : Déploiement d'applications communicantes et sécurisées (SIRET: 13002975400012)
2026-06-06 07:15:13,800 | INFO | scripts.import_formations_enriched |   - Ajout du flux mensuel : (2025, 9)
2026-06-06 07:15:13,804 | INFO | scripts.import_formations_enriched |   - Ajout du code ROME : M1801
2026-06-06 07:15:13,809 | INFO | scripts.import_formations_enriched |   - Ajout du code ROME : M1805
2026-06-06 07:15:13,813 | INFO | scripts.import_formations_enriched |   - Ajout du code ROME : M1806
2026-06-06 07:15:13,817 | INFO | scripts.import_formations_enriched |   - Ajout du code ROME : M1810
2026-06-06 07:15:13,837 | INFO | scripts.import_formations_enriched | Import de la formation : TP Développeur web et web mobile (SIRET: 90216372400013)
2026-06-06 07:15:13,840 | INFO | scripts.import_formations_enriched |   - Ajout du flux mensuel : (2024, 1)
2026-06-06 07:15:13,849 | INFO | scripts.import_formations_enriched |   - Ajout du code ROME : M1805
2026-06-06 07:15:13,850 | INFO | scripts.import_formations_enriched |   - Ajout du flux mensuel : (2024, 8)
2026-06-06 07:15:13,852 | INFO | scripts.import_formations_enriched |   - Ajout du flux mensuel : (2024, 7)
2026-06-06 07:15:13,872 | INFO | scripts.import_formations_enriched | Import de la formation : Chef d'équipe travaux publics réseaux (SIRET: 78273830600011)
2026-06-06 07:15:13,875 | INFO | scripts.import_formations_enriched |   - Ajout du flux mensuel : (2025, 9)
2026-06-06 07:15:13,886 | INFO | scripts.import_formations_enriched |   - Ajout du code ROME : F1702
2026-06-06 07:15:13,906 | INFO | scripts.import_formations_enriched | Import de la formation : TP Développeur web et web mobile (SIRET: 39336786700024)
2026-06-06 07:15:13,908 | INFO | scripts.import_formations_enriched |   - Ajout du flux mensuel : (2024, 11)
2026-06-06 07:15:13,912 | INFO | scripts.import_formations_enriched |   - Ajout du code ROME : M1805
2026-06-06 07:15:13,914 | INFO | scripts.import_formations_enriched |   - Ajout du flux mensuel : (2024, 4)
2026-06-06 07:15:13,933 | INFO | scripts.import_formations_enriched | Import de la formation : Expert en ingénierie informatique (SIRET: 51403283800013)
2026-06-06 07:15:13,934 | INFO | scripts.import_formations_enriched |   - Ajout du flux mensuel : (2024, 1)
2026-06-06 07:15:13,939 | INFO | scripts.import_formations_enriched |   - Ajout du code ROME : M1801
2026-06-06 07:15:13,943 | INFO | scripts.import_formations_enriched |   - Ajout du code ROME : M1805
2026-06-06 07:15:13,947 | INFO | scripts.import_formations_enriched |   - Ajout du code ROME : M1806
2026-06-06 07:15:13,951 | INFO | scripts.import_formations_enriched |   - Ajout du code ROME : M1810
2026-06-06 07:15:13,970 | INFO | scripts.import_formations_enriched | Import de la formation : TP Technicien informatique de proximité (SIRET: 82409268800053)
2026-06-06 07:15:13,971 | INFO | scripts.import_formations_enriched |   - Ajout du flux mensuel : (2025, 11)
2026-06-06 07:15:13,976 | INFO | scripts.import_formations_enriched |   - Ajout du code ROME : I1401
2026-06-06 07:15:13,992 | INFO | scripts.import_formations_enriched | Import de la formation : TP Technicien supérieur systèmes et réseaux (SIRET: 82409268800160)
2026-06-06 07:15:13,993 | INFO | scripts.import_formations_enriched |   - Ajout du flux mensuel : (2025, 10)
2026-06-06 07:15:13,996 | INFO | scripts.import_formations_enriched |   - Ajout du code ROME : I1401
2026-06-06 07:15:13,999 | INFO | scripts.import_formations_enriched |   - Ajout du code ROME : M1810
2026-06-06 07:15:14,015 | INFO | scripts.import_formations_enriched | Import de la formation : TP Développeur web et web mobile (SIRET: 83830671000016)
2026-06-06 07:15:14,016 | INFO | scripts.import_formations_enriched |   - Ajout du flux mensuel : (2024, 10)
2026-06-06 07:15:14,021 | INFO | scripts.import_formations_enriched |   - Ajout du code ROME : M1805
2026-06-06 07:15:14,035 | INFO | scripts.import_formations_enriched | Import de la formation : Administrateur systèmes et réseaux (SIRET: 34270750200569)
2026-06-06 07:15:14,037 | INFO | scripts.import_formations_enriched |   - Ajout du flux mensuel : (2023, 9)
2026-06-06 07:15:14,040 | INFO | scripts.import_formations_enriched |   - Ajout du code ROME : M1801
2026-06-06 07:15:14,045 | INFO | scripts.import_formations_enriched |   - Ajout du code ROME : M1802
2026-06-06 07:15:14,048 | INFO | scripts.import_formations_enriched |   - Ajout du code ROME : M1805
2026-06-06 07:15:14,052 | INFO | scripts.import_formations_enriched |   - Ajout du code ROME : M1806
2026-06-06 07:15:14,057 | INFO | scripts.import_formations_enriched |   - Ajout du code ROME : M1810
2026-06-06 07:15:14,075 | INFO | scripts.import_formations_enriched | Import de la formation : Manager de la cybersécurité (SIRET: 44087031900025)
2026-06-06 07:15:14,077 | INFO | scripts.import_formations_enriched |   - Ajout du flux mensuel : (2025, 11)
2026-06-06 07:15:14,082 | INFO | scripts.import_formations_enriched |   - Ajout du code ROME : M1802
2026-06-06 07:15:14,099 | INFO | scripts.import_formations_enriched | Import de la formation : TP Développeur web et web mobile (SIRET: 43261313100049)
2026-06-06 07:15:14,100 | INFO | scripts.import_formations_enriched |   - Ajout du flux mensuel : (2024, 2)
2026-06-06 07:15:14,105 | INFO | scripts.import_formations_enriched |   - Ajout du code ROME : M1805
2026-06-06 07:15:14,122 | INFO | scripts.import_formations_enriched | Import de la formation : Administrateur systèmes et réseaux (SIRET: 34270750200650)
2026-06-06 07:15:14,124 | INFO | scripts.import_formations_enriched |   - Ajout du flux mensuel : (2025, 6)
2026-06-06 07:15:14,128 | INFO | scripts.import_formations_enriched |   - Ajout du code ROME : M1801
2026-06-06 07:15:14,133 | INFO | scripts.import_formations_enriched |   - Ajout du code ROME : M1802
2026-06-06 07:15:14,137 | INFO | scripts.import_formations_enriched |   - Ajout du code ROME : M1805
2026-06-06 07:15:14,141 | INFO | scripts.import_formations_enriched |   - Ajout du code ROME : M1806
2026-06-06 07:15:14,146 | INFO | scripts.import_formations_enriched |   - Ajout du code ROME : M1810
2026-06-06 07:15:14,164 | INFO | scripts.import_formations_enriched | Import de la formation : Chef de projet informatique (SIRET: 34270750200650)
2026-06-06 07:15:14,166 | INFO | scripts.import_formations_enriched |   - Ajout du flux mensuel : (2024, 11)
2026-06-06 07:15:14,170 | INFO | scripts.import_formations_enriched |   - Ajout du code ROME : M1801
2026-06-06 07:15:14,174 | INFO | scripts.import_formations_enriched |   - Ajout du code ROME : M1802
2026-06-06 07:15:14,178 | INFO | scripts.import_formations_enriched |   - Ajout du code ROME : M1803
2026-06-06 07:15:14,182 | INFO | scripts.import_formations_enriched |   - Ajout du code ROME : M1805
2026-06-06 07:15:14,185 | INFO | scripts.import_formations_enriched |   - Ajout du code ROME : M1806
2026-06-06 07:15:14,200 | INFO | scripts.import_formations_enriched | Import de la formation : MASTER Informatique (fiche nationale) (SIRET: 93810656400017)
2026-06-06 07:15:14,202 | INFO | scripts.import_formations_enriched |   - Ajout du flux mensuel : (2025, 10)
2026-06-06 07:15:14,206 | INFO | scripts.import_formations_enriched |   - Ajout du code ROME : M1801
2026-06-06 07:15:14,209 | INFO | scripts.import_formations_enriched |   - Ajout du code ROME : M1802
2026-06-06 07:15:14,212 | INFO | scripts.import_formations_enriched |   - Ajout du code ROME : M1803
2026-06-06 07:15:14,214 | INFO | scripts.import_formations_enriched |   - Ajout du code ROME : M1805
2026-06-06 07:15:14,217 | INFO | scripts.import_formations_enriched |   - Ajout du code ROME : M1806
2026-06-06 07:15:14,233 | INFO | scripts.import_formations_enriched | Import de la formation : DEUST Informatique d'organisation et systèmes d'information (fiche nationale) (SIRET: 43964416200034)
2026-06-06 07:15:14,234 | INFO | scripts.import_formations_enriched |   - Ajout du flux mensuel : (2023, 11)
2026-06-06 07:15:14,238 | INFO | scripts.import_formations_enriched |   - Ajout du code ROME : M1805
2026-06-06 07:15:14,242 | INFO | scripts.import_formations_enriched |   - Ajout du code ROME : M1810
2026-06-06 07:15:14,254 | INFO | scripts.import_formations_enriched | Import de la formation : LICENCE Informatique (fiche nationale) (SIRET: 49189213900016)
2026-06-06 07:15:14,255 | INFO | scripts.import_formations_enriched |   - Ajout du flux mensuel : (2026, 3)
2026-06-06 07:15:14,257 | INFO | scripts.import_formations_enriched |   - Ajout du code ROME : I1401
2026-06-06 07:15:14,260 | INFO | scripts.import_formations_enriched |   - Ajout du code ROME : M1801
2026-06-06 07:15:14,264 | INFO | scripts.import_formations_enriched |   - Ajout du code ROME : M1802
2026-06-06 07:15:14,267 | INFO | scripts.import_formations_enriched |   - Ajout du code ROME : M1805
2026-06-06 07:15:14,270 | INFO | scripts.import_formations_enriched |   - Ajout du code ROME : M1810
2026-06-06 07:15:14,283 | INFO | scripts.import_formations_enriched | Import de la formation : Licence Professionnelle Métiers des réseaux informatiques et télécommunications (fiche nationale) (SIRET: 13002602400054)
2026-06-06 07:15:14,284 | INFO | scripts.import_formations_enriched |   - Ajout du flux mensuel : (2025, 7)
2026-06-06 07:15:14,288 | INFO | scripts.import_formations_enriched |   - Ajout du code ROME : I1307
2026-06-06 07:15:14,291 | INFO | scripts.import_formations_enriched |   - Ajout du code ROME : M1801
2026-06-06 07:15:14,293 | INFO | scripts.import_formations_enriched |   - Ajout du code ROME : M1804
2026-06-06 07:15:14,296 | INFO | scripts.import_formations_enriched |   - Ajout du code ROME : M1810
2026-06-06 07:15:14,309 | INFO | scripts.import_formations_enriched | Import de la formation : LICENCE Informatique (fiche nationale) (SIRET: 94129831700012)
2026-06-06 07:15:14,310 | INFO | scripts.import_formations_enriched |   - Ajout du flux mensuel : (2025, 9)
2026-06-06 07:15:14,313 | INFO | scripts.import_formations_enriched |   - Ajout du code ROME : I1401
2026-06-06 07:15:14,315 | INFO | scripts.import_formations_enriched |   - Ajout du code ROME : M1801
2026-06-06 07:15:14,318 | INFO | scripts.import_formations_enriched |   - Ajout du code ROME : M1802
2026-06-06 07:15:14,322 | INFO | scripts.import_formations_enriched |   - Ajout du code ROME : M1805
2026-06-06 07:15:14,325 | INFO | scripts.import_formations_enriched |   - Ajout du code ROME : M1810
2026-06-06 07:15:14,335 | INFO | scripts.import_formations_enriched | Import de la formation : TP Développeur web et web mobile (SIRET: 53970902200039)
2026-06-06 07:15:14,337 | INFO | scripts.import_formations_enriched |   - Ajout du flux mensuel : (2026, 2)
2026-06-06 07:15:14,340 | INFO | scripts.import_formations_enriched |   - Ajout du code ROME : M1805
2026-06-06 07:15:14,341 | INFO | scripts.import_formations_enriched |   - Ajout du flux mensuel : (2025, 4)
2026-06-06 07:15:14,342 | INFO | scripts.import_formations_enriched |   - Ajout du flux mensuel : (2026, 1)
2026-06-06 07:15:14,356 | INFO | scripts.import_formations_enriched | Import de la formation : TP Technicien informatique de proximité (SIRET: 19920131000042)
2026-06-06 07:15:14,358 | INFO | scripts.import_formations_enriched |   - Ajout du flux mensuel : (2025, 10)
2026-06-06 07:15:14,361 | INFO | scripts.import_formations_enriched |   - Ajout du code ROME : I1401
2026-06-06 07:15:14,377 | INFO | scripts.import_formations_enriched | Import de la formation : Titre ingénieur Ingénieur diplômé de l'Université de technologie de Troyes, spécialité Informatique et Systèmes d'Information (SIRET: 19101060200032)
2026-06-06 07:15:14,379 | INFO | scripts.import_formations_enriched |   - Ajout du flux mensuel : (2025, 12)
2026-06-06 07:15:14,383 | INFO | scripts.import_formations_enriched |   - Ajout du code ROME : M1801
2026-06-06 07:15:14,387 | INFO | scripts.import_formations_enriched |   - Ajout du code ROME : M1802
2026-06-06 07:15:14,390 | INFO | scripts.import_formations_enriched |   - Ajout du code ROME : M1803
2026-06-06 07:15:14,394 | INFO | scripts.import_formations_enriched |   - Ajout du code ROME : M1805
2026-06-06 07:15:14,398 | INFO | scripts.import_formations_enriched |   - Ajout du code ROME : M1806
2026-06-06 07:15:14,417 | INFO | scripts.import_formations_enriched | Import de la formation : Manager de la cybersécurité (SIRET: 38338687700039)
2026-06-06 07:15:14,419 | INFO | scripts.import_formations_enriched |   - Ajout du flux mensuel : (2025, 9)
2026-06-06 07:15:14,424 | INFO | scripts.import_formations_enriched |   - Ajout du code ROME : M1802
2026-06-06 07:15:14,442 | INFO | scripts.import_formations_enriched | Import de la formation : Concepteur développeur d'applications web (SIRET: 79494991700056)
2026-06-06 07:15:14,443 | INFO | scripts.import_formations_enriched |   - Ajout du flux mensuel : (2024, 10)
2026-06-06 07:15:14,448 | INFO | scripts.import_formations_enriched |   - Ajout du code ROME : E1205
2026-06-06 07:15:14,452 | INFO | scripts.import_formations_enriched |   - Ajout du code ROME : M1803
2026-06-06 07:15:14,456 | INFO | scripts.import_formations_enriched |   - Ajout du code ROME : M1805
2026-06-06 07:15:14,457 | INFO | scripts.import_formations_enriched |   - Ajout du flux mensuel : (2025, 7)
2026-06-06 07:15:14,479 | INFO | scripts.import_formations_enriched | Import de la formation : Développeur Web (SIRET: 51017673800043)
2026-06-06 07:15:14,480 | INFO | scripts.import_formations_enriched |   - Ajout du flux mensuel : (2026, 2)
2026-06-06 07:15:14,485 | INFO | scripts.import_formations_enriched |   - Ajout du code ROME : M1805
2026-06-06 07:15:14,503 | INFO | scripts.import_formations_enriched | Import de la formation : LICENCE Informatique (fiche nationale) (SIRET: 13003051300019)
2026-06-06 07:15:14,505 | INFO | scripts.import_formations_enriched |   - Ajout du flux mensuel : (2025, 9)
2026-06-06 07:15:14,509 | INFO | scripts.import_formations_enriched |   - Ajout du code ROME : I1401
2026-06-06 07:15:14,514 | INFO | scripts.import_formations_enriched |   - Ajout du code ROME : M1801
2026-06-06 07:15:14,518 | INFO | scripts.import_formations_enriched |   - Ajout du code ROME : M1802
2026-06-06 07:15:14,523 | INFO | scripts.import_formations_enriched |   - Ajout du code ROME : M1805
2026-06-06 07:15:14,527 | INFO | scripts.import_formations_enriched |   - Ajout du code ROME : M1810
2026-06-06 07:15:14,548 | INFO | scripts.import_formations_enriched | Import de la formation : Expert en informatique et systèmes d'information (SIRET: 83145006900024)
2026-06-06 07:15:14,550 | INFO | scripts.import_formations_enriched |   - Ajout du flux mensuel : (2026, 3)
2026-06-06 07:15:14,555 | INFO | scripts.import_formations_enriched |   - Ajout du code ROME : M1802
2026-06-06 07:15:14,558 | INFO | scripts.import_formations_enriched |   - Ajout du code ROME : M1805
2026-06-06 07:15:14,562 | INFO | scripts.import_formations_enriched |   - Ajout du code ROME : M1806
2026-06-06 07:15:14,579 | INFO | scripts.import_formations_enriched | Import de la formation : LICENCE Informatique (fiche nationale) (SIRET: 13001550600012)
2026-06-06 07:15:14,580 | INFO | scripts.import_formations_enriched |   - Ajout du flux mensuel : (2025, 9)
2026-06-06 07:15:14,583 | INFO | scripts.import_formations_enriched |   - Ajout du code ROME : I1401
2026-06-06 07:15:14,586 | INFO | scripts.import_formations_enriched |   - Ajout du code ROME : M1801
2026-06-06 07:15:14,589 | INFO | scripts.import_formations_enriched |   - Ajout du code ROME : M1802
2026-06-06 07:15:14,592 | INFO | scripts.import_formations_enriched |   - Ajout du code ROME : M1805
2026-06-06 07:15:14,595 | INFO | scripts.import_formations_enriched |   - Ajout du code ROME : M1810
2026-06-06 07:15:14,608 | INFO | scripts.import_formations_enriched | Import de la formation : TP Technicien supérieur systèmes et réseaux (SIRET: 82409268800111)
2026-06-06 07:15:14,609 | INFO | scripts.import_formations_enriched |   - Ajout du flux mensuel : (2025, 10)
2026-06-06 07:15:14,612 | INFO | scripts.import_formations_enriched |   - Ajout du code ROME : I1401
2026-06-06 07:15:14,615 | INFO | scripts.import_formations_enriched |   - Ajout du code ROME : M1810
2026-06-06 07:15:14,627 | INFO | scripts.import_formations_enriched | Import de la formation : TP Développeur web et web mobile (SIRET: 89874235800028)
2026-06-06 07:15:14,628 | INFO | scripts.import_formations_enriched |   - Ajout du flux mensuel : (2023, 10)
2026-06-06 07:15:14,631 | INFO | scripts.import_formations_enriched |   - Ajout du code ROME : M1805
2026-06-06 07:15:14,641 | INFO | scripts.import_formations_enriched | 635 formations importees dans la base.
2026-06-06 07:15:14,651 | INFO | __main__ | === 5. Appel à l'API France Travail ===
2026-06-06 07:15:14,767 | INFO | __main__ | Nombre de codes ROME uniques : 51
2026-06-06 07:15:17,536 | INFO | scripts.francetravail_api_call | Recherche des offres pour le code ROME : M1803, range : offres 0-149/184
2026-06-06 07:15:20,173 | INFO | scripts.francetravail_api_call | Recherche des offres pour le code ROME : M1806, range : offres 0-149/799
2026-06-06 07:15:21,181 | INFO | scripts.francetravail_api_call | Recherche des offres pour le code ROME : M1806, range : offres 150-299/798
2026-06-06 07:15:22,244 | INFO | scripts.francetravail_api_call | Recherche des offres pour le code ROME : M1806, range : offres 300-449/798
2026-06-06 07:15:23,397 | INFO | scripts.francetravail_api_call | Recherche des offres pour le code ROME : M1806, range : offres 450-599/799
2026-06-06 07:15:24,580 | INFO | scripts.francetravail_api_call | Recherche des offres pour le code ROME : M1806, range : offres 600-749/799
2026-06-06 07:15:30,126 | INFO | scripts.francetravail_api_call | Recherche des offres pour le code ROME : M1805, range : offres 0-149/587
2026-06-06 07:15:31,237 | INFO | scripts.francetravail_api_call | Recherche des offres pour le code ROME : M1805, range : offres 150-299/587
2026-06-06 07:15:32,528 | INFO | scripts.francetravail_api_call | Recherche des offres pour le code ROME : M1805, range : offres 300-449/587
2026-06-06 07:15:36,258 | INFO | scripts.francetravail_api_call | Recherche des offres pour le code ROME : H1206, range : offres 0-149/2319
2026-06-06 07:15:38,346 | INFO | scripts.francetravail_api_call | Recherche des offres pour le code ROME : H1206, range : offres 150-299/2319
2026-06-06 07:15:40,391 | INFO | scripts.francetravail_api_call | Recherche des offres pour le code ROME : H1206, range : offres 300-449/2319
2026-06-06 07:15:41,647 | INFO | scripts.francetravail_api_call | Recherche des offres pour le code ROME : H1206, range : offres 450-599/2319
2026-06-06 07:15:42,656 | INFO | scripts.francetravail_api_call | Recherche des offres pour le code ROME : H1206, range : offres 600-749/2319
2026-06-06 07:15:43,621 | INFO | scripts.francetravail_api_call | Recherche des offres pour le code ROME : H1206, range : offres 750-899/2319
2026-06-06 07:15:44,949 | INFO | scripts.francetravail_api_call | Recherche des offres pour le code ROME : H1206, range : offres 900-1049/2319
2026-06-06 07:15:46,489 | INFO | scripts.francetravail_api_call | Recherche des offres pour le code ROME : H1206, range : offres 1050-1199/2319
2026-06-06 07:15:47,831 | INFO | scripts.francetravail_api_call | Recherche des offres pour le code ROME : H1206, range : offres 1200-1349/2319
2026-06-06 07:15:49,342 | INFO | scripts.francetravail_api_call | Recherche des offres pour le code ROME : H1206, range : offres 1350-1499/2319
2026-06-06 07:15:50,664 | INFO | scripts.francetravail_api_call | Recherche des offres pour le code ROME : H1206, range : offres 1500-1649/2319
2026-06-06 07:15:51,907 | INFO | scripts.francetravail_api_call | Recherche des offres pour le code ROME : H1206, range : offres 1650-1799/2319
2026-06-06 07:15:53,113 | INFO | scripts.francetravail_api_call | Recherche des offres pour le code ROME : H1206, range : offres 1800-1949/2319
2026-06-06 07:15:54,856 | INFO | scripts.francetravail_api_call | Recherche des offres pour le code ROME : H1206, range : offres 1950-2099/2319
2026-06-06 07:15:56,063 | INFO | scripts.francetravail_api_call | Recherche des offres pour le code ROME : H1206, range : offres 2100-2249/2319
2026-06-06 07:15:59,622 | INFO | scripts.francetravail_api_call | Recherche des offres pour le code ROME : H2502, range : offres 0-149/1665
2026-06-06 07:16:00,866 | INFO | scripts.francetravail_api_call | Recherche des offres pour le code ROME : H2502, range : offres 150-299/1665
2026-06-06 07:16:02,192 | INFO | scripts.francetravail_api_call | Recherche des offres pour le code ROME : H2502, range : offres 300-449/1665
2026-06-06 07:16:03,289 | INFO | scripts.francetravail_api_call | Recherche des offres pour le code ROME : H2502, range : offres 450-599/1665
2026-06-06 07:16:04,332 | INFO | scripts.francetravail_api_call | Recherche des offres pour le code ROME : H2502, range : offres 600-749/1665
2026-06-06 07:16:05,356 | INFO | scripts.francetravail_api_call | Recherche des offres pour le code ROME : H2502, range : offres 750-899/1665
2026-06-06 07:16:06,461 | INFO | scripts.francetravail_api_call | Recherche des offres pour le code ROME : H2502, range : offres 900-1049/1665
2026-06-06 07:16:07,397 | INFO | scripts.francetravail_api_call | Recherche des offres pour le code ROME : H2502, range : offres 1050-1199/1665
2026-06-06 07:16:08,527 | INFO | scripts.francetravail_api_call | Recherche des offres pour le code ROME : H2502, range : offres 1200-1349/1665
2026-06-06 07:16:10,411 | INFO | scripts.francetravail_api_call | Recherche des offres pour le code ROME : H2502, range : offres 1350-1499/1665
2026-06-06 07:16:11,864 | INFO | scripts.francetravail_api_call | Recherche des offres pour le code ROME : H2502, range : offres 1500-1649/1665
2026-06-06 07:16:14,648 | INFO | scripts.francetravail_api_call | Recherche des offres pour le code ROME : M1801, range : offres 0-149/425
2026-06-06 07:16:15,980 | INFO | scripts.francetravail_api_call | Recherche des offres pour le code ROME : M1801, range : offres 150-299/425
2026-06-06 07:16:19,841 | INFO | scripts.francetravail_api_call | Recherche des offres pour le code ROME : M1802, range : offres 0-149/512
2026-06-06 07:16:22,562 | INFO | scripts.francetravail_api_call | Recherche des offres pour le code ROME : M1802, range : offres 150-299/512
2026-06-06 07:16:24,607 | INFO | scripts.francetravail_api_call | Recherche des offres pour le code ROME : M1802, range : offres 300-449/512
2026-06-06 07:16:28,669 | INFO | scripts.francetravail_api_call | Recherche des offres pour le code ROME : M1804, range : offres 0-149/285
2026-06-06 07:16:32,156 | INFO | scripts.francetravail_api_call | Recherche des offres pour le code ROME : M1403, range : offres 0-149/225
2026-06-06 07:16:36,680 | INFO | scripts.francetravail_api_call | Recherche des offres pour le code ROME : M1810, range : offres 0-149/604
2026-06-06 07:16:38,295 | INFO | scripts.francetravail_api_call | Recherche des offres pour le code ROME : M1810, range : offres 150-299/604
2026-06-06 07:16:39,678 | INFO | scripts.francetravail_api_call | Recherche des offres pour le code ROME : M1810, range : offres 300-449/604
2026-06-06 07:16:41,125 | INFO | scripts.francetravail_api_call | Recherche des offres pour le code ROME : M1810, range : offres 450-599/604
2026-06-06 07:16:44,728 | INFO | scripts.francetravail_api_call | Recherche des offres pour le code ROME : I1401, range : offres 0-149/604
2026-06-06 07:16:46,255 | INFO | scripts.francetravail_api_call | Recherche des offres pour le code ROME : I1401, range : offres 150-299/604
2026-06-06 07:16:48,168 | INFO | scripts.francetravail_api_call | Recherche des offres pour le code ROME : I1401, range : offres 300-449/604
2026-06-06 07:16:49,309 | INFO | scripts.francetravail_api_call | Recherche des offres pour le code ROME : I1401, range : offres 450-599/604
2026-06-06 07:16:52,360 | INFO | scripts.francetravail_api_call | Recherche des offres pour le code ROME : K1102, range : offres 0-149/177
2026-06-06 07:16:55,275 | INFO | scripts.francetravail_api_call | Recherche des offres pour le code ROME : F1605, range : offres 0-149/1398
2026-06-06 07:16:56,353 | INFO | scripts.francetravail_api_call | Recherche des offres pour le code ROME : F1605, range : offres 150-299/1398
2026-06-06 07:16:57,351 | INFO | scripts.francetravail_api_call | Recherche des offres pour le code ROME : F1605, range : offres 300-449/1398
2026-06-06 07:16:58,387 | INFO | scripts.francetravail_api_call | Recherche des offres pour le code ROME : F1605, range : offres 450-599/1398
2026-06-06 07:16:59,558 | INFO | scripts.francetravail_api_call | Recherche des offres pour le code ROME : F1605, range : offres 600-749/1398
2026-06-06 07:17:00,731 | INFO | scripts.francetravail_api_call | Recherche des offres pour le code ROME : F1605, range : offres 750-899/1398
2026-06-06 07:17:01,713 | INFO | scripts.francetravail_api_call | Recherche des offres pour le code ROME : F1605, range : offres 900-1049/1398
2026-06-06 07:17:02,645 | INFO | scripts.francetravail_api_call | Recherche des offres pour le code ROME : F1605, range : offres 1050-1199/1398
2026-06-06 07:17:03,733 | INFO | scripts.francetravail_api_call | Recherche des offres pour le code ROME : F1605, range : offres 1200-1349/1398
2026-06-06 07:17:09,165 | INFO | scripts.francetravail_api_call | Recherche des offres pour le code ROME : M1705, range : offres 0-149/697
2026-06-06 07:17:10,567 | INFO | scripts.francetravail_api_call | Recherche des offres pour le code ROME : M1705, range : offres 150-299/697
2026-06-06 07:17:11,968 | INFO | scripts.francetravail_api_call | Recherche des offres pour le code ROME : M1705, range : offres 300-449/697
2026-06-06 07:17:13,375 | INFO | scripts.francetravail_api_call | Recherche des offres pour le code ROME : M1705, range : offres 450-599/697
2026-06-06 07:17:19,566 | INFO | scripts.francetravail_api_call | Recherche des offres pour le code ROME : E1103, range : offres 0-149/306
2026-06-06 07:17:20,642 | INFO | scripts.francetravail_api_call | Recherche des offres pour le code ROME : E1103, range : offres 150-299/306
2026-06-06 07:17:23,002 | INFO | scripts.francetravail_api_call | Recherche des offres pour le code ROME : E1205, range : offres 0-149/234
2026-06-06 07:17:26,711 | INFO | scripts.francetravail_api_call | Recherche des offres pour le code ROME : M1402, range : offres 0-149/373
2026-06-06 07:17:28,317 | INFO | scripts.francetravail_api_call | Recherche des offres pour le code ROME : M1402, range : offres 150-299/373
2026-06-06 07:17:32,354 | INFO | scripts.francetravail_api_call | Recherche des offres pour le code ROME : F1106, range : offres 0-149/907
2026-06-06 07:17:33,461 | INFO | scripts.francetravail_api_call | Recherche des offres pour le code ROME : F1106, range : offres 150-299/907
2026-06-06 07:17:34,609 | INFO | scripts.francetravail_api_call | Recherche des offres pour le code ROME : F1106, range : offres 300-449/907
2026-06-06 07:17:36,370 | INFO | scripts.francetravail_api_call | Recherche des offres pour le code ROME : F1106, range : offres 450-599/907
2026-06-06 07:17:38,284 | INFO | scripts.francetravail_api_call | Recherche des offres pour le code ROME : F1106, range : offres 600-749/907
2026-06-06 07:17:39,508 | INFO | scripts.francetravail_api_call | Recherche des offres pour le code ROME : F1106, range : offres 750-899/907
2026-06-06 07:17:41,992 | INFO | scripts.francetravail_api_call | Recherche des offres pour le code ROME : H1202, range : offres 0-149/409
2026-06-06 07:17:42,833 | INFO | scripts.francetravail_api_call | Recherche des offres pour le code ROME : H1202, range : offres 150-299/409
2026-06-06 07:17:46,226 | INFO | scripts.francetravail_api_call | Recherche des offres pour le code ROME : H1209, range : offres 0-149/467
2026-06-06 07:17:47,671 | INFO | scripts.francetravail_api_call | Recherche des offres pour le code ROME : H1209, range : offres 150-299/467
2026-06-06 07:17:48,555 | INFO | scripts.francetravail_api_call | Recherche des offres pour le code ROME : H1209, range : offres 300-449/467
2026-06-06 07:17:55,988 | INFO | scripts.francetravail_api_call | Recherche des offres pour le code ROME : M1707, range : offres 0-149/1319
2026-06-06 07:17:57,378 | INFO | scripts.francetravail_api_call | Recherche des offres pour le code ROME : M1707, range : offres 150-299/1319
2026-06-06 07:17:58,416 | INFO | scripts.francetravail_api_call | Recherche des offres pour le code ROME : M1707, range : offres 300-449/1319
2026-06-06 07:17:59,470 | INFO | scripts.francetravail_api_call | Recherche des offres pour le code ROME : M1707, range : offres 450-599/1319
2026-06-06 07:18:00,550 | INFO | scripts.francetravail_api_call | Recherche des offres pour le code ROME : M1707, range : offres 600-749/1319
2026-06-06 07:18:02,210 | INFO | scripts.francetravail_api_call | Recherche des offres pour le code ROME : M1707, range : offres 750-899/1319
2026-06-06 07:18:03,847 | INFO | scripts.francetravail_api_call | Recherche des offres pour le code ROME : M1707, range : offres 900-1049/1319
2026-06-06 07:18:05,048 | INFO | scripts.francetravail_api_call | Recherche des offres pour le code ROME : M1707, range : offres 1050-1199/1319
2026-06-06 07:18:09,817 | INFO | scripts.francetravail_api_call | Recherche des offres pour le code ROME : M1206, range : offres 0-149/1214
2026-06-06 07:18:10,838 | INFO | scripts.francetravail_api_call | Recherche des offres pour le code ROME : M1206, range : offres 150-299/1214
2026-06-06 07:18:11,780 | INFO | scripts.francetravail_api_call | Recherche des offres pour le code ROME : M1206, range : offres 300-449/1214
2026-06-06 07:18:13,109 | INFO | scripts.francetravail_api_call | Recherche des offres pour le code ROME : M1206, range : offres 450-599/1214
2026-06-06 07:18:14,165 | INFO | scripts.francetravail_api_call | Recherche des offres pour le code ROME : M1206, range : offres 600-749/1214
2026-06-06 07:18:15,078 | INFO | scripts.francetravail_api_call | Recherche des offres pour le code ROME : M1206, range : offres 750-899/1214
2026-06-06 07:18:16,058 | INFO | scripts.francetravail_api_call | Recherche des offres pour le code ROME : M1206, range : offres 900-1049/1214
2026-06-06 07:18:16,997 | INFO | scripts.francetravail_api_call | Recherche des offres pour le code ROME : M1206, range : offres 1050-1199/1214
2026-06-06 07:18:20,760 | INFO | scripts.francetravail_api_call | Recherche des offres pour le code ROME : H1208, range : offres 0-149/545
2026-06-06 07:18:21,898 | INFO | scripts.francetravail_api_call | Recherche des offres pour le code ROME : H1208, range : offres 150-299/545
2026-06-06 07:18:23,873 | INFO | scripts.francetravail_api_call | Recherche des offres pour le code ROME : H1208, range : offres 300-449/545
2026-06-06 07:18:31,342 | INFO | scripts.francetravail_api_call | Recherche des offres pour le code ROME : K2402, range : offres 0-149/233
2026-06-06 07:18:34,432 | INFO | scripts.francetravail_api_call | Recherche des offres pour le code ROME : E1101, range : offres 0-149/184
2026-06-06 07:18:38,168 | INFO | scripts.francetravail_api_call | Recherche des offres pour le code ROME : M1202, range : offres 0-149/796
2026-06-06 07:18:39,385 | INFO | scripts.francetravail_api_call | Recherche des offres pour le code ROME : M1202, range : offres 150-299/796
2026-06-06 07:18:40,178 | INFO | scripts.francetravail_api_call | Recherche des offres pour le code ROME : M1202, range : offres 300-449/796
2026-06-06 07:18:40,886 | INFO | scripts.francetravail_api_call | Recherche des offres pour le code ROME : M1202, range : offres 450-599/796
2026-06-06 07:18:41,684 | INFO | scripts.francetravail_api_call | Recherche des offres pour le code ROME : M1202, range : offres 600-749/796
2026-06-06 07:18:43,677 | INFO | scripts.francetravail_api_call | Recherche des offres pour le code ROME : M1204, range : offres 0-149/1200
2026-06-06 07:18:44,810 | INFO | scripts.francetravail_api_call | Recherche des offres pour le code ROME : M1204, range : offres 150-299/1200
2026-06-06 07:18:45,958 | INFO | scripts.francetravail_api_call | Recherche des offres pour le code ROME : M1204, range : offres 300-449/1200
2026-06-06 07:18:47,350 | INFO | scripts.francetravail_api_call | Recherche des offres pour le code ROME : M1204, range : offres 450-599/1200
2026-06-06 07:18:48,237 | INFO | scripts.francetravail_api_call | Recherche des offres pour le code ROME : M1204, range : offres 600-749/1200
2026-06-06 07:18:49,233 | INFO | scripts.francetravail_api_call | Recherche des offres pour le code ROME : M1204, range : offres 750-899/1200
2026-06-06 07:18:50,257 | INFO | scripts.francetravail_api_call | Recherche des offres pour le code ROME : M1204, range : offres 900-1049/1200
2026-06-06 07:18:51,468 | INFO | scripts.francetravail_api_call | Recherche des offres pour le code ROME : M1204, range : offres 1050-1199/1200
